site,label_site,wildtype,mutation,condition,protein_chain,protein_site,site_max_ES,mut_percentage
2,2,E,A,Round 1,A,2,-1.285776485201732,0.0
2,2,E,D,Round 1,A,2,-1.285776485201732,0.0
3,3,E,A,Round 1,A,3,-1.359777066645509,0.0
3,3,E,D,Round 1,A,3,-1.359777066645509,0.0
4,4,T,A,Round 1,A,4,0.9621510282418536,0.0
4,4,T,D,Round 1,A,4,0.9621510282418536,0.0
4,4,T,E,Round 1,A,4,0.9621510282418536,0.0
4,4,T,F,Round 1,A,4,0.9621510282418536,0.0
4,4,T,G,Round 1,A,4,0.9621510282418536,0.0
4,4,T,H,Round 1,A,4,0.9621510282418536,0.0
4,4,T,I,Round 1,A,4,0.9621510282418536,0.0
4,4,T,K,Round 1,A,4,0.9621510282418536,0.0
4,4,T,L,Round 1,A,4,0.9621510282418536,0.0
4,4,T,M,Round 1,A,4,0.9621510282418536,0.0
4,4,T,N,Round 1,A,4,0.9621510282418536,0.0
4,4,T,P,Round 1,A,4,0.9621510282418536,0.0
4,4,T,Q,Round 1,A,4,0.9621510282418536,99.99999998999999
4,4,T,R,Round 1,A,4,0.9621510282418536,0.0
4,4,T,S,Round 1,A,4,0.9621510282418536,0.0
5,5,L,A,Round 1,A,5,2.606007218016579,0.0
5,5,L,D,Round 1,A,5,2.606007218016579,0.0
5,5,L,E,Round 1,A,5,2.606007218016579,0.0
5,5,L,F,Round 1,A,5,2.606007218016579,0.0
5,5,L,G,Round 1,A,5,2.606007218016579,0.0
5,5,L,H,Round 1,A,5,2.606007218016579,0.0
5,5,L,I,Round 1,A,5,2.606007218016579,0.0
5,5,L,K,Round 1,A,5,2.606007218016579,0.0
6,6,E,A,Round 1,A,6,-0.7008139844805757,0.0
6,6,E,D,Round 1,A,6,-0.7008139844805757,0.0
7,7,K,A,Round 1,A,7,-2.037848971758147,0.0
7,7,K,D,Round 1,A,7,-2.037848971758147,0.0
7,7,K,E,Round 1,A,7,-2.037848971758147,0.0
7,7,K,F,Round 1,A,7,-2.037848971758147,0.0
7,7,K,G,Round 1,A,7,-2.037848971758147,0.0
7,7,K,H,Round 1,A,7,-2.037848971758147,0.0
7,7,K,I,Round 1,A,7,-2.037848971758147,0.0
10,10,K,A,Round 1,A,10,-1.622811472479302,0.0
10,10,K,D,Round 1,A,10,-1.622811472479302,0.0
10,10,K,E,Round 1,A,10,-1.622811472479302,0.0
10,10,K,F,Round 1,A,10,-1.622811472479302,0.0
10,10,K,G,Round 1,A,10,-1.622811472479302,0.0
10,10,K,H,Round 1,A,10,-1.622811472479302,0.0
10,10,K,I,Round 1,A,10,-1.622811472479302,0.0
11,11,L,A,Round 1,A,11,1.274095034556594,0.0
11,11,L,D,Round 1,A,11,1.274095034556594,0.0
11,11,L,E,Round 1,A,11,1.274095034556594,0.0
11,11,L,F,Round 1,A,11,1.274095034556594,0.0
11,11,L,G,Round 1,A,11,1.274095034556594,0.0
11,11,L,H,Round 1,A,11,1.274095034556594,0.0
11,11,L,I,Round 1,A,11,1.274095034556594,99.99999999411764
11,11,L,K,Round 1,A,11,1.274095034556594,0.0
12,12,K,A,Round 1,A,12,-1.622811472479302,0.0
12,12,K,D,Round 1,A,12,-1.622811472479302,0.0
12,12,K,E,Round 1,A,12,-1.622811472479302,0.0
12,12,K,F,Round 1,A,12,-1.622811472479302,0.0
12,12,K,G,Round 1,A,12,-1.622811472479302,0.0
12,12,K,H,Round 1,A,12,-1.622811472479302,0.0
12,12,K,I,Round 1,A,12,-1.622811472479302,0.0
13,13,E,A,Round 1,A,13,-1.037848971758146,0.0
13,13,E,D,Round 1,A,13,-1.037848971758146,99.99999989999999
14,14,E,A,Round 1,A,14,-0.6228114724793025,0.0
14,14,E,D,Round 1,A,14,-0.6228114724793025,0.0
15,15,G,A,Round 1,A,15,-1.622811472479302,0.0
15,15,G,D,Round 1,A,15,-1.622811472479302,0.0
15,15,G,E,Round 1,A,15,-1.622811472479302,0.0
15,15,G,F,Round 1,A,15,-1.622811472479302,0.0
16,16,N,A,Round 1,A,16,2.734740532138781,35.2941176466436
16,16,N,D,Round 1,A,16,2.734740532138781,0.0
16,16,N,E,Round 1,A,16,2.734740532138781,0.0
16,16,N,F,Round 1,A,16,2.734740532138781,0.0
16,16,N,G,Round 1,A,16,2.734740532138781,0.0
16,16,N,H,Round 1,A,16,2.734740532138781,17.6470588233218
16,16,N,I,Round 1,A,16,2.734740532138781,0.0
16,16,N,K,Round 1,A,16,2.734740532138781,47.05882352885813
16,16,N,L,Round 1,A,16,2.734740532138781,0.0
16,16,N,M,Round 1,A,16,2.734740532138781,0.0
17,17,T,A,Round 1,A,17,3.614227724821547,0.0
17,17,T,D,Round 1,A,17,3.614227724821547,0.0
17,17,T,E,Round 1,A,17,3.614227724821547,0.0
17,17,T,F,Round 1,A,17,3.614227724821547,0.0
17,17,T,G,Round 1,A,17,3.614227724821547,1.1235955056053528
17,17,T,H,Round 1,A,17,3.614227724821547,0.0
17,17,T,I,Round 1,A,17,3.614227724821547,0.0
17,17,T,K,Round 1,A,17,3.614227724821547,0.0
17,17,T,L,Round 1,A,17,3.614227724821547,0.0
17,17,T,M,Round 1,A,17,3.614227724821547,0.0
17,17,T,N,Round 1,A,17,3.614227724821547,0.0
17,17,T,P,Round 1,A,17,3.614227724821547,97.7528089876657
17,17,T,Q,Round 1,A,17,3.614227724821547,1.1235955056053528
17,17,T,R,Round 1,A,17,3.614227724821547,0.0
17,17,T,S,Round 1,A,17,3.614227724821547,0.0
18,18,E,A,Round 1,A,18,-0.3597770666455088,0.0
18,18,E,D,Round 1,A,18,-0.3597770666455088,0.0
19,19,E,A,Round 1,A,19,-1.944739567366665,0.0
19,19,E,D,Round 1,A,19,-1.944739567366665,0.0
21,21,S,A,Round 1,A,21,-1.622811472479302,0.0
21,21,S,D,Round 1,A,21,-1.622811472479302,0.0
21,21,S,E,Round 1,A,21,-1.622811472479302,0.0
21,21,S,F,Round 1,A,21,-1.622811472479302,0.0
21,21,S,G,Round 1,A,21,-1.622811472479302,0.0
21,21,S,H,Round 1,A,21,-1.622811472479302,0.0
21,21,S,I,Round 1,A,21,-1.622811472479302,0.0
21,21,S,K,Round 1,A,21,-1.622811472479302,0.0
21,21,S,L,Round 1,A,21,-1.622811472479302,0.0
21,21,S,M,Round 1,A,21,-1.622811472479302,0.0
21,21,S,N,Round 1,A,21,-1.622811472479302,0.0
21,21,S,P,Round 1,A,21,-1.622811472479302,0.0
21,21,S,Q,Round 1,A,21,-1.622811472479302,0.0
21,21,S,R,Round 1,A,21,-1.622811472479302,0.0
22,22,E,A,Round 1,A,22,-1.738288689899239,0.0
22,22,E,D,Round 1,A,22,-1.738288689899239,0.0
23,23,K,A,Round 1,A,23,-1.738288689899239,0.0
23,23,K,D,Round 1,A,23,-1.738288689899239,0.0
23,23,K,E,Round 1,A,23,-1.738288689899239,0.0
23,23,K,F,Round 1,A,23,-1.738288689899239,0.0
23,23,K,G,Round 1,A,23,-1.738288689899239,0.0
23,23,K,H,Round 1,A,23,-1.738288689899239,0.0
23,23,K,I,Round 1,A,23,-1.738288689899239,0.0
24,24,L,A,Round 1,A,24,-1.497280590395444,0.0
24,24,L,D,Round 1,A,24,-1.497280590395444,0.0
24,24,L,E,Round 1,A,24,-1.497280590395444,0.0
24,24,L,F,Round 1,A,24,-1.497280590395444,0.0
24,24,L,G,Round 1,A,24,-1.497280590395444,0.0
24,24,L,H,Round 1,A,24,-1.497280590395444,0.0
24,24,L,I,Round 1,A,24,-1.497280590395444,0.0
24,24,L,K,Round 1,A,24,-1.497280590395444,0.0
25,25,K,A,Round 1,A,25,-1.497280590395444,0.0
25,25,K,D,Round 1,A,25,-1.497280590395444,0.0
25,25,K,E,Round 1,A,25,-1.497280590395444,0.0
25,25,K,F,Round 1,A,25,-1.497280590395444,0.0
25,25,K,G,Round 1,A,25,-1.497280590395444,99.99999989999999
25,25,K,H,Round 1,A,25,-1.497280590395444,0.0
25,25,K,I,Round 1,A,25,-1.497280590395444,0.0
26,26,E,A,Round 1,A,26,2.45965068771267,0.0
26,26,E,D,Round 1,A,26,2.45965068771267,0.0
28,28,M,A,Round 1,A,28,3.925625152216739,0.0
28,28,M,D,Round 1,A,28,3.925625152216739,0.0
28,28,M,E,Round 1,A,28,3.925625152216739,0.0
28,28,M,F,Round 1,A,28,3.925625152216739,0.0
28,28,M,G,Round 1,A,28,3.925625152216739,0.0
28,28,M,H,Round 1,A,28,3.925625152216739,0.0
28,28,M,I,Round 1,A,28,3.925625152216739,0.0
28,28,M,K,Round 1,A,28,3.925625152216739,0.0
28,28,M,L,Round 1,A,28,3.925625152216739,0.0
29,29,K,A,Round 1,A,29,1.125649760524733,0.0
29,29,K,D,Round 1,A,29,1.125649760524733,0.0
29,29,K,E,Round 1,A,29,1.125649760524733,99.99999999230769
29,29,K,F,Round 1,A,29,1.125649760524733,0.0
29,29,K,G,Round 1,A,29,1.125649760524733,0.0
29,29,K,H,Round 1,A,29,1.125649760524733,0.0
29,29,K,I,Round 1,A,29,1.125649760524733,0.0
30,30,K,A,Round 1,A,30,-1.359777066645509,0.0
30,30,K,D,Round 1,A,30,-1.359777066645509,0.0
30,30,K,E,Round 1,A,30,-1.359777066645509,0.0
30,30,K,F,Round 1,A,30,-1.359777066645509,0.0
30,30,K,G,Round 1,A,30,-1.359777066645509,0.0
30,30,K,H,Round 1,A,30,-1.359777066645509,0.0
30,30,K,I,Round 1,A,30,-1.359777066645509,0.0
31,31,S,A,Round 1,A,31,-1.037848971758146,0.0
31,31,S,D,Round 1,A,31,-1.037848971758146,0.0
31,31,S,E,Round 1,A,31,-1.037848971758146,0.0
31,31,S,F,Round 1,A,31,-1.037848971758146,0.0
31,31,S,G,Round 1,A,31,-1.037848971758146,0.0
31,31,S,H,Round 1,A,31,-1.037848971758146,0.0
31,31,S,I,Round 1,A,31,-1.037848971758146,0.0
31,31,S,K,Round 1,A,31,-1.037848971758146,0.0
31,31,S,L,Round 1,A,31,-1.037848971758146,0.0
31,31,S,M,Round 1,A,31,-1.037848971758146,0.0
31,31,S,N,Round 1,A,31,-1.037848971758146,0.0
31,31,S,P,Round 1,A,31,-1.037848971758146,0.0
31,31,S,Q,Round 1,A,31,-1.037848971758146,0.0
31,31,S,R,Round 1,A,31,-1.037848971758146,0.0
32,32,L,A,Round 1,A,32,-1.622811472479302,0.0
32,32,L,D,Round 1,A,32,-1.622811472479302,0.0
32,32,L,E,Round 1,A,32,-1.622811472479302,0.0
32,32,L,F,Round 1,A,32,-1.622811472479302,0.0
32,32,L,G,Round 1,A,32,-1.622811472479302,0.0
32,32,L,H,Round 1,A,32,-1.622811472479302,0.0
32,32,L,I,Round 1,A,32,-1.622811472479302,0.0
32,32,L,K,Round 1,A,32,-1.622811472479302,0.0
33,33,E,A,Round 1,A,33,-2.125311813008486,0.0
33,33,E,D,Round 1,A,33,-2.125311813008486,0.0
34,34,E,A,Round 1,A,34,-1.207773973200459,0.0
34,34,E,D,Round 1,A,34,-1.207773973200459,0.0
35,35,G,A,Round 1,A,35,2.564815530696469,0.0
35,35,G,C,Round 1,A,35,2.564815530696469,0.0
35,35,G,D,Round 1,A,35,2.564815530696469,0.0
35,35,G,E,Round 1,A,35,2.564815530696469,0.0
35,35,G,F,Round 1,A,35,2.564815530696469,0.0
36,36,D,A,Round 1,A,36,4.92562515221674,0.0
36,36,D,C,Round 1,A,36,4.92562515221674,1.2820512820348455
37,37,Y,A,Round 1,A,37,-1.84520389381575,0.0
37,37,Y,D,Round 1,A,37,-1.84520389381575,0.0
37,37,Y,E,Round 1,A,37,-1.84520389381575,0.0
37,37,Y,F,Round 1,A,37,-1.84520389381575,0.0
37,37,Y,G,Round 1,A,37,-1.84520389381575,0.0
37,37,Y,H,Round 1,A,37,-1.84520389381575,0.0
37,37,Y,I,Round 1,A,37,-1.84520389381575,0.0
37,37,Y,K,Round 1,A,37,-1.84520389381575,0.0
37,37,Y,L,Round 1,A,37,-1.84520389381575,0.0
37,37,Y,M,Round 1,A,37,-1.84520389381575,0.0
37,37,Y,N,Round 1,A,37,-1.84520389381575,0.0
37,37,Y,P,Round 1,A,37,-1.84520389381575,0.0
37,37,Y,Q,Round 1,A,37,-1.84520389381575,0.0
37,37,Y,R,Round 1,A,37,-1.84520389381575,0.0
37,37,Y,S,Round 1,A,37,-1.84520389381575,0.0
37,37,Y,T,Round 1,A,37,-1.84520389381575,0.0
37,37,Y,V,Round 1,A,37,-1.84520389381575,0.0
37,37,Y,W,Round 1,A,37,-1.84520389381575,0.0
38,38,E,A,Round 1,A,38,5.634576370213349,0.0
38,38,E,D,Round 1,A,38,5.634576370213349,0.0
39,39,N,A,Round 1,A,39,3.606007218016578,0.0
39,39,N,D,Round 1,A,39,3.606007218016578,0.0
39,39,N,E,Round 1,A,39,3.606007218016578,0.0
39,39,N,F,Round 1,A,39,3.606007218016578,30.18867924499822
39,39,N,G,Round 1,A,39,3.606007218016578,0.0
39,39,N,H,Round 1,A,39,3.606007218016578,0.0
39,39,N,I,Round 1,A,39,3.606007218016578,0.0
39,39,N,K,Round 1,A,39,3.606007218016578,0.0
39,39,N,L,Round 1,A,39,3.606007218016578,0.0
39,39,N,M,Round 1,A,39,3.606007218016578,0.0
40,40,Y,A,Round 1,A,40,-1.84520389381575,0.0
40,40,Y,D,Round 1,A,40,-1.84520389381575,0.0
40,40,Y,E,Round 1,A,40,-1.84520389381575,0.0
40,40,Y,F,Round 1,A,40,-1.84520389381575,0.0
40,40,Y,G,Round 1,A,40,-1.84520389381575,0.0
40,40,Y,H,Round 1,A,40,-1.84520389381575,0.0
40,40,Y,I,Round 1,A,40,-1.84520389381575,0.0
40,40,Y,K,Round 1,A,40,-1.84520389381575,0.0
40,40,Y,L,Round 1,A,40,-1.84520389381575,0.0
40,40,Y,M,Round 1,A,40,-1.84520389381575,0.0
40,40,Y,N,Round 1,A,40,-1.84520389381575,0.0
40,40,Y,P,Round 1,A,40,-1.84520389381575,0.0
40,40,Y,Q,Round 1,A,40,-1.84520389381575,0.0
40,40,Y,R,Round 1,A,40,-1.84520389381575,0.0
40,40,Y,S,Round 1,A,40,-1.84520389381575,0.0
40,40,Y,T,Round 1,A,40,-1.84520389381575,0.0
40,40,Y,V,Round 1,A,40,-1.84520389381575,0.0
40,40,Y,W,Round 1,A,40,-1.84520389381575,0.0
41,41,T,A,Round 1,A,41,3.299186015519424,0.0
41,41,T,C,Round 1,A,41,3.299186015519424,0.0
41,41,T,D,Round 1,A,41,3.299186015519424,0.0
41,41,T,E,Round 1,A,41,3.299186015519424,0.0
41,41,T,F,Round 1,A,41,3.299186015519424,0.0
41,41,T,G,Round 1,A,41,3.299186015519424,0.0
41,41,T,H,Round 1,A,41,3.299186015519424,0.0
41,41,T,I,Round 1,A,41,3.299186015519424,0.0
41,41,T,K,Round 1,A,41,3.299186015519424,0.0
41,41,T,L,Round 1,A,41,3.299186015519424,0.0
41,41,T,M,Round 1,A,41,3.299186015519424,0.0
41,41,T,N,Round 1,A,41,3.299186015519424,0.0
41,41,T,P,Round 1,A,41,3.299186015519424,99.99999999787235
41,41,T,Q,Round 1,A,41,3.299186015519424,0.0
41,41,T,R,Round 1,A,41,3.299186015519424,0.0
41,41,T,S,Round 1,A,41,3.299186015519424,0.0
42,42,R,A,Round 1,A,42,6.736938087843027,0.0
42,42,R,C,Round 1,A,42,6.736938087843027,0.0
42,42,R,D,Round 1,A,42,6.736938087843027,0.0
42,42,R,E,Round 1,A,42,6.736938087843027,0.0
42,42,R,F,Round 1,A,42,6.736938087843027,12.044231918705306
42,42,R,G,Round 1,A,42,6.736938087843027,6.515242080093689
42,42,R,H,Round 1,A,42,6.736938087843027,1.5839808726833282
42,42,R,I,Round 1,A,42,6.736938087843027,14.763897190671022
42,42,R,K,Round 1,A,42,6.736938087843027,0.0
42,42,R,L,Round 1,A,42,6.736938087843027,14.614465032870708
42,42,R,M,Round 1,A,42,6.736938087843027,10.908547519422921
42,42,R,N,Round 1,A,42,6.736938087843027,0.0
42,42,R,P,Round 1,A,42,6.736938087843027,0.0
42,42,R,Q,Round 1,A,42,6.736938087843027,3.1679617453666564
43,43,F,A,Round 1,A,43,1.962151028241854,0.0
43,43,F,C,Round 1,A,43,1.962151028241854,0.0
43,43,F,D,Round 1,A,43,1.962151028241854,0.0
43,43,F,E,Round 1,A,43,1.962151028241854,0.0
44,44,L,A,Round 1,A,44,3.272491148854004,1.6129032257804372
44,44,L,D,Round 1,A,44,3.272491148854004,0.0
44,44,L,E,Round 1,A,44,3.272491148854004,0.0
44,44,L,F,Round 1,A,44,3.272491148854004,0.0
44,44,L,G,Round 1,A,44,3.272491148854004,0.0
44,44,L,H,Round 1,A,44,3.272491148854004,0.0
44,44,L,I,Round 1,A,44,3.272491148854004,98.38709677260667
44,44,L,K,Round 1,A,44,3.272491148854004,0.0
45,45,I,A,Round 1,A,45,-0.3597770666455088,0.0
45,45,I,D,Round 1,A,45,-0.3597770666455088,0.0
45,45,I,E,Round 1,A,45,-0.3597770666455088,0.0
45,45,I,F,Round 1,A,45,-0.3597770666455088,0.0
45,45,I,G,Round 1,A,45,-0.3597770666455088,0.0
45,45,I,H,Round 1,A,45,-0.3597770666455088,0.0
46,46,L,A,Round 1,A,46,-1.944739567366665,0.0
46,46,L,D,Round 1,A,46,-1.944739567366665,0.0
46,46,L,E,Round 1,A,46,-1.944739567366665,0.0
46,46,L,F,Round 1,A,46,-1.944739567366665,0.0
46,46,L,G,Round 1,A,46,-1.944739567366665,0.0
46,46,L,H,Round 1,A,46,-1.944739567366665,0.0
46,46,L,I,Round 1,A,46,-1.944739567366665,0.0
46,46,L,K,Round 1,A,46,-1.944739567366665,0.0
47,47,N,A,Round 1,A,47,4.061686701792768,0.0
47,47,N,D,Round 1,A,47,4.061686701792768,0.0
47,47,N,E,Round 1,A,47,4.061686701792768,0.0
47,47,N,F,Round 1,A,47,4.061686701792768,0.0
47,47,N,G,Round 1,A,47,4.061686701792768,0.0
47,47,N,H,Round 1,A,47,4.061686701792768,0.0
47,47,N,I,Round 1,A,47,4.061686701792768,18.13186813176851
47,47,N,K,Round 1,A,47,4.061686701792768,0.0
47,47,N,L,Round 1,A,47,4.061686701792768,0.0
47,47,N,M,Round 1,A,47,4.061686701792768,0.0
48,48,F,A,Round 1,A,48,-1.497280590395444,0.0
48,48,F,D,Round 1,A,48,-1.497280590395444,0.0
48,48,F,E,Round 1,A,48,-1.497280590395444,0.0
49,49,Q,A,Round 1,A,49,5.873043554407868,0.11876484560555967
49,49,Q,D,Round 1,A,49,5.873043554407868,0.0
49,49,Q,E,Round 1,A,49,5.873043554407868,0.0
49,49,Q,F,Round 1,A,49,5.873043554407868,14.37054631827272
49,49,Q,G,Round 1,A,49,5.873043554407868,0.0
49,49,Q,H,Round 1,A,49,5.873043554407868,0.0
49,49,Q,I,Round 1,A,49,5.873043554407868,0.0
49,49,Q,K,Round 1,A,49,5.873043554407868,0.0
49,49,Q,L,Round 1,A,49,5.873043554407868,0.0
49,49,Q,M,Round 1,A,49,5.873043554407868,0.0
49,49,Q,N,Round 1,A,49,5.873043554407868,0.0
49,49,Q,P,Round 1,A,49,5.873043554407868,0.0
50,50,W,A,Round 1,A,50,-1.359777066645509,0.0
50,50,W,D,Round 1,A,50,-1.359777066645509,0.0
50,50,W,E,Round 1,A,50,-1.359777066645509,0.0
50,50,W,F,Round 1,A,50,-1.359777066645509,0.0
50,50,W,G,Round 1,A,50,-1.359777066645509,0.0
50,50,W,H,Round 1,A,50,-1.359777066645509,0.0
50,50,W,I,Round 1,A,50,-1.359777066645509,0.0
50,50,W,K,Round 1,A,50,-1.359777066645509,0.0
50,50,W,L,Round 1,A,50,-1.359777066645509,0.0
50,50,W,M,Round 1,A,50,-1.359777066645509,0.0
50,50,W,N,Round 1,A,50,-1.359777066645509,0.0
50,50,W,P,Round 1,A,50,-1.359777066645509,0.0
50,50,W,Q,Round 1,A,50,-1.359777066645509,0.0
50,50,W,R,Round 1,A,50,-1.359777066645509,0.0
50,50,W,S,Round 1,A,50,-1.359777066645509,0.0
50,50,W,T,Round 1,A,50,-1.359777066645509,0.0
50,50,W,V,Round 1,A,50,-1.359777066645509,0.0
51,51,T,A,Round 1,A,51,2.940124721911855,0.0
51,51,T,D,Round 1,A,51,2.940124721911855,0.0
51,51,T,E,Round 1,A,51,2.940124721911855,0.0
51,51,T,F,Round 1,A,51,2.940124721911855,0.0
51,51,T,G,Round 1,A,51,2.940124721911855,0.0
51,51,T,H,Round 1,A,51,2.940124721911855,0.0
51,51,T,I,Round 1,A,51,2.940124721911855,0.0
51,51,T,K,Round 1,A,51,2.940124721911855,0.0
51,51,T,L,Round 1,A,51,2.940124721911855,0.0
51,51,T,M,Round 1,A,51,2.940124721911855,0.0
51,51,T,N,Round 1,A,51,2.940124721911855,0.0
51,51,T,P,Round 1,A,51,2.940124721911855,0.0
51,51,T,Q,Round 1,A,51,2.940124721911855,0.0
51,51,T,R,Round 1,A,51,2.940124721911855,0.0
51,51,T,S,Round 1,A,51,2.940124721911855,0.0
52,52,G,A,Round 1,A,52,6.100151262287929,0.0
52,52,G,C,Round 1,A,52,6.100151262287929,0.0
52,52,G,D,Round 1,A,52,6.100151262287929,0.0
52,52,G,E,Round 1,A,52,6.100151262287929,0.0
52,52,G,F,Round 1,A,52,6.100151262287929,12.330198537082204
53,53,S,A,Round 1,A,53,4.105108982083896,0.0
53,53,S,D,Round 1,A,53,4.105108982083896,0.0
53,53,S,E,Round 1,A,53,4.105108982083896,0.0
53,53,S,F,Round 1,A,53,4.105108982083896,0.0
53,53,S,G,Round 1,A,53,4.105108982083896,0.9433962264061944
53,53,S,H,Round 1,A,53,4.105108982083896,0.0
53,53,S,I,Round 1,A,53,4.105108982083896,0.0
53,53,S,K,Round 1,A,53,4.105108982083896,0.0
53,53,S,L,Round 1,A,53,4.105108982083896,0.0
53,53,S,M,Round 1,A,53,4.105108982083896,0.0
53,53,S,N,Round 1,A,53,4.105108982083896,0.0
53,53,S,P,Round 1,A,53,4.105108982083896,0.0
53,53,S,Q,Round 1,A,53,4.105108982083896,0.0
53,53,S,R,Round 1,A,53,4.105108982083896,0.0
54,54,S,A,Round 1,A,54,3.140488269500366,0.0
54,54,S,D,Round 1,A,54,3.140488269500366,0.0
54,54,S,E,Round 1,A,54,3.140488269500366,0.0
54,54,S,F,Round 1,A,54,3.140488269500366,0.0
54,54,S,G,Round 1,A,54,3.140488269500366,0.0
54,54,S,H,Round 1,A,54,3.140488269500366,0.0
54,54,S,I,Round 1,A,54,3.140488269500366,0.0
54,54,S,K,Round 1,A,54,3.140488269500366,0.0
54,54,S,L,Round 1,A,54,3.140488269500366,0.0
54,54,S,M,Round 1,A,54,3.140488269500366,0.0
54,54,S,N,Round 1,A,54,3.140488269500366,0.0
54,54,S,P,Round 1,A,54,3.140488269500366,0.0
54,54,S,Q,Round 1,A,54,3.140488269500366,0.0
54,54,S,R,Round 1,A,54,3.140488269500366,0.0
55,55,E,A,Round 1,A,55,-1.125311813008486,0.0
55,55,E,D,Round 1,A,55,-1.125311813008486,0.0
56,56,T,A,Round 1,A,56,-1.622811472479302,0.0
56,56,T,D,Round 1,A,56,-1.622811472479302,0.0
56,56,T,E,Round 1,A,56,-1.622811472479302,0.0
56,56,T,F,Round 1,A,56,-1.622811472479302,0.0
56,56,T,G,Round 1,A,56,-1.622811472479302,0.0
56,56,T,H,Round 1,A,56,-1.622811472479302,0.0
56,56,T,I,Round 1,A,56,-1.622811472479302,0.0
56,56,T,K,Round 1,A,56,-1.622811472479302,0.0
56,56,T,L,Round 1,A,56,-1.622811472479302,0.0
56,56,T,M,Round 1,A,56,-1.622811472479302,0.0
56,56,T,N,Round 1,A,56,-1.622811472479302,0.0
56,56,T,P,Round 1,A,56,-1.622811472479302,0.0
56,56,T,Q,Round 1,A,56,-1.622811472479302,0.0
56,56,T,R,Round 1,A,56,-1.622811472479302,0.0
56,56,T,S,Round 1,A,56,-1.622811472479302,0.0
59,59,E,A,Round 1,A,59,-1.622811472479302,0.0
59,59,E,D,Round 1,A,59,-1.622811472479302,0.0
60,60,N,A,Round 1,A,60,2.629575689154983,0.0
60,60,N,D,Round 1,A,60,2.629575689154983,0.0
60,60,N,E,Round 1,A,60,2.629575689154983,0.0
60,60,N,F,Round 1,A,60,2.629575689154983,0.0
60,60,N,G,Round 1,A,60,2.629575689154983,0.0
60,60,N,H,Round 1,A,60,2.629575689154983,99.99999999615385
60,60,N,I,Round 1,A,60,2.629575689154983,0.0
60,60,N,K,Round 1,A,60,2.629575689154983,0.0
60,60,N,L,Round 1,A,60,2.629575689154983,0.0
60,60,N,M,Round 1,A,60,2.629575689154983,0.0
62,62,K,A,Round 1,A,62,2.606007218016578,0.0
62,62,K,D,Round 1,A,62,2.606007218016578,0.0
62,62,K,E,Round 1,A,62,2.606007218016578,0.0
62,62,K,F,Round 1,A,62,2.606007218016578,99.99999999583333
62,62,K,G,Round 1,A,62,2.606007218016578,0.0
62,62,K,H,Round 1,A,62,2.606007218016578,0.0
62,62,K,I,Round 1,A,62,2.606007218016578,0.0
63,63,E,A,Round 1,A,63,-1.622811472479302,0.0
63,63,E,D,Round 1,A,63,-1.622811472479302,0.0
65,65,E,A,Round 1,A,65,2.16145983646526,0.0
65,65,E,D,Round 1,A,65,2.16145983646526,0.0
65,65,E,F,Round 1,A,65,2.16145983646526,0.0
65,65,E,G,Round 1,A,65,2.16145983646526,0.0
65,65,E,H,Round 1,A,65,2.16145983646526,0.0
65,65,E,I,Round 1,A,65,2.16145983646526,0.0
65,65,E,K,Round 1,A,65,2.16145983646526,0.0
65,65,E,L,Round 1,A,65,2.16145983646526,99.99999999666667
65,65,E,M,Round 1,A,65,2.16145983646526,0.0
65,65,E,N,Round 1,A,65,2.16145983646526,0.0
65,65,E,P,Round 1,A,65,2.16145983646526,0.0
65,65,E,Q,Round 1,A,65,2.16145983646526,0.0
65,65,E,R,Round 1,A,65,2.16145983646526,0.0
65,65,E,S,Round 1,A,65,2.16145983646526,0.0
65,65,E,T,Round 1,A,65,2.16145983646526,0.0
65,65,E,V,Round 1,A,65,2.16145983646526,0.0
65,65,E,W,Round 1,A,65,2.16145983646526,0.0
65,65,E,Y,Round 1,A,65,2.16145983646526,0.0
64,64,A,D,Round 1,A,64,1.801686356048607,0.0
64,64,A,E,Round 1,A,64,1.801686356048607,0.0
64,64,A,F,Round 1,A,64,1.801686356048607,0.0
64,64,A,G,Round 1,A,64,1.801686356048607,0.0
64,64,A,H,Round 1,A,64,1.801686356048607,0.0
64,64,A,I,Round 1,A,64,1.801686356048607,0.0
64,64,A,K,Round 1,A,64,1.801686356048607,0.0
64,64,A,L,Round 1,A,64,1.801686356048607,0.0
64,64,A,M,Round 1,A,64,1.801686356048607,0.0
64,64,A,N,Round 1,A,64,1.801686356048607,0.0
64,64,A,P,Round 1,A,64,1.801686356048607,0.0
64,64,A,Q,Round 1,A,64,1.801686356048607,0.0
64,64,A,R,Round 1,A,64,1.801686356048607,99.99999999375
64,64,A,S,Round 1,A,64,1.801686356048607,0.0
64,64,A,T,Round 1,A,64,1.801686356048607,0.0
64,64,A,V,Round 1,A,64,1.801686356048607,0.0
64,64,A,W,Round 1,A,64,1.801686356048607,0.0
64,64,A,Y,Round 1,A,64,1.801686356048607,0.0
63,63,E,F,Round 1,A,63,-1.622811472479302,0.0
63,63,E,G,Round 1,A,63,-1.622811472479302,0.0
63,63,E,H,Round 1,A,63,-1.622811472479302,0.0
63,63,E,I,Round 1,A,63,-1.622811472479302,0.0
63,63,E,K,Round 1,A,63,-1.622811472479302,0.0
63,63,E,L,Round 1,A,63,-1.622811472479302,0.0
63,63,E,M,Round 1,A,63,-1.622811472479302,0.0
63,63,E,N,Round 1,A,63,-1.622811472479302,0.0
63,63,E,P,Round 1,A,63,-1.622811472479302,0.0
63,63,E,Q,Round 1,A,63,-1.622811472479302,0.0
63,63,E,R,Round 1,A,63,-1.622811472479302,0.0
63,63,E,S,Round 1,A,63,-1.622811472479302,0.0
63,63,E,T,Round 1,A,63,-1.622811472479302,0.0
63,63,E,V,Round 1,A,63,-1.622811472479302,0.0
63,63,E,W,Round 1,A,63,-1.622811472479302,0.0
63,63,E,Y,Round 1,A,63,-1.622811472479302,0.0
62,62,K,L,Round 1,A,62,2.606007218016578,0.0
62,62,K,M,Round 1,A,62,2.606007218016578,0.0
62,62,K,N,Round 1,A,62,2.606007218016578,0.0
62,62,K,P,Round 1,A,62,2.606007218016578,0.0
62,62,K,Q,Round 1,A,62,2.606007218016578,0.0
62,62,K,R,Round 1,A,62,2.606007218016578,0.0
62,62,K,S,Round 1,A,62,2.606007218016578,0.0
62,62,K,T,Round 1,A,62,2.606007218016578,0.0
62,62,K,V,Round 1,A,62,2.606007218016578,0.0
62,62,K,W,Round 1,A,62,2.606007218016578,0.0
62,62,K,Y,Round 1,A,62,2.606007218016578,0.0
61,61,A,D,Round 1,A,61,-1.738288689899239,0.0
61,61,A,E,Round 1,A,61,-1.738288689899239,0.0
61,61,A,F,Round 1,A,61,-1.738288689899239,0.0
61,61,A,G,Round 1,A,61,-1.738288689899239,0.0
61,61,A,H,Round 1,A,61,-1.738288689899239,0.0
61,61,A,I,Round 1,A,61,-1.738288689899239,0.0
61,61,A,K,Round 1,A,61,-1.738288689899239,0.0
61,61,A,L,Round 1,A,61,-1.738288689899239,0.0
61,61,A,M,Round 1,A,61,-1.738288689899239,0.0
61,61,A,N,Round 1,A,61,-1.738288689899239,0.0
61,61,A,P,Round 1,A,61,-1.738288689899239,0.0
61,61,A,Q,Round 1,A,61,-1.738288689899239,0.0
61,61,A,R,Round 1,A,61,-1.738288689899239,0.0
61,61,A,S,Round 1,A,61,-1.738288689899239,0.0
61,61,A,T,Round 1,A,61,-1.738288689899239,0.0
61,61,A,V,Round 1,A,61,-1.738288689899239,0.0
61,61,A,W,Round 1,A,61,-1.738288689899239,0.0
61,61,A,Y,Round 1,A,61,-1.738288689899239,0.0
60,60,N,P,Round 1,A,60,2.629575689154983,0.0
60,60,N,Q,Round 1,A,60,2.629575689154983,0.0
60,60,N,R,Round 1,A,60,2.629575689154983,0.0
60,60,N,S,Round 1,A,60,2.629575689154983,0.0
60,60,N,T,Round 1,A,60,2.629575689154983,0.0
60,60,N,V,Round 1,A,60,2.629575689154983,0.0
60,60,N,W,Round 1,A,60,2.629575689154983,0.0
60,60,N,Y,Round 1,A,60,2.629575689154983,0.0
59,59,E,F,Round 1,A,59,-1.622811472479302,0.0
59,59,E,G,Round 1,A,59,-1.622811472479302,0.0
59,59,E,H,Round 1,A,59,-1.622811472479302,0.0
59,59,E,I,Round 1,A,59,-1.622811472479302,0.0
59,59,E,K,Round 1,A,59,-1.622811472479302,0.0
59,59,E,L,Round 1,A,59,-1.622811472479302,0.0
59,59,E,M,Round 1,A,59,-1.622811472479302,0.0
59,59,E,N,Round 1,A,59,-1.622811472479302,0.0
59,59,E,P,Round 1,A,59,-1.622811472479302,0.0
59,59,E,Q,Round 1,A,59,-1.622811472479302,0.0
59,59,E,R,Round 1,A,59,-1.622811472479302,0.0
59,59,E,S,Round 1,A,59,-1.622811472479302,0.0
59,59,E,T,Round 1,A,59,-1.622811472479302,0.0
59,59,E,V,Round 1,A,59,-1.622811472479302,0.0
59,59,E,W,Round 1,A,59,-1.622811472479302,0.0
59,59,E,Y,Round 1,A,59,-1.622811472479302,0.0
58,58,A,D,Round 1,A,58,-1.207773973200459,0.0
58,58,A,E,Round 1,A,58,-1.207773973200459,0.0
58,58,A,F,Round 1,A,58,-1.207773973200459,0.0
58,58,A,G,Round 1,A,58,-1.207773973200459,0.0
58,58,A,H,Round 1,A,58,-1.207773973200459,0.0
58,58,A,I,Round 1,A,58,-1.207773973200459,0.0
58,58,A,K,Round 1,A,58,-1.207773973200459,0.0
58,58,A,L,Round 1,A,58,-1.207773973200459,0.0
58,58,A,M,Round 1,A,58,-1.207773973200459,0.0
58,58,A,N,Round 1,A,58,-1.207773973200459,0.0
58,58,A,P,Round 1,A,58,-1.207773973200459,0.0
58,58,A,Q,Round 1,A,58,-1.207773973200459,0.0
58,58,A,R,Round 1,A,58,-1.207773973200459,0.0
58,58,A,S,Round 1,A,58,-1.207773973200459,0.0
58,58,A,T,Round 1,A,58,-1.207773973200459,0.0
58,58,A,V,Round 1,A,58,-1.207773973200459,0.0
58,58,A,W,Round 1,A,58,-1.207773973200459,0.0
58,58,A,Y,Round 1,A,58,-1.207773973200459,0.0
57,57,A,D,Round 1,A,57,-1.207773973200459,0.0
57,57,A,E,Round 1,A,57,-1.207773973200459,0.0
57,57,A,F,Round 1,A,57,-1.207773973200459,0.0
57,57,A,G,Round 1,A,57,-1.207773973200459,0.0
57,57,A,H,Round 1,A,57,-1.207773973200459,0.0
57,57,A,I,Round 1,A,57,-1.207773973200459,0.0
57,57,A,K,Round 1,A,57,-1.207773973200459,0.0
57,57,A,L,Round 1,A,57,-1.207773973200459,0.0
57,57,A,M,Round 1,A,57,-1.207773973200459,0.0
57,57,A,N,Round 1,A,57,-1.207773973200459,0.0
57,57,A,P,Round 1,A,57,-1.207773973200459,0.0
57,57,A,Q,Round 1,A,57,-1.207773973200459,0.0
57,57,A,R,Round 1,A,57,-1.207773973200459,0.0
57,57,A,S,Round 1,A,57,-1.207773973200459,0.0
57,57,A,T,Round 1,A,57,-1.207773973200459,99.99999994999999
57,57,A,V,Round 1,A,57,-1.207773973200459,0.0
57,57,A,W,Round 1,A,57,-1.207773973200459,0.0
57,57,A,Y,Round 1,A,57,-1.207773973200459,0.0
56,56,T,V,Round 1,A,56,-1.622811472479302,0.0
56,56,T,W,Round 1,A,56,-1.622811472479302,0.0
56,56,T,Y,Round 1,A,56,-1.622811472479302,0.0
55,55,E,F,Round 1,A,55,-1.125311813008486,0.0
55,55,E,G,Round 1,A,55,-1.125311813008486,0.0
55,55,E,H,Round 1,A,55,-1.125311813008486,0.0
55,55,E,I,Round 1,A,55,-1.125311813008486,99.99999989999999
55,55,E,K,Round 1,A,55,-1.125311813008486,0.0
55,55,E,L,Round 1,A,55,-1.125311813008486,0.0
55,55,E,M,Round 1,A,55,-1.125311813008486,0.0
55,55,E,N,Round 1,A,55,-1.125311813008486,0.0
55,55,E,P,Round 1,A,55,-1.125311813008486,0.0
55,55,E,Q,Round 1,A,55,-1.125311813008486,0.0
55,55,E,R,Round 1,A,55,-1.125311813008486,0.0
55,55,E,S,Round 1,A,55,-1.125311813008486,0.0
55,55,E,T,Round 1,A,55,-1.125311813008486,0.0
55,55,E,V,Round 1,A,55,-1.125311813008486,0.0
55,55,E,W,Round 1,A,55,-1.125311813008486,0.0
55,55,E,Y,Round 1,A,55,-1.125311813008486,0.0
54,54,S,T,Round 1,A,54,3.140488269500366,0.0
54,54,S,V,Round 1,A,54,3.140488269500366,99.99999999761906
54,54,S,W,Round 1,A,54,3.140488269500366,0.0
54,54,S,Y,Round 1,A,54,3.140488269500366,0.0
53,53,S,T,Round 1,A,53,4.105108982083896,0.0
53,53,S,V,Round 1,A,53,4.105108982083896,0.0
53,53,S,W,Round 1,A,53,4.105108982083896,99.0566037726504
53,53,S,Y,Round 1,A,53,4.105108982083896,0.0
52,52,G,H,Round 1,A,52,6.100151262287929,0.0
52,52,G,I,Round 1,A,52,6.100151262287929,2.2988505747102415
52,52,G,K,Round 1,A,52,6.100151262287929,0.0
52,52,G,L,Round 1,A,52,6.100151262287929,1.2539184952964955
52,52,G,M,Round 1,A,52,6.100151262287929,1.5673981191206194
52,52,G,N,Round 1,A,52,6.100151262287929,0.0
52,52,G,P,Round 1,A,52,6.100151262287929,0.0
52,52,G,Q,Round 1,A,52,6.100151262287929,0.0
52,52,G,R,Round 1,A,52,6.100151262287929,0.0
52,52,G,S,Round 1,A,52,6.100151262287929,0.0
52,52,G,T,Round 1,A,52,6.100151262287929,0.0
52,52,G,V,Round 1,A,52,6.100151262287929,0.0
52,52,G,W,Round 1,A,52,6.100151262287929,60.60606060599728
52,52,G,Y,Round 1,A,52,6.100151262287929,21.94357366768867
51,51,T,V,Round 1,A,51,2.940124721911855,0.0
51,51,T,W,Round 1,A,51,2.940124721911855,99.99999999843749
51,51,T,Y,Round 1,A,51,2.940124721911855,0.0
50,50,W,Y,Round 1,A,50,-1.359777066645509,0.0
49,49,Q,R,Round 1,A,49,5.873043554407868,0.0
49,49,Q,S,Round 1,A,49,5.873043554407868,0.0
49,49,Q,T,Round 1,A,49,5.873043554407868,0.0
49,49,Q,V,Round 1,A,49,5.873043554407868,8.788598574811415
49,49,Q,W,Round 1,A,49,5.873043554407868,33.96674584319007
49,49,Q,Y,Round 1,A,49,5.873043554407868,42.75534441800148
48,48,F,G,Round 1,A,48,-1.497280590395444,0.0
48,48,F,H,Round 1,A,48,-1.497280590395444,0.0
48,48,F,I,Round 1,A,48,-1.497280590395444,0.0
48,48,F,K,Round 1,A,48,-1.497280590395444,0.0
48,48,F,L,Round 1,A,48,-1.497280590395444,0.0
48,48,F,M,Round 1,A,48,-1.497280590395444,0.0
48,48,F,N,Round 1,A,48,-1.497280590395444,0.0
48,48,F,P,Round 1,A,48,-1.497280590395444,0.0
48,48,F,Q,Round 1,A,48,-1.497280590395444,0.0
48,48,F,R,Round 1,A,48,-1.497280590395444,0.0
48,48,F,S,Round 1,A,48,-1.497280590395444,0.0
48,48,F,T,Round 1,A,48,-1.497280590395444,0.0
48,48,F,V,Round 1,A,48,-1.497280590395444,0.0
48,48,F,W,Round 1,A,48,-1.497280590395444,0.0
48,48,F,Y,Round 1,A,48,-1.497280590395444,0.0
47,47,N,P,Round 1,A,47,4.061686701792768,0.0
47,47,N,Q,Round 1,A,47,4.061686701792768,0.0
47,47,N,R,Round 1,A,47,4.061686701792768,0.0
47,47,N,S,Round 1,A,47,4.061686701792768,0.0
47,47,N,T,Round 1,A,47,4.061686701792768,0.0
47,47,N,V,Round 1,A,47,4.061686701792768,81.86813186768205
47,47,N,W,Round 1,A,47,4.061686701792768,0.0
47,47,N,Y,Round 1,A,47,4.061686701792768,0.0
46,46,L,M,Round 1,A,46,-1.944739567366665,0.0
46,46,L,N,Round 1,A,46,-1.944739567366665,0.0
46,46,L,P,Round 1,A,46,-1.944739567366665,0.0
46,46,L,Q,Round 1,A,46,-1.944739567366665,0.0
46,46,L,R,Round 1,A,46,-1.944739567366665,0.0
46,46,L,S,Round 1,A,46,-1.944739567366665,0.0
46,46,L,T,Round 1,A,46,-1.944739567366665,99.99999989999999
46,46,L,V,Round 1,A,46,-1.944739567366665,0.0
46,46,L,W,Round 1,A,46,-1.944739567366665,0.0
46,46,L,Y,Round 1,A,46,-1.944739567366665,0.0
45,45,I,K,Round 1,A,45,-0.3597770666455088,0.0
45,45,I,L,Round 1,A,45,-0.3597770666455088,0.0
45,45,I,M,Round 1,A,45,-0.3597770666455088,0.0
45,45,I,N,Round 1,A,45,-0.3597770666455088,0.0
45,45,I,P,Round 1,A,45,-0.3597770666455088,0.0
45,45,I,Q,Round 1,A,45,-0.3597770666455088,0.0
45,45,I,R,Round 1,A,45,-0.3597770666455088,0.0
45,45,I,S,Round 1,A,45,-0.3597770666455088,0.0
45,45,I,T,Round 1,A,45,-0.3597770666455088,0.0
45,45,I,V,Round 1,A,45,-0.3597770666455088,0.0
45,45,I,W,Round 1,A,45,-0.3597770666455088,0.0
45,45,I,Y,Round 1,A,45,-0.3597770666455088,0.0
44,44,L,M,Round 1,A,44,3.272491148854004,0.0
44,44,L,N,Round 1,A,44,3.272491148854004,0.0
44,44,L,P,Round 1,A,44,3.272491148854004,0.0
44,44,L,Q,Round 1,A,44,3.272491148854004,0.0
44,44,L,R,Round 1,A,44,3.272491148854004,0.0
44,44,L,S,Round 1,A,44,3.272491148854004,0.0
44,44,L,T,Round 1,A,44,3.272491148854004,0.0
44,44,L,V,Round 1,A,44,3.272491148854004,0.0
44,44,L,W,Round 1,A,44,3.272491148854004,0.0
44,44,L,Y,Round 1,A,44,3.272491148854004,0.0
43,43,F,G,Round 1,A,43,1.962151028241854,0.0
43,43,F,H,Round 1,A,43,1.962151028241854,0.0
43,43,F,I,Round 1,A,43,1.962151028241854,0.0
43,43,F,K,Round 1,A,43,1.962151028241854,0.0
43,43,F,L,Round 1,A,43,1.962151028241854,0.0
43,43,F,M,Round 1,A,43,1.962151028241854,0.0
43,43,F,N,Round 1,A,43,1.962151028241854,0.0
43,43,F,P,Round 1,A,43,1.962151028241854,0.0
43,43,F,Q,Round 1,A,43,1.962151028241854,0.0
43,43,F,R,Round 1,A,43,1.962151028241854,0.0
43,43,F,S,Round 1,A,43,1.962151028241854,0.0
43,43,F,T,Round 1,A,43,1.962151028241854,0.0
43,43,F,V,Round 1,A,43,1.962151028241854,0.0
43,43,F,W,Round 1,A,43,1.962151028241854,0.0
43,43,F,Y,Round 1,A,43,1.962151028241854,0.0
42,42,R,S,Round 1,A,42,6.736938087843027,0.41841004184087915
42,42,R,T,Round 1,A,42,6.736938087843027,1.9725044829641447
42,42,R,V,Round 1,A,42,6.736938087843027,16.88583383143548
42,42,R,W,Round 1,A,42,6.736938087843027,12.014345487145244
42,42,R,Y,Round 1,A,42,6.736938087843027,5.110579796770738
41,41,T,V,Round 1,A,41,3.299186015519424,0.0
41,41,T,W,Round 1,A,41,3.299186015519424,0.0
41,41,T,Y,Round 1,A,41,3.299186015519424,0.0
39,39,N,P,Round 1,A,39,3.606007218016578,23.58490566015486
39,39,N,Q,Round 1,A,39,3.606007218016578,0.0
39,39,N,R,Round 1,A,39,3.606007218016578,0.0
39,39,N,S,Round 1,A,39,3.606007218016578,0.0
39,39,N,T,Round 1,A,39,3.606007218016578,0.0
39,39,N,V,Round 1,A,39,3.606007218016578,46.22641509390352
39,39,N,W,Round 1,A,39,3.606007218016578,0.0
39,39,N,Y,Round 1,A,39,3.606007218016578,0.0
38,38,E,F,Round 1,A,38,5.634576370213349,72.38095238060771
38,38,E,G,Round 1,A,38,5.634576370213349,0.4761904761882086
38,38,E,H,Round 1,A,38,5.634576370213349,0.0
38,38,E,I,Round 1,A,38,5.634576370213349,0.0
38,38,E,K,Round 1,A,38,5.634576370213349,0.0
38,38,E,L,Round 1,A,38,5.634576370213349,0.0
38,38,E,M,Round 1,A,38,5.634576370213349,0.0
38,38,E,N,Round 1,A,38,5.634576370213349,0.0
38,38,E,P,Round 1,A,38,5.634576370213349,0.0
38,38,E,Q,Round 1,A,38,5.634576370213349,0.0
38,38,E,R,Round 1,A,38,5.634576370213349,0.0
38,38,E,S,Round 1,A,38,5.634576370213349,14.28571428564626
38,38,E,T,Round 1,A,38,5.634576370213349,0.0
38,38,E,V,Round 1,A,38,5.634576370213349,0.0
38,38,E,W,Round 1,A,38,5.634576370213349,12.857142857081632
38,38,E,Y,Round 1,A,38,5.634576370213349,0.0
36,36,D,E,Round 1,A,36,4.92562515221674,0.0
36,36,D,F,Round 1,A,36,4.92562515221674,0.0
36,36,D,G,Round 1,A,36,4.92562515221674,0.0
36,36,D,H,Round 1,A,36,4.92562515221674,0.0
36,36,D,I,Round 1,A,36,4.92562515221674,0.0
36,36,D,K,Round 1,A,36,4.92562515221674,0.0
36,36,D,L,Round 1,A,36,4.92562515221674,0.0
36,36,D,M,Round 1,A,36,4.92562515221674,0.0
36,36,D,N,Round 1,A,36,4.92562515221674,0.0
36,36,D,P,Round 1,A,36,4.92562515221674,0.0
36,36,D,Q,Round 1,A,36,4.92562515221674,0.0
36,36,D,R,Round 1,A,36,4.92562515221674,0.0
36,36,D,S,Round 1,A,36,4.92562515221674,0.0
36,36,D,T,Round 1,A,36,4.92562515221674,0.0
36,36,D,V,Round 1,A,36,4.92562515221674,0.0
36,36,D,W,Round 1,A,36,4.92562515221674,0.0
36,36,D,Y,Round 1,A,36,4.92562515221674,98.7179487166831
35,35,G,H,Round 1,A,35,2.564815530696469,0.0
35,35,G,I,Round 1,A,35,2.564815530696469,0.0
35,35,G,K,Round 1,A,35,2.564815530696469,0.0
35,35,G,L,Round 1,A,35,2.564815530696469,99.99999999750001
35,35,G,M,Round 1,A,35,2.564815530696469,0.0
35,35,G,N,Round 1,A,35,2.564815530696469,0.0
35,35,G,P,Round 1,A,35,2.564815530696469,0.0
35,35,G,Q,Round 1,A,35,2.564815530696469,0.0
35,35,G,R,Round 1,A,35,2.564815530696469,0.0
35,35,G,S,Round 1,A,35,2.564815530696469,0.0
35,35,G,T,Round 1,A,35,2.564815530696469,0.0
35,35,G,V,Round 1,A,35,2.564815530696469,0.0
35,35,G,W,Round 1,A,35,2.564815530696469,0.0
35,35,G,Y,Round 1,A,35,2.564815530696469,0.0
34,34,E,F,Round 1,A,34,-1.207773973200459,0.0
34,34,E,G,Round 1,A,34,-1.207773973200459,0.0
34,34,E,H,Round 1,A,34,-1.207773973200459,0.0
34,34,E,I,Round 1,A,34,-1.207773973200459,0.0
34,34,E,K,Round 1,A,34,-1.207773973200459,0.0
34,34,E,L,Round 1,A,34,-1.207773973200459,0.0
34,34,E,M,Round 1,A,34,-1.207773973200459,0.0
34,34,E,N,Round 1,A,34,-1.207773973200459,0.0
34,34,E,P,Round 1,A,34,-1.207773973200459,0.0
34,34,E,Q,Round 1,A,34,-1.207773973200459,0.0
34,34,E,R,Round 1,A,34,-1.207773973200459,0.0
34,34,E,S,Round 1,A,34,-1.207773973200459,0.0
34,34,E,T,Round 1,A,34,-1.207773973200459,0.0
34,34,E,V,Round 1,A,34,-1.207773973200459,0.0
34,34,E,W,Round 1,A,34,-1.207773973200459,0.0
34,34,E,Y,Round 1,A,34,-1.207773973200459,0.0
33,33,E,F,Round 1,A,33,-2.125311813008486,0.0
33,33,E,G,Round 1,A,33,-2.125311813008486,99.99999989999999
33,33,E,H,Round 1,A,33,-2.125311813008486,0.0
33,33,E,I,Round 1,A,33,-2.125311813008486,0.0
33,33,E,K,Round 1,A,33,-2.125311813008486,0.0
33,33,E,L,Round 1,A,33,-2.125311813008486,0.0
33,33,E,M,Round 1,A,33,-2.125311813008486,0.0
33,33,E,N,Round 1,A,33,-2.125311813008486,0.0
33,33,E,P,Round 1,A,33,-2.125311813008486,0.0
33,33,E,Q,Round 1,A,33,-2.125311813008486,0.0
33,33,E,R,Round 1,A,33,-2.125311813008486,0.0
33,33,E,S,Round 1,A,33,-2.125311813008486,0.0
33,33,E,T,Round 1,A,33,-2.125311813008486,0.0
33,33,E,V,Round 1,A,33,-2.125311813008486,0.0
33,33,E,W,Round 1,A,33,-2.125311813008486,0.0
33,33,E,Y,Round 1,A,33,-2.125311813008486,0.0
32,32,L,M,Round 1,A,32,-1.622811472479302,0.0
32,32,L,N,Round 1,A,32,-1.622811472479302,0.0
32,32,L,P,Round 1,A,32,-1.622811472479302,0.0
32,32,L,Q,Round 1,A,32,-1.622811472479302,0.0
32,32,L,R,Round 1,A,32,-1.622811472479302,0.0
32,32,L,S,Round 1,A,32,-1.622811472479302,0.0
32,32,L,T,Round 1,A,32,-1.622811472479302,0.0
32,32,L,V,Round 1,A,32,-1.622811472479302,0.0
32,32,L,W,Round 1,A,32,-1.622811472479302,0.0
32,32,L,Y,Round 1,A,32,-1.622811472479302,0.0
31,31,S,T,Round 1,A,31,-1.037848971758146,0.0
31,31,S,V,Round 1,A,31,-1.037848971758146,0.0
31,31,S,W,Round 1,A,31,-1.037848971758146,0.0
31,31,S,Y,Round 1,A,31,-1.037848971758146,0.0
30,30,K,L,Round 1,A,30,-1.359777066645509,0.0
30,30,K,M,Round 1,A,30,-1.359777066645509,99.99999989999999
30,30,K,N,Round 1,A,30,-1.359777066645509,0.0
30,30,K,P,Round 1,A,30,-1.359777066645509,0.0
30,30,K,Q,Round 1,A,30,-1.359777066645509,0.0
30,30,K,R,Round 1,A,30,-1.359777066645509,0.0
30,30,K,S,Round 1,A,30,-1.359777066645509,0.0
30,30,K,T,Round 1,A,30,-1.359777066645509,0.0
30,30,K,V,Round 1,A,30,-1.359777066645509,0.0
30,30,K,W,Round 1,A,30,-1.359777066645509,0.0
30,30,K,Y,Round 1,A,30,-1.359777066645509,0.0
29,29,K,L,Round 1,A,29,1.125649760524733,0.0
29,29,K,M,Round 1,A,29,1.125649760524733,0.0
29,29,K,N,Round 1,A,29,1.125649760524733,0.0
29,29,K,P,Round 1,A,29,1.125649760524733,0.0
29,29,K,Q,Round 1,A,29,1.125649760524733,0.0
29,29,K,R,Round 1,A,29,1.125649760524733,0.0
29,29,K,S,Round 1,A,29,1.125649760524733,0.0
29,29,K,T,Round 1,A,29,1.125649760524733,0.0
29,29,K,V,Round 1,A,29,1.125649760524733,0.0
29,29,K,W,Round 1,A,29,1.125649760524733,0.0
29,29,K,Y,Round 1,A,29,1.125649760524733,0.0
28,28,M,N,Round 1,A,28,3.925625152216739,0.0
28,28,M,P,Round 1,A,28,3.925625152216739,0.0
28,28,M,Q,Round 1,A,28,3.925625152216739,0.0
28,28,M,R,Round 1,A,28,3.925625152216739,0.0
28,28,M,S,Round 1,A,28,3.925625152216739,99.9999999987013
28,28,M,T,Round 1,A,28,3.925625152216739,0.0
28,28,M,V,Round 1,A,28,3.925625152216739,0.0
28,28,M,W,Round 1,A,28,3.925625152216739,0.0
28,28,M,Y,Round 1,A,28,3.925625152216739,0.0
27,27,A,D,Round 1,A,27,4.447577855412095,0.0
27,27,A,E,Round 1,A,27,4.447577855412095,0.0
27,27,A,F,Round 1,A,27,4.447577855412095,0.0
27,27,A,G,Round 1,A,27,4.447577855412095,0.0
27,27,A,H,Round 1,A,27,4.447577855412095,0.0
27,27,A,I,Round 1,A,27,4.447577855412095,0.0
27,27,A,K,Round 1,A,27,4.447577855412095,0.0
27,27,A,L,Round 1,A,27,4.447577855412095,0.0
27,27,A,M,Round 1,A,27,4.447577855412095,0.0
27,27,A,N,Round 1,A,27,4.447577855412095,99.9999999990991
27,27,A,P,Round 1,A,27,4.447577855412095,0.0
27,27,A,Q,Round 1,A,27,4.447577855412095,0.0
27,27,A,R,Round 1,A,27,4.447577855412095,0.0
27,27,A,S,Round 1,A,27,4.447577855412095,0.0
27,27,A,T,Round 1,A,27,4.447577855412095,0.0
27,27,A,V,Round 1,A,27,4.447577855412095,0.0
27,27,A,W,Round 1,A,27,4.447577855412095,0.0
27,27,A,Y,Round 1,A,27,4.447577855412095,0.0
26,26,E,F,Round 1,A,26,2.45965068771267,0.0
26,26,E,G,Round 1,A,26,2.45965068771267,0.0
26,26,E,H,Round 1,A,26,2.45965068771267,99.99999999787235
26,26,E,I,Round 1,A,26,2.45965068771267,0.0
26,26,E,K,Round 1,A,26,2.45965068771267,0.0
26,26,E,L,Round 1,A,26,2.45965068771267,0.0
26,26,E,M,Round 1,A,26,2.45965068771267,0.0
26,26,E,N,Round 1,A,26,2.45965068771267,0.0
26,26,E,P,Round 1,A,26,2.45965068771267,0.0
26,26,E,Q,Round 1,A,26,2.45965068771267,0.0
26,26,E,R,Round 1,A,26,2.45965068771267,0.0
26,26,E,S,Round 1,A,26,2.45965068771267,0.0
26,26,E,T,Round 1,A,26,2.45965068771267,0.0
26,26,E,V,Round 1,A,26,2.45965068771267,0.0
26,26,E,W,Round 1,A,26,2.45965068771267,0.0
26,26,E,Y,Round 1,A,26,2.45965068771267,0.0
25,25,K,L,Round 1,A,25,-1.497280590395444,0.0
25,25,K,M,Round 1,A,25,-1.497280590395444,0.0
25,25,K,N,Round 1,A,25,-1.497280590395444,0.0
25,25,K,P,Round 1,A,25,-1.497280590395444,0.0
25,25,K,Q,Round 1,A,25,-1.497280590395444,0.0
25,25,K,R,Round 1,A,25,-1.497280590395444,0.0
25,25,K,S,Round 1,A,25,-1.497280590395444,0.0
25,25,K,T,Round 1,A,25,-1.497280590395444,0.0
25,25,K,V,Round 1,A,25,-1.497280590395444,0.0
25,25,K,W,Round 1,A,25,-1.497280590395444,0.0
25,25,K,Y,Round 1,A,25,-1.497280590395444,0.0
24,24,L,M,Round 1,A,24,-1.497280590395444,0.0
24,24,L,N,Round 1,A,24,-1.497280590395444,0.0
24,24,L,P,Round 1,A,24,-1.497280590395444,0.0
24,24,L,Q,Round 1,A,24,-1.497280590395444,0.0
24,24,L,R,Round 1,A,24,-1.497280590395444,0.0
24,24,L,S,Round 1,A,24,-1.497280590395444,0.0
24,24,L,T,Round 1,A,24,-1.497280590395444,0.0
24,24,L,V,Round 1,A,24,-1.497280590395444,0.0
24,24,L,W,Round 1,A,24,-1.497280590395444,0.0
24,24,L,Y,Round 1,A,24,-1.497280590395444,0.0
23,23,K,L,Round 1,A,23,-1.738288689899239,0.0
23,23,K,M,Round 1,A,23,-1.738288689899239,0.0
23,23,K,N,Round 1,A,23,-1.738288689899239,0.0
23,23,K,P,Round 1,A,23,-1.738288689899239,0.0
23,23,K,Q,Round 1,A,23,-1.738288689899239,0.0
23,23,K,R,Round 1,A,23,-1.738288689899239,0.0
23,23,K,S,Round 1,A,23,-1.738288689899239,0.0
23,23,K,T,Round 1,A,23,-1.738288689899239,0.0
23,23,K,V,Round 1,A,23,-1.738288689899239,0.0
23,23,K,W,Round 1,A,23,-1.738288689899239,0.0
23,23,K,Y,Round 1,A,23,-1.738288689899239,0.0
22,22,E,F,Round 1,A,22,-1.738288689899239,0.0
22,22,E,G,Round 1,A,22,-1.738288689899239,0.0
22,22,E,H,Round 1,A,22,-1.738288689899239,0.0
22,22,E,I,Round 1,A,22,-1.738288689899239,0.0
22,22,E,K,Round 1,A,22,-1.738288689899239,0.0
22,22,E,L,Round 1,A,22,-1.738288689899239,0.0
22,22,E,M,Round 1,A,22,-1.738288689899239,0.0
22,22,E,N,Round 1,A,22,-1.738288689899239,0.0
22,22,E,P,Round 1,A,22,-1.738288689899239,0.0
22,22,E,Q,Round 1,A,22,-1.738288689899239,0.0
22,22,E,R,Round 1,A,22,-1.738288689899239,0.0
22,22,E,S,Round 1,A,22,-1.738288689899239,0.0
22,22,E,T,Round 1,A,22,-1.738288689899239,0.0
22,22,E,V,Round 1,A,22,-1.738288689899239,0.0
22,22,E,W,Round 1,A,22,-1.738288689899239,0.0
22,22,E,Y,Round 1,A,22,-1.738288689899239,0.0
21,21,S,T,Round 1,A,21,-1.622811472479302,0.0
21,21,S,V,Round 1,A,21,-1.622811472479302,0.0
21,21,S,W,Round 1,A,21,-1.622811472479302,0.0
21,21,S,Y,Round 1,A,21,-1.622811472479302,0.0
20,20,A,D,Round 1,A,20,1.792226026799541,0.0
20,20,A,E,Round 1,A,20,1.792226026799541,0.0
20,20,A,F,Round 1,A,20,1.792226026799541,5.88235294083045
20,20,A,G,Round 1,A,20,1.792226026799541,0.0
20,20,A,H,Round 1,A,20,1.792226026799541,0.0
20,20,A,I,Round 1,A,20,1.792226026799541,88.23529411245676
20,20,A,K,Round 1,A,20,1.792226026799541,0.0
20,20,A,L,Round 1,A,20,1.792226026799541,0.0
20,20,A,M,Round 1,A,20,1.792226026799541,0.0
20,20,A,N,Round 1,A,20,1.792226026799541,0.0
20,20,A,P,Round 1,A,20,1.792226026799541,5.88235294083045
20,20,A,Q,Round 1,A,20,1.792226026799541,0.0
20,20,A,R,Round 1,A,20,1.792226026799541,0.0
20,20,A,S,Round 1,A,20,1.792226026799541,0.0
20,20,A,T,Round 1,A,20,1.792226026799541,0.0
20,20,A,V,Round 1,A,20,1.792226026799541,0.0
20,20,A,W,Round 1,A,20,1.792226026799541,0.0
20,20,A,Y,Round 1,A,20,1.792226026799541,0.0
19,19,E,F,Round 1,A,19,-1.944739567366665,0.0
19,19,E,G,Round 1,A,19,-1.944739567366665,0.0
19,19,E,H,Round 1,A,19,-1.944739567366665,0.0
19,19,E,I,Round 1,A,19,-1.944739567366665,0.0
19,19,E,K,Round 1,A,19,-1.944739567366665,0.0
19,19,E,L,Round 1,A,19,-1.944739567366665,0.0
19,19,E,M,Round 1,A,19,-1.944739567366665,0.0
19,19,E,N,Round 1,A,19,-1.944739567366665,0.0
19,19,E,P,Round 1,A,19,-1.944739567366665,0.0
19,19,E,Q,Round 1,A,19,-1.944739567366665,0.0
19,19,E,R,Round 1,A,19,-1.944739567366665,0.0
19,19,E,S,Round 1,A,19,-1.944739567366665,0.0
19,19,E,T,Round 1,A,19,-1.944739567366665,0.0
19,19,E,V,Round 1,A,19,-1.944739567366665,0.0
19,19,E,W,Round 1,A,19,-1.944739567366665,0.0
19,19,E,Y,Round 1,A,19,-1.944739567366665,0.0
18,18,E,F,Round 1,A,18,-0.3597770666455088,0.0
18,18,E,G,Round 1,A,18,-0.3597770666455088,0.0
18,18,E,H,Round 1,A,18,-0.3597770666455088,0.0
18,18,E,I,Round 1,A,18,-0.3597770666455088,0.0
18,18,E,K,Round 1,A,18,-0.3597770666455088,33.33333332222222
18,18,E,L,Round 1,A,18,-0.3597770666455088,0.0
18,18,E,M,Round 1,A,18,-0.3597770666455088,33.33333332222222
18,18,E,N,Round 1,A,18,-0.3597770666455088,0.0
18,18,E,P,Round 1,A,18,-0.3597770666455088,0.0
18,18,E,Q,Round 1,A,18,-0.3597770666455088,0.0
18,18,E,R,Round 1,A,18,-0.3597770666455088,33.33333332222222
18,18,E,S,Round 1,A,18,-0.3597770666455088,0.0
18,18,E,T,Round 1,A,18,-0.3597770666455088,0.0
18,18,E,V,Round 1,A,18,-0.3597770666455088,0.0
18,18,E,W,Round 1,A,18,-0.3597770666455088,0.0
18,18,E,Y,Round 1,A,18,-0.3597770666455088,0.0
17,17,T,V,Round 1,A,17,3.614227724821547,0.0
17,17,T,W,Round 1,A,17,3.614227724821547,0.0
17,17,T,Y,Round 1,A,17,3.614227724821547,0.0
16,16,N,P,Round 1,A,16,2.734740532138781,0.0
16,16,N,Q,Round 1,A,16,2.734740532138781,0.0
16,16,N,R,Round 1,A,16,2.734740532138781,0.0
16,16,N,S,Round 1,A,16,2.734740532138781,0.0
16,16,N,T,Round 1,A,16,2.734740532138781,0.0
16,16,N,V,Round 1,A,16,2.734740532138781,0.0
16,16,N,W,Round 1,A,16,2.734740532138781,0.0
16,16,N,Y,Round 1,A,16,2.734740532138781,0.0
15,15,G,H,Round 1,A,15,-1.622811472479302,0.0
15,15,G,I,Round 1,A,15,-1.622811472479302,0.0
15,15,G,K,Round 1,A,15,-1.622811472479302,0.0
15,15,G,L,Round 1,A,15,-1.622811472479302,0.0
15,15,G,M,Round 1,A,15,-1.622811472479302,0.0
15,15,G,N,Round 1,A,15,-1.622811472479302,0.0
15,15,G,P,Round 1,A,15,-1.622811472479302,0.0
15,15,G,Q,Round 1,A,15,-1.622811472479302,0.0
15,15,G,R,Round 1,A,15,-1.622811472479302,0.0
15,15,G,S,Round 1,A,15,-1.622811472479302,0.0
15,15,G,T,Round 1,A,15,-1.622811472479302,0.0
15,15,G,V,Round 1,A,15,-1.622811472479302,0.0
15,15,G,W,Round 1,A,15,-1.622811472479302,0.0
15,15,G,Y,Round 1,A,15,-1.622811472479302,0.0
14,14,E,F,Round 1,A,14,-0.6228114724793025,0.0
14,14,E,G,Round 1,A,14,-0.6228114724793025,0.0
14,14,E,H,Round 1,A,14,-0.6228114724793025,0.0
14,14,E,I,Round 1,A,14,-0.6228114724793025,0.0
14,14,E,K,Round 1,A,14,-0.6228114724793025,0.0
14,14,E,L,Round 1,A,14,-0.6228114724793025,0.0
14,14,E,M,Round 1,A,14,-0.6228114724793025,0.0
14,14,E,N,Round 1,A,14,-0.6228114724793025,0.0
14,14,E,P,Round 1,A,14,-0.6228114724793025,0.0
14,14,E,Q,Round 1,A,14,-0.6228114724793025,0.0
14,14,E,R,Round 1,A,14,-0.6228114724793025,0.0
14,14,E,S,Round 1,A,14,-0.6228114724793025,0.0
14,14,E,T,Round 1,A,14,-0.6228114724793025,0.0
14,14,E,V,Round 1,A,14,-0.6228114724793025,0.0
14,14,E,W,Round 1,A,14,-0.6228114724793025,0.0
14,14,E,Y,Round 1,A,14,-0.6228114724793025,0.0
13,13,E,F,Round 1,A,13,-1.037848971758146,0.0
13,13,E,G,Round 1,A,13,-1.037848971758146,0.0
13,13,E,H,Round 1,A,13,-1.037848971758146,0.0
13,13,E,I,Round 1,A,13,-1.037848971758146,0.0
13,13,E,K,Round 1,A,13,-1.037848971758146,0.0
13,13,E,L,Round 1,A,13,-1.037848971758146,0.0
13,13,E,M,Round 1,A,13,-1.037848971758146,0.0
13,13,E,N,Round 1,A,13,-1.037848971758146,0.0
13,13,E,P,Round 1,A,13,-1.037848971758146,0.0
13,13,E,Q,Round 1,A,13,-1.037848971758146,0.0
13,13,E,R,Round 1,A,13,-1.037848971758146,0.0
13,13,E,S,Round 1,A,13,-1.037848971758146,0.0
13,13,E,T,Round 1,A,13,-1.037848971758146,0.0
13,13,E,V,Round 1,A,13,-1.037848971758146,0.0
13,13,E,W,Round 1,A,13,-1.037848971758146,0.0
13,13,E,Y,Round 1,A,13,-1.037848971758146,0.0
12,12,K,L,Round 1,A,12,-1.622811472479302,0.0
12,12,K,M,Round 1,A,12,-1.622811472479302,0.0
12,12,K,N,Round 1,A,12,-1.622811472479302,0.0
12,12,K,P,Round 1,A,12,-1.622811472479302,0.0
12,12,K,Q,Round 1,A,12,-1.622811472479302,0.0
12,12,K,R,Round 1,A,12,-1.622811472479302,0.0
12,12,K,S,Round 1,A,12,-1.622811472479302,0.0
12,12,K,T,Round 1,A,12,-1.622811472479302,0.0
12,12,K,V,Round 1,A,12,-1.622811472479302,0.0
12,12,K,W,Round 1,A,12,-1.622811472479302,0.0
12,12,K,Y,Round 1,A,12,-1.622811472479302,0.0
11,11,L,M,Round 1,A,11,1.274095034556594,0.0
11,11,L,N,Round 1,A,11,1.274095034556594,0.0
11,11,L,P,Round 1,A,11,1.274095034556594,0.0
11,11,L,Q,Round 1,A,11,1.274095034556594,0.0
11,11,L,R,Round 1,A,11,1.274095034556594,0.0
11,11,L,S,Round 1,A,11,1.274095034556594,0.0
11,11,L,T,Round 1,A,11,1.274095034556594,0.0
11,11,L,V,Round 1,A,11,1.274095034556594,0.0
11,11,L,W,Round 1,A,11,1.274095034556594,0.0
11,11,L,Y,Round 1,A,11,1.274095034556594,0.0
10,10,K,L,Round 1,A,10,-1.622811472479302,99.99999989999999
10,10,K,M,Round 1,A,10,-1.622811472479302,0.0
10,10,K,N,Round 1,A,10,-1.622811472479302,0.0
10,10,K,P,Round 1,A,10,-1.622811472479302,0.0
10,10,K,Q,Round 1,A,10,-1.622811472479302,0.0
10,10,K,R,Round 1,A,10,-1.622811472479302,0.0
10,10,K,S,Round 1,A,10,-1.622811472479302,0.0
10,10,K,T,Round 1,A,10,-1.622811472479302,0.0
10,10,K,V,Round 1,A,10,-1.622811472479302,0.0
10,10,K,W,Round 1,A,10,-1.622811472479302,0.0
10,10,K,Y,Round 1,A,10,-1.622811472479302,0.0
9,9,A,D,Round 1,A,9,-1.622811472479302,0.0
9,9,A,E,Round 1,A,9,-1.622811472479302,0.0
9,9,A,F,Round 1,A,9,-1.622811472479302,0.0
9,9,A,G,Round 1,A,9,-1.622811472479302,0.0
9,9,A,H,Round 1,A,9,-1.622811472479302,0.0
9,9,A,I,Round 1,A,9,-1.622811472479302,0.0
9,9,A,K,Round 1,A,9,-1.622811472479302,0.0
9,9,A,L,Round 1,A,9,-1.622811472479302,0.0
9,9,A,M,Round 1,A,9,-1.622811472479302,0.0
9,9,A,N,Round 1,A,9,-1.622811472479302,0.0
9,9,A,P,Round 1,A,9,-1.622811472479302,0.0
9,9,A,Q,Round 1,A,9,-1.622811472479302,0.0
9,9,A,R,Round 1,A,9,-1.622811472479302,0.0
9,9,A,S,Round 1,A,9,-1.622811472479302,0.0
9,9,A,T,Round 1,A,9,-1.622811472479302,0.0
9,9,A,V,Round 1,A,9,-1.622811472479302,0.0
9,9,A,W,Round 1,A,9,-1.622811472479302,0.0
9,9,A,Y,Round 1,A,9,-1.622811472479302,0.0
8,8,A,D,Round 1,A,8,3.402723619627835,0.0
8,8,A,E,Round 1,A,8,3.402723619627835,99.99999999729731
8,8,A,F,Round 1,A,8,3.402723619627835,0.0
8,8,A,G,Round 1,A,8,3.402723619627835,0.0
8,8,A,H,Round 1,A,8,3.402723619627835,0.0
8,8,A,I,Round 1,A,8,3.402723619627835,0.0
8,8,A,K,Round 1,A,8,3.402723619627835,0.0
8,8,A,L,Round 1,A,8,3.402723619627835,0.0
8,8,A,M,Round 1,A,8,3.402723619627835,0.0
8,8,A,N,Round 1,A,8,3.402723619627835,0.0
8,8,A,P,Round 1,A,8,3.402723619627835,0.0
8,8,A,Q,Round 1,A,8,3.402723619627835,0.0
8,8,A,R,Round 1,A,8,3.402723619627835,0.0
8,8,A,S,Round 1,A,8,3.402723619627835,0.0
8,8,A,T,Round 1,A,8,3.402723619627835,0.0
8,8,A,V,Round 1,A,8,3.402723619627835,0.0
8,8,A,W,Round 1,A,8,3.402723619627835,0.0
8,8,A,Y,Round 1,A,8,3.402723619627835,0.0
7,7,K,L,Round 1,A,7,-2.037848971758147,0.0
7,7,K,M,Round 1,A,7,-2.037848971758147,0.0
7,7,K,N,Round 1,A,7,-2.037848971758147,0.0
7,7,K,P,Round 1,A,7,-2.037848971758147,0.0
7,7,K,Q,Round 1,A,7,-2.037848971758147,0.0
7,7,K,R,Round 1,A,7,-2.037848971758147,0.0
7,7,K,S,Round 1,A,7,-2.037848971758147,0.0
7,7,K,T,Round 1,A,7,-2.037848971758147,0.0
7,7,K,V,Round 1,A,7,-2.037848971758147,0.0
7,7,K,W,Round 1,A,7,-2.037848971758147,0.0
7,7,K,Y,Round 1,A,7,-2.037848971758147,0.0
6,6,E,F,Round 1,A,6,-0.7008139844805757,0.0
6,6,E,G,Round 1,A,6,-0.7008139844805757,0.0
6,6,E,H,Round 1,A,6,-0.7008139844805757,0.0
6,6,E,I,Round 1,A,6,-0.7008139844805757,0.0
6,6,E,K,Round 1,A,6,-0.7008139844805757,0.0
6,6,E,L,Round 1,A,6,-0.7008139844805757,0.0
6,6,E,M,Round 1,A,6,-0.7008139844805757,0.0
6,6,E,N,Round 1,A,6,-0.7008139844805757,0.0
6,6,E,P,Round 1,A,6,-0.7008139844805757,0.0
6,6,E,Q,Round 1,A,6,-0.7008139844805757,0.0
6,6,E,R,Round 1,A,6,-0.7008139844805757,0.0
6,6,E,S,Round 1,A,6,-0.7008139844805757,0.0
6,6,E,T,Round 1,A,6,-0.7008139844805757,99.99999998
6,6,E,V,Round 1,A,6,-0.7008139844805757,0.0
6,6,E,W,Round 1,A,6,-0.7008139844805757,0.0
6,6,E,Y,Round 1,A,6,-0.7008139844805757,0.0
5,5,L,M,Round 1,A,5,2.606007218016579,0.0
5,5,L,N,Round 1,A,5,2.606007218016579,0.0
5,5,L,P,Round 1,A,5,2.606007218016579,0.0
5,5,L,Q,Round 1,A,5,2.606007218016579,0.0
5,5,L,R,Round 1,A,5,2.606007218016579,0.0
5,5,L,S,Round 1,A,5,2.606007218016579,0.0
5,5,L,T,Round 1,A,5,2.606007218016579,0.0
5,5,L,V,Round 1,A,5,2.606007218016579,99.99999999864865
5,5,L,W,Round 1,A,5,2.606007218016579,0.0
5,5,L,Y,Round 1,A,5,2.606007218016579,0.0
4,4,T,V,Round 1,A,4,0.9621510282418536,0.0
4,4,T,W,Round 1,A,4,0.9621510282418536,0.0
4,4,T,Y,Round 1,A,4,0.9621510282418536,0.0
3,3,E,F,Round 1,A,3,-1.359777066645509,0.0
3,3,E,G,Round 1,A,3,-1.359777066645509,0.0
3,3,E,H,Round 1,A,3,-1.359777066645509,0.0
3,3,E,I,Round 1,A,3,-1.359777066645509,0.0
3,3,E,K,Round 1,A,3,-1.359777066645509,0.0
3,3,E,L,Round 1,A,3,-1.359777066645509,0.0
3,3,E,M,Round 1,A,3,-1.359777066645509,0.0
3,3,E,N,Round 1,A,3,-1.359777066645509,0.0
3,3,E,P,Round 1,A,3,-1.359777066645509,0.0
3,3,E,Q,Round 1,A,3,-1.359777066645509,0.0
3,3,E,R,Round 1,A,3,-1.359777066645509,0.0
3,3,E,S,Round 1,A,3,-1.359777066645509,0.0
3,3,E,T,Round 1,A,3,-1.359777066645509,0.0
3,3,E,V,Round 1,A,3,-1.359777066645509,0.0
3,3,E,W,Round 1,A,3,-1.359777066645509,0.0
3,3,E,Y,Round 1,A,3,-1.359777066645509,0.0
2,2,E,F,Round 1,A,2,-1.285776485201732,0.0
2,2,E,G,Round 1,A,2,-1.285776485201732,99.99999989999999
2,2,E,H,Round 1,A,2,-1.285776485201732,0.0
2,2,E,I,Round 1,A,2,-1.285776485201732,0.0
2,2,E,K,Round 1,A,2,-1.285776485201732,0.0
2,2,E,L,Round 1,A,2,-1.285776485201732,0.0
2,2,E,M,Round 1,A,2,-1.285776485201732,0.0
2,2,E,N,Round 1,A,2,-1.285776485201732,0.0
2,2,E,P,Round 1,A,2,-1.285776485201732,0.0
2,2,E,Q,Round 1,A,2,-1.285776485201732,0.0
2,2,E,R,Round 1,A,2,-1.285776485201732,0.0
2,2,E,S,Round 1,A,2,-1.285776485201732,0.0
2,2,E,T,Round 1,A,2,-1.285776485201732,0.0
2,2,E,V,Round 1,A,2,-1.285776485201732,0.0
2,2,E,W,Round 1,A,2,-1.285776485201732,0.0
2,2,E,Y,Round 1,A,2,-1.285776485201732,0.0
2,2,E,A,Round 2,A,2,-5.032685750690532,0.0
2,2,E,D,Round 2,A,2,-5.032685750690532,0.0
3,3,E,A,Round 2,A,3,-4.654174127436802,0.0
3,3,E,D,Round 2,A,3,-4.654174127436802,0.0
4,4,T,A,Round 2,A,4,-4.654174127436802,0.0
4,4,T,D,Round 2,A,4,-4.654174127436802,0.0
4,4,T,E,Round 2,A,4,-4.654174127436802,0.0
4,4,T,F,Round 2,A,4,-4.654174127436802,0.0
4,4,T,G,Round 2,A,4,-4.654174127436802,0.0
4,4,T,H,Round 2,A,4,-4.654174127436802,0.0
4,4,T,I,Round 2,A,4,-4.654174127436802,0.0
4,4,T,K,Round 2,A,4,-4.654174127436802,0.0
4,4,T,L,Round 2,A,4,-4.654174127436802,0.0
4,4,T,M,Round 2,A,4,-4.654174127436802,0.0
4,4,T,N,Round 2,A,4,-4.654174127436802,0.0
4,4,T,P,Round 2,A,4,-4.654174127436802,0.0
4,4,T,Q,Round 2,A,4,-4.654174127436802,0.0
4,4,T,R,Round 2,A,4,-4.654174127436802,0.0
4,4,T,S,Round 2,A,4,-4.654174127436802,0.0
5,5,L,A,Round 2,A,5,-4.654174127436802,0.0
5,5,L,D,Round 2,A,5,-4.654174127436802,0.0
5,5,L,E,Round 2,A,5,-4.654174127436802,0.0
5,5,L,F,Round 2,A,5,-4.654174127436802,0.0
5,5,L,G,Round 2,A,5,-4.654174127436802,0.0
5,5,L,H,Round 2,A,5,-4.654174127436802,0.0
5,5,L,I,Round 2,A,5,-4.654174127436802,0.0
5,5,L,K,Round 2,A,5,-4.654174127436802,0.0
6,6,E,A,Round 2,A,6,-5.139600954607043,0.0
6,6,E,D,Round 2,A,6,-5.139600954607043,0.0
7,7,K,A,Round 2,A,7,-4.7245634553282,0.0
7,7,K,D,Round 2,A,7,-4.7245634553282,0.0
7,7,K,E,Round 2,A,7,-4.7245634553282,0.0
7,7,K,F,Round 2,A,7,-4.7245634553282,0.0
7,7,K,G,Round 2,A,7,-4.7245634553282,0.0
7,7,K,H,Round 2,A,7,-4.7245634553282,0.0
7,7,K,I,Round 2,A,7,-4.7245634553282,0.0
10,10,K,A,Round 2,A,10,-4.917208533270595,0.0
10,10,K,D,Round 2,A,10,-4.917208533270595,0.0
10,10,K,E,Round 2,A,10,-4.917208533270595,0.0
10,10,K,F,Round 2,A,10,-4.917208533270595,0.0
10,10,K,G,Round 2,A,10,-4.917208533270595,0.0
10,10,K,H,Round 2,A,10,-4.917208533270595,0.0
10,10,K,I,Round 2,A,10,-4.917208533270595,0.0
11,11,L,A,Round 2,A,11,-5.239136628157958,0.0
11,11,L,D,Round 2,A,11,-5.239136628157958,0.0
11,11,L,E,Round 2,A,11,-5.239136628157958,0.0
11,11,L,F,Round 2,A,11,-5.239136628157958,0.0
11,11,L,G,Round 2,A,11,-5.239136628157958,0.0
11,11,L,H,Round 2,A,11,-5.239136628157958,0.0
11,11,L,I,Round 2,A,11,-5.239136628157958,0.0
11,11,L,K,Round 2,A,11,-5.239136628157958,0.0
12,12,K,A,Round 2,A,12,-4.917208533270595,0.0
12,12,K,D,Round 2,A,12,-4.917208533270595,0.0
12,12,K,E,Round 2,A,12,-4.917208533270595,0.0
12,12,K,F,Round 2,A,12,-4.917208533270595,0.0
12,12,K,G,Round 2,A,12,-4.917208533270595,0.0
12,12,K,H,Round 2,A,12,-4.917208533270595,0.0
12,12,K,I,Round 2,A,12,-4.917208533270595,0.0
13,13,E,A,Round 2,A,13,-4.332246032549439,0.0
13,13,E,D,Round 2,A,13,-4.332246032549439,0.0
14,14,E,A,Round 2,A,14,-3.917208533270595,0.0
14,14,E,D,Round 2,A,14,-3.917208533270595,0.0
15,15,G,A,Round 2,A,15,-4.917208533270595,0.0
15,15,G,D,Round 2,A,15,-4.917208533270595,0.0
15,15,G,E,Round 2,A,15,-4.917208533270595,0.0
15,15,G,F,Round 2,A,15,-4.917208533270595,0.0
16,16,N,A,Round 2,A,16,-4.502171033991751,0.0
16,16,N,D,Round 2,A,16,-4.502171033991751,0.0
16,16,N,E,Round 2,A,16,-4.502171033991751,0.0
16,16,N,F,Round 2,A,16,-4.502171033991751,0.0
16,16,N,G,Round 2,A,16,-4.502171033991751,0.0
16,16,N,H,Round 2,A,16,-4.502171033991751,0.0
16,16,N,I,Round 2,A,16,-4.502171033991751,0.0
16,16,N,K,Round 2,A,16,-4.502171033991751,0.0
16,16,N,L,Round 2,A,16,-4.502171033991751,0.0
16,16,N,M,Round 2,A,16,-4.502171033991751,0.0
17,17,T,A,Round 2,A,17,-4.332246032549439,0.0
17,17,T,D,Round 2,A,17,-4.332246032549439,0.0
17,17,T,E,Round 2,A,17,-4.332246032549439,0.0
17,17,T,F,Round 2,A,17,-4.332246032549439,0.0
17,17,T,G,Round 2,A,17,-4.332246032549439,0.0
17,17,T,H,Round 2,A,17,-4.332246032549439,0.0
17,17,T,I,Round 2,A,17,-4.332246032549439,0.0
17,17,T,K,Round 2,A,17,-4.332246032549439,0.0
17,17,T,L,Round 2,A,17,-4.332246032549439,0.0
17,17,T,M,Round 2,A,17,-4.332246032549439,0.0
17,17,T,N,Round 2,A,17,-4.332246032549439,0.0
17,17,T,P,Round 2,A,17,-4.332246032549439,0.0
17,17,T,Q,Round 2,A,17,-4.332246032549439,0.0
17,17,T,R,Round 2,A,17,-4.332246032549439,0.0
17,17,T,S,Round 2,A,17,-4.332246032549439,0.0
18,18,E,A,Round 2,A,18,-4.654174127436802,0.0
18,18,E,D,Round 2,A,18,-4.654174127436802,0.0
19,19,E,A,Round 2,A,19,-5.239136628157958,0.0
19,19,E,D,Round 2,A,19,-5.239136628157958,0.0
21,21,S,A,Round 2,A,21,-4.917208533270595,0.0
21,21,S,D,Round 2,A,21,-4.917208533270595,0.0
21,21,S,E,Round 2,A,21,-4.917208533270595,0.0
21,21,S,F,Round 2,A,21,-4.917208533270595,0.0
21,21,S,G,Round 2,A,21,-4.917208533270595,0.0
21,21,S,H,Round 2,A,21,-4.917208533270595,0.0
21,21,S,I,Round 2,A,21,-4.917208533270595,0.0
21,21,S,K,Round 2,A,21,-4.917208533270595,0.0
21,21,S,L,Round 2,A,21,-4.917208533270595,0.0
21,21,S,M,Round 2,A,21,-4.917208533270595,0.0
21,21,S,N,Round 2,A,21,-4.917208533270595,0.0
21,21,S,P,Round 2,A,21,-4.917208533270595,0.0
21,21,S,Q,Round 2,A,21,-4.917208533270595,0.0
21,21,S,R,Round 2,A,21,-4.917208533270595,0.0
22,22,E,A,Round 2,A,22,-5.032685750690532,0.0
22,22,E,D,Round 2,A,22,-5.032685750690532,0.0
23,23,K,A,Round 2,A,23,-5.032685750690532,0.0
23,23,K,D,Round 2,A,23,-5.032685750690532,0.0
23,23,K,E,Round 2,A,23,-5.032685750690532,0.0
23,23,K,F,Round 2,A,23,-5.032685750690532,0.0
23,23,K,G,Round 2,A,23,-5.032685750690532,0.0
23,23,K,H,Round 2,A,23,-5.032685750690532,0.0
23,23,K,I,Round 2,A,23,-5.032685750690532,0.0
24,24,L,A,Round 2,A,24,-4.791677651186736,0.0
24,24,L,D,Round 2,A,24,-4.791677651186736,0.0
24,24,L,E,Round 2,A,24,-4.791677651186736,0.0
24,24,L,F,Round 2,A,24,-4.791677651186736,0.0
24,24,L,G,Round 2,A,24,-4.791677651186736,0.0
24,24,L,H,Round 2,A,24,-4.791677651186736,0.0
24,24,L,I,Round 2,A,24,-4.791677651186736,0.0
24,24,L,K,Round 2,A,24,-4.791677651186736,0.0
25,25,K,A,Round 2,A,25,-4.791677651186736,0.0
25,25,K,D,Round 2,A,25,-4.791677651186736,0.0
25,25,K,E,Round 2,A,25,-4.791677651186736,0.0
25,25,K,F,Round 2,A,25,-4.791677651186736,0.0
25,25,K,G,Round 2,A,25,-4.791677651186736,0.0
25,25,K,H,Round 2,A,25,-4.791677651186736,0.0
25,25,K,I,Round 2,A,25,-4.791677651186736,0.0
26,26,E,A,Round 2,A,26,-4.502171033991751,0.0
26,26,E,D,Round 2,A,26,-4.502171033991751,0.0
28,28,M,A,Round 2,A,28,-4.791677651186736,0.0
28,28,M,D,Round 2,A,28,-4.791677651186736,0.0
28,28,M,E,Round 2,A,28,-4.791677651186736,0.0
28,28,M,F,Round 2,A,28,-4.791677651186736,0.0
28,28,M,G,Round 2,A,28,-4.791677651186736,0.0
28,28,M,H,Round 2,A,28,-4.791677651186736,0.0
28,28,M,I,Round 2,A,28,-4.791677651186736,0.0
28,28,M,K,Round 2,A,28,-4.791677651186736,0.0
28,28,M,L,Round 2,A,28,-4.791677651186736,0.0
29,29,K,A,Round 2,A,29,-4.654174127436802,0.0
29,29,K,D,Round 2,A,29,-4.654174127436802,0.0
29,29,K,E,Round 2,A,29,-4.654174127436802,0.0
29,29,K,F,Round 2,A,29,-4.654174127436802,0.0
29,29,K,G,Round 2,A,29,-4.654174127436802,0.0
29,29,K,H,Round 2,A,29,-4.654174127436802,0.0
29,29,K,I,Round 2,A,29,-4.654174127436802,0.0
30,30,K,A,Round 2,A,30,-4.654174127436802,0.0
30,30,K,D,Round 2,A,30,-4.654174127436802,0.0
30,30,K,E,Round 2,A,30,-4.654174127436802,0.0
30,30,K,F,Round 2,A,30,-4.654174127436802,0.0
30,30,K,G,Round 2,A,30,-4.654174127436802,0.0
30,30,K,H,Round 2,A,30,-4.654174127436802,0.0
30,30,K,I,Round 2,A,30,-4.654174127436802,0.0
31,31,S,A,Round 2,A,31,-4.332246032549439,0.0
31,31,S,D,Round 2,A,31,-4.332246032549439,0.0
31,31,S,E,Round 2,A,31,-4.332246032549439,0.0
31,31,S,F,Round 2,A,31,-4.332246032549439,0.0
31,31,S,G,Round 2,A,31,-4.332246032549439,0.0
31,31,S,H,Round 2,A,31,-4.332246032549439,0.0
31,31,S,I,Round 2,A,31,-4.332246032549439,0.0
31,31,S,K,Round 2,A,31,-4.332246032549439,0.0
31,31,S,L,Round 2,A,31,-4.332246032549439,0.0
31,31,S,M,Round 2,A,31,-4.332246032549439,0.0
31,31,S,N,Round 2,A,31,-4.332246032549439,0.0
31,31,S,P,Round 2,A,31,-4.332246032549439,0.0
31,31,S,Q,Round 2,A,31,-4.332246032549439,0.0
31,31,S,R,Round 2,A,31,-4.332246032549439,0.0
32,32,L,A,Round 2,A,32,-4.917208533270595,0.0
32,32,L,D,Round 2,A,32,-4.917208533270595,0.0
32,32,L,E,Round 2,A,32,-4.917208533270595,0.0
32,32,L,F,Round 2,A,32,-4.917208533270595,0.0
32,32,L,G,Round 2,A,32,-4.917208533270595,0.0
32,32,L,H,Round 2,A,32,-4.917208533270595,0.0
32,32,L,I,Round 2,A,32,-4.917208533270595,0.0
32,32,L,K,Round 2,A,32,-4.917208533270595,0.0
33,33,E,A,Round 2,A,33,-5.419708873799778,0.0
33,33,E,D,Round 2,A,33,-5.419708873799778,0.0
34,34,E,A,Round 2,A,34,-4.502171033991751,0.0
34,34,E,D,Round 2,A,34,-4.502171033991751,0.0
35,35,G,A,Round 2,A,35,-2.332246032549439,0.0
35,35,G,C,Round 2,A,35,-2.332246032549439,0.0
35,35,G,D,Round 2,A,35,-2.332246032549439,0.0
35,35,G,E,Round 2,A,35,-2.332246032549439,0.0
35,35,G,F,Round 2,A,35,-2.332246032549439,0.0
36,36,D,A,Round 2,A,36,1.323105796063115,0.0
36,36,D,C,Round 2,A,36,1.323105796063115,0.0
37,37,Y,A,Round 2,A,37,-5.139600954607043,0.0
37,37,Y,D,Round 2,A,37,-5.139600954607043,0.0
37,37,Y,E,Round 2,A,37,-5.139600954607043,0.0
37,37,Y,F,Round 2,A,37,-5.139600954607043,0.0
37,37,Y,G,Round 2,A,37,-5.139600954607043,0.0
37,37,Y,H,Round 2,A,37,-5.139600954607043,0.0
37,37,Y,I,Round 2,A,37,-5.139600954607043,0.0
37,37,Y,K,Round 2,A,37,-5.139600954607043,0.0
37,37,Y,L,Round 2,A,37,-5.139600954607043,0.0
37,37,Y,M,Round 2,A,37,-5.139600954607043,0.0
37,37,Y,N,Round 2,A,37,-5.139600954607043,0.0
37,37,Y,P,Round 2,A,37,-5.139600954607043,0.0
37,37,Y,Q,Round 2,A,37,-5.139600954607043,0.0
37,37,Y,R,Round 2,A,37,-5.139600954607043,0.0
37,37,Y,S,Round 2,A,37,-5.139600954607043,0.0
37,37,Y,T,Round 2,A,37,-5.139600954607043,0.0
37,37,Y,V,Round 2,A,37,-5.139600954607043,0.0
37,37,Y,W,Round 2,A,37,-5.139600954607043,0.0
38,38,E,A,Round 2,A,38,-4.917208533270595,0.0
38,38,E,D,Round 2,A,38,-4.917208533270595,0.0
39,39,N,A,Round 2,A,39,-0.7472835318282832,0.0
39,39,N,D,Round 2,A,39,-0.7472835318282832,0.0
39,39,N,E,Round 2,A,39,-0.7472835318282832,0.0
39,39,N,F,Round 2,A,39,-0.7472835318282832,0.0
39,39,N,G,Round 2,A,39,-0.7472835318282832,0.0
39,39,N,H,Round 2,A,39,-0.7472835318282832,0.0
39,39,N,I,Round 2,A,39,-0.7472835318282832,0.0
39,39,N,K,Round 2,A,39,-0.7472835318282832,0.0
39,39,N,L,Round 2,A,39,-0.7472835318282832,0.0
39,39,N,M,Round 2,A,39,-0.7472835318282832,0.0
40,40,Y,A,Round 2,A,40,-5.139600954607043,0.0
40,40,Y,D,Round 2,A,40,-5.139600954607043,0.0
40,40,Y,E,Round 2,A,40,-5.139600954607043,0.0
40,40,Y,F,Round 2,A,40,-5.139600954607043,0.0
40,40,Y,G,Round 2,A,40,-5.139600954607043,0.0
40,40,Y,H,Round 2,A,40,-5.139600954607043,0.0
40,40,Y,I,Round 2,A,40,-5.139600954607043,0.0
40,40,Y,K,Round 2,A,40,-5.139600954607043,0.0
40,40,Y,L,Round 2,A,40,-5.139600954607043,0.0
40,40,Y,M,Round 2,A,40,-5.139600954607043,0.0
40,40,Y,N,Round 2,A,40,-5.139600954607043,0.0
40,40,Y,P,Round 2,A,40,-5.139600954607043,0.0
40,40,Y,Q,Round 2,A,40,-5.139600954607043,0.0
40,40,Y,R,Round 2,A,40,-5.139600954607043,0.0
40,40,Y,S,Round 2,A,40,-5.139600954607043,0.0
40,40,Y,T,Round 2,A,40,-5.139600954607043,0.0
40,40,Y,V,Round 2,A,40,-5.139600954607043,0.0
40,40,Y,W,Round 2,A,40,-5.139600954607043,0.0
41,41,T,A,Round 2,A,41,-2.332246032549439,0.0
41,41,T,C,Round 2,A,41,-2.332246032549439,0.0
41,41,T,D,Round 2,A,41,-2.332246032549439,0.0
41,41,T,E,Round 2,A,41,-2.332246032549439,0.0
41,41,T,F,Round 2,A,41,-2.332246032549439,0.0
41,41,T,G,Round 2,A,41,-2.332246032549439,0.0
41,41,T,H,Round 2,A,41,-2.332246032549439,0.0
41,41,T,I,Round 2,A,41,-2.332246032549439,0.0
41,41,T,K,Round 2,A,41,-2.332246032549439,0.0
41,41,T,L,Round 2,A,41,-2.332246032549439,0.0
41,41,T,M,Round 2,A,41,-2.332246032549439,0.0
41,41,T,N,Round 2,A,41,-2.332246032549439,0.0
41,41,T,P,Round 2,A,41,-2.332246032549439,0.0
41,41,T,Q,Round 2,A,41,-2.332246032549439,0.0
41,41,T,R,Round 2,A,41,-2.332246032549439,0.0
41,41,T,S,Round 2,A,41,-2.332246032549439,0.0
42,42,R,A,Round 2,A,42,7.549377804448649,0.0015854644618140633
42,42,R,C,Round 2,A,42,7.549377804448649,0.0015854644618140633
42,42,R,D,Round 2,A,42,7.549377804448649,0.009512786770884381
42,42,R,E,Round 2,A,42,7.549377804448649,0.0
42,42,R,F,Round 2,A,42,7.549377804448649,21.180219745374075
42,42,R,G,Round 2,A,42,7.549377804448649,0.044393004930793775
42,42,R,H,Round 2,A,42,7.549377804448649,0.006341857847256253
42,42,R,I,Round 2,A,42,7.549377804448649,11.014221616222299
42,42,R,K,Round 2,A,42,7.549377804448649,0.0
42,42,R,L,Round 2,A,42,7.549377804448649,13.133987601667702
42,42,R,M,Round 2,A,42,7.549377804448649,9.416073438713722
42,42,R,N,Round 2,A,42,7.549377804448649,0.0
42,42,R,P,Round 2,A,42,7.549377804448649,0.007927322309070317
42,42,R,Q,Round 2,A,42,7.549377804448649,0.007927322309070317
43,43,F,A,Round 2,A,43,0.2527164681717165,0.0
43,43,F,C,Round 2,A,43,0.2527164681717165,99.99999994999999
43,43,F,D,Round 2,A,43,0.2527164681717165,0.0
43,43,F,E,Round 2,A,43,0.2527164681717165,0.0
44,44,L,A,Round 2,A,44,-4.917208533270595,0.0
44,44,L,D,Round 2,A,44,-4.917208533270595,0.0
44,44,L,E,Round 2,A,44,-4.917208533270595,0.0
44,44,L,F,Round 2,A,44,-4.917208533270595,0.0
44,44,L,G,Round 2,A,44,-4.917208533270595,0.0
44,44,L,H,Round 2,A,44,-4.917208533270595,0.0
44,44,L,I,Round 2,A,44,-4.917208533270595,0.0
44,44,L,K,Round 2,A,44,-4.917208533270595,0.0
45,45,I,A,Round 2,A,45,-3.654174127436802,0.0
45,45,I,D,Round 2,A,45,-3.654174127436802,0.0
45,45,I,E,Round 2,A,45,-3.654174127436802,0.0
45,45,I,F,Round 2,A,45,-3.654174127436802,0.0
45,45,I,G,Round 2,A,45,-3.654174127436802,0.0
45,45,I,H,Round 2,A,45,-3.654174127436802,0.0
46,46,L,A,Round 2,A,46,-5.332246032549439,0.0
46,46,L,D,Round 2,A,46,-5.332246032549439,0.0
46,46,L,E,Round 2,A,46,-5.332246032549439,0.0
46,46,L,F,Round 2,A,46,-5.332246032549439,0.0
46,46,L,G,Round 2,A,46,-5.332246032549439,0.0
46,46,L,H,Round 2,A,46,-5.332246032549439,0.0
46,46,L,I,Round 2,A,46,-5.332246032549439,0.0
46,46,L,K,Round 2,A,46,-5.332246032549439,0.0
47,47,N,A,Round 2,A,47,-4.791677651186736,0.0
47,47,N,D,Round 2,A,47,-4.791677651186736,0.0
47,47,N,E,Round 2,A,47,-4.791677651186736,0.0
47,47,N,F,Round 2,A,47,-4.791677651186736,0.0
47,47,N,G,Round 2,A,47,-4.791677651186736,0.0
47,47,N,H,Round 2,A,47,-4.791677651186736,0.0
47,47,N,I,Round 2,A,47,-4.791677651186736,0.0
47,47,N,K,Round 2,A,47,-4.791677651186736,0.0
47,47,N,L,Round 2,A,47,-4.791677651186736,0.0
47,47,N,M,Round 2,A,47,-4.791677651186736,0.0
48,48,F,A,Round 2,A,48,-4.791677651186736,0.0
48,48,F,D,Round 2,A,48,-4.791677651186736,0.0
48,48,F,E,Round 2,A,48,-4.791677651186736,0.0
49,49,Q,A,Round 2,A,49,1.33071898017299,0.0
49,49,Q,D,Round 2,A,49,1.33071898017299,0.0
49,49,Q,E,Round 2,A,49,1.33071898017299,0.0
49,49,Q,F,Round 2,A,49,1.33071898017299,0.0
49,49,Q,G,Round 2,A,49,1.33071898017299,0.0
49,49,Q,H,Round 2,A,49,1.33071898017299,0.0
49,49,Q,I,Round 2,A,49,1.33071898017299,0.0
49,49,Q,K,Round 2,A,49,1.33071898017299,0.0
49,49,Q,L,Round 2,A,49,1.33071898017299,0.0
49,49,Q,M,Round 2,A,49,1.33071898017299,0.0
49,49,Q,N,Round 2,A,49,1.33071898017299,0.0
49,49,Q,P,Round 2,A,49,1.33071898017299,0.0
50,50,W,A,Round 2,A,50,-4.654174127436802,0.0
50,50,W,D,Round 2,A,50,-4.654174127436802,0.0
50,50,W,E,Round 2,A,50,-4.654174127436802,0.0
50,50,W,F,Round 2,A,50,-4.654174127436802,0.0
50,50,W,G,Round 2,A,50,-4.654174127436802,0.0
50,50,W,H,Round 2,A,50,-4.654174127436802,0.0
50,50,W,I,Round 2,A,50,-4.654174127436802,0.0
50,50,W,K,Round 2,A,50,-4.654174127436802,0.0
50,50,W,L,Round 2,A,50,-4.654174127436802,0.0
50,50,W,M,Round 2,A,50,-4.654174127436802,0.0
50,50,W,N,Round 2,A,50,-4.654174127436802,0.0
50,50,W,P,Round 2,A,50,-4.654174127436802,0.0
50,50,W,Q,Round 2,A,50,-4.654174127436802,0.0
50,50,W,R,Round 2,A,50,-4.654174127436802,0.0
50,50,W,S,Round 2,A,50,-4.654174127436802,0.0
50,50,W,T,Round 2,A,50,-4.654174127436802,0.0
50,50,W,V,Round 2,A,50,-4.654174127436802,99.99999989999999
51,51,T,A,Round 2,A,51,-3.654174127436802,0.0
51,51,T,D,Round 2,A,51,-3.654174127436802,0.0
51,51,T,E,Round 2,A,51,-3.654174127436802,0.0
51,51,T,F,Round 2,A,51,-3.654174127436802,0.0
51,51,T,G,Round 2,A,51,-3.654174127436802,0.0
51,51,T,H,Round 2,A,51,-3.654174127436802,0.0
51,51,T,I,Round 2,A,51,-3.654174127436802,0.0
51,51,T,K,Round 2,A,51,-3.654174127436802,0.0
51,51,T,L,Round 2,A,51,-3.654174127436802,0.0
51,51,T,M,Round 2,A,51,-3.654174127436802,0.0
51,51,T,N,Round 2,A,51,-3.654174127436802,0.0
51,51,T,P,Round 2,A,51,-3.654174127436802,0.0
51,51,T,Q,Round 2,A,51,-3.654174127436802,0.0
51,51,T,R,Round 2,A,51,-3.654174127436802,0.0
51,51,T,S,Round 2,A,51,-3.654174127436802,0.0
52,52,G,A,Round 2,A,52,6.070959706372057,0.0
52,52,G,C,Round 2,A,52,6.070959706372057,0.0
52,52,G,D,Round 2,A,52,6.070959706372057,0.0
52,52,G,E,Round 2,A,52,6.070959706372057,0.0
52,52,G,F,Round 2,A,52,6.070959706372057,1.045172719220364
53,53,S,A,Round 2,A,53,-4.791677651186736,0.0
53,53,S,D,Round 2,A,53,-4.791677651186736,0.0
53,53,S,E,Round 2,A,53,-4.791677651186736,0.0
53,53,S,F,Round 2,A,53,-4.791677651186736,0.0
53,53,S,G,Round 2,A,53,-4.791677651186736,0.0
53,53,S,H,Round 2,A,53,-4.791677651186736,0.0
53,53,S,I,Round 2,A,53,-4.791677651186736,0.0
53,53,S,K,Round 2,A,53,-4.791677651186736,0.0
53,53,S,L,Round 2,A,53,-4.791677651186736,0.0
53,53,S,M,Round 2,A,53,-4.791677651186736,0.0
53,53,S,N,Round 2,A,53,-4.791677651186736,0.0
53,53,S,P,Round 2,A,53,-4.791677651186736,0.0
53,53,S,Q,Round 2,A,53,-4.791677651186736,0.0
53,53,S,R,Round 2,A,53,-4.791677651186736,0.0
54,54,S,A,Round 2,A,54,-4.791677651186736,0.0
54,54,S,D,Round 2,A,54,-4.791677651186736,0.0
54,54,S,E,Round 2,A,54,-4.791677651186736,0.0
54,54,S,F,Round 2,A,54,-4.791677651186736,0.0
54,54,S,G,Round 2,A,54,-4.791677651186736,0.0
54,54,S,H,Round 2,A,54,-4.791677651186736,0.0
54,54,S,I,Round 2,A,54,-4.791677651186736,0.0
54,54,S,K,Round 2,A,54,-4.791677651186736,0.0
54,54,S,L,Round 2,A,54,-4.791677651186736,0.0
54,54,S,M,Round 2,A,54,-4.791677651186736,0.0
54,54,S,N,Round 2,A,54,-4.791677651186736,0.0
54,54,S,P,Round 2,A,54,-4.791677651186736,0.0
54,54,S,Q,Round 2,A,54,-4.791677651186736,0.0
54,54,S,R,Round 2,A,54,-4.791677651186736,0.0
55,55,E,A,Round 2,A,55,-5.332246032549439,0.0
55,55,E,D,Round 2,A,55,-5.332246032549439,0.0
56,56,T,A,Round 2,A,56,-4.917208533270595,0.0
56,56,T,D,Round 2,A,56,-4.917208533270595,0.0
56,56,T,E,Round 2,A,56,-4.917208533270595,0.0
56,56,T,F,Round 2,A,56,-4.917208533270595,0.0
56,56,T,G,Round 2,A,56,-4.917208533270595,0.0
56,56,T,H,Round 2,A,56,-4.917208533270595,0.0
56,56,T,I,Round 2,A,56,-4.917208533270595,0.0
56,56,T,K,Round 2,A,56,-4.917208533270595,0.0
56,56,T,L,Round 2,A,56,-4.917208533270595,0.0
56,56,T,M,Round 2,A,56,-4.917208533270595,0.0
56,56,T,N,Round 2,A,56,-4.917208533270595,0.0
56,56,T,P,Round 2,A,56,-4.917208533270595,0.0
56,56,T,Q,Round 2,A,56,-4.917208533270595,0.0
56,56,T,R,Round 2,A,56,-4.917208533270595,0.0
56,56,T,S,Round 2,A,56,-4.917208533270595,0.0
59,59,E,A,Round 2,A,59,-4.917208533270595,0.0
59,59,E,D,Round 2,A,59,-4.917208533270595,0.0
60,60,N,A,Round 2,A,60,-4.502171033991751,0.0
60,60,N,D,Round 2,A,60,-4.502171033991751,0.0
60,60,N,E,Round 2,A,60,-4.502171033991751,0.0
60,60,N,F,Round 2,A,60,-4.502171033991751,0.0
60,60,N,G,Round 2,A,60,-4.502171033991751,0.0
60,60,N,H,Round 2,A,60,-4.502171033991751,0.0
60,60,N,I,Round 2,A,60,-4.502171033991751,0.0
60,60,N,K,Round 2,A,60,-4.502171033991751,0.0
60,60,N,L,Round 2,A,60,-4.502171033991751,0.0
60,60,N,M,Round 2,A,60,-4.502171033991751,0.0
62,62,K,A,Round 2,A,62,-4.654174127436802,0.0
62,62,K,D,Round 2,A,62,-4.654174127436802,0.0
62,62,K,E,Round 2,A,62,-4.654174127436802,0.0
62,62,K,F,Round 2,A,62,-4.654174127436802,0.0
62,62,K,G,Round 2,A,62,-4.654174127436802,0.0
62,62,K,H,Round 2,A,62,-4.654174127436802,0.0
62,62,K,I,Round 2,A,62,-4.654174127436802,0.0
63,63,E,A,Round 2,A,63,-4.502171033991751,0.0
63,63,E,D,Round 2,A,63,-4.502171033991751,0.0
65,65,E,A,Round 2,A,65,-4.917208533270595,0.0
65,65,E,D,Round 2,A,65,-4.917208533270595,0.0
65,65,E,F,Round 2,A,65,-4.917208533270595,0.0
65,65,E,G,Round 2,A,65,-4.917208533270595,0.0
65,65,E,H,Round 2,A,65,-4.917208533270595,0.0
65,65,E,I,Round 2,A,65,-4.917208533270595,0.0
65,65,E,K,Round 2,A,65,-4.917208533270595,0.0
65,65,E,L,Round 2,A,65,-4.917208533270595,0.0
65,65,E,M,Round 2,A,65,-4.917208533270595,0.0
65,65,E,N,Round 2,A,65,-4.917208533270595,0.0
65,65,E,P,Round 2,A,65,-4.917208533270595,0.0
65,65,E,Q,Round 2,A,65,-4.917208533270595,0.0
65,65,E,R,Round 2,A,65,-4.917208533270595,0.0
65,65,E,S,Round 2,A,65,-4.917208533270595,0.0
65,65,E,T,Round 2,A,65,-4.917208533270595,0.0
65,65,E,V,Round 2,A,65,-4.917208533270595,0.0
65,65,E,W,Round 2,A,65,-4.917208533270595,0.0
65,65,E,Y,Round 2,A,65,-4.917208533270595,0.0
64,64,A,D,Round 2,A,64,-4.917208533270595,0.0
64,64,A,E,Round 2,A,64,-4.917208533270595,0.0
64,64,A,F,Round 2,A,64,-4.917208533270595,0.0
64,64,A,G,Round 2,A,64,-4.917208533270595,0.0
64,64,A,H,Round 2,A,64,-4.917208533270595,0.0
64,64,A,I,Round 2,A,64,-4.917208533270595,0.0
64,64,A,K,Round 2,A,64,-4.917208533270595,0.0
64,64,A,L,Round 2,A,64,-4.917208533270595,0.0
64,64,A,M,Round 2,A,64,-4.917208533270595,0.0
64,64,A,N,Round 2,A,64,-4.917208533270595,0.0
64,64,A,P,Round 2,A,64,-4.917208533270595,0.0
64,64,A,Q,Round 2,A,64,-4.917208533270595,0.0
64,64,A,R,Round 2,A,64,-4.917208533270595,0.0
64,64,A,S,Round 2,A,64,-4.917208533270595,0.0
64,64,A,T,Round 2,A,64,-4.917208533270595,0.0
64,64,A,V,Round 2,A,64,-4.917208533270595,0.0
64,64,A,W,Round 2,A,64,-4.917208533270595,0.0
64,64,A,Y,Round 2,A,64,-4.917208533270595,0.0
63,63,E,F,Round 2,A,63,-4.502171033991751,0.0
63,63,E,G,Round 2,A,63,-4.502171033991751,99.99999989999999
63,63,E,H,Round 2,A,63,-4.502171033991751,0.0
63,63,E,I,Round 2,A,63,-4.502171033991751,0.0
63,63,E,K,Round 2,A,63,-4.502171033991751,0.0
63,63,E,L,Round 2,A,63,-4.502171033991751,0.0
63,63,E,M,Round 2,A,63,-4.502171033991751,0.0
63,63,E,N,Round 2,A,63,-4.502171033991751,0.0
63,63,E,P,Round 2,A,63,-4.502171033991751,0.0
63,63,E,Q,Round 2,A,63,-4.502171033991751,0.0
63,63,E,R,Round 2,A,63,-4.502171033991751,0.0
63,63,E,S,Round 2,A,63,-4.502171033991751,0.0
63,63,E,T,Round 2,A,63,-4.502171033991751,0.0
63,63,E,V,Round 2,A,63,-4.502171033991751,0.0
63,63,E,W,Round 2,A,63,-4.502171033991751,0.0
63,63,E,Y,Round 2,A,63,-4.502171033991751,0.0
62,62,K,L,Round 2,A,62,-4.654174127436802,0.0
62,62,K,M,Round 2,A,62,-4.654174127436802,0.0
62,62,K,N,Round 2,A,62,-4.654174127436802,0.0
62,62,K,P,Round 2,A,62,-4.654174127436802,0.0
62,62,K,Q,Round 2,A,62,-4.654174127436802,0.0
62,62,K,R,Round 2,A,62,-4.654174127436802,0.0
62,62,K,S,Round 2,A,62,-4.654174127436802,0.0
62,62,K,T,Round 2,A,62,-4.654174127436802,0.0
62,62,K,V,Round 2,A,62,-4.654174127436802,0.0
62,62,K,W,Round 2,A,62,-4.654174127436802,0.0
62,62,K,Y,Round 2,A,62,-4.654174127436802,0.0
61,61,A,D,Round 2,A,61,-5.032685750690532,0.0
61,61,A,E,Round 2,A,61,-5.032685750690532,0.0
61,61,A,F,Round 2,A,61,-5.032685750690532,0.0
61,61,A,G,Round 2,A,61,-5.032685750690532,0.0
61,61,A,H,Round 2,A,61,-5.032685750690532,0.0
61,61,A,I,Round 2,A,61,-5.032685750690532,0.0
61,61,A,K,Round 2,A,61,-5.032685750690532,0.0
61,61,A,L,Round 2,A,61,-5.032685750690532,0.0
61,61,A,M,Round 2,A,61,-5.032685750690532,0.0
61,61,A,N,Round 2,A,61,-5.032685750690532,0.0
61,61,A,P,Round 2,A,61,-5.032685750690532,0.0
61,61,A,Q,Round 2,A,61,-5.032685750690532,0.0
61,61,A,R,Round 2,A,61,-5.032685750690532,0.0
61,61,A,S,Round 2,A,61,-5.032685750690532,0.0
61,61,A,T,Round 2,A,61,-5.032685750690532,0.0
61,61,A,V,Round 2,A,61,-5.032685750690532,0.0
61,61,A,W,Round 2,A,61,-5.032685750690532,0.0
61,61,A,Y,Round 2,A,61,-5.032685750690532,0.0
60,60,N,P,Round 2,A,60,-4.502171033991751,0.0
60,60,N,Q,Round 2,A,60,-4.502171033991751,0.0
60,60,N,R,Round 2,A,60,-4.502171033991751,0.0
60,60,N,S,Round 2,A,60,-4.502171033991751,0.0
60,60,N,T,Round 2,A,60,-4.502171033991751,0.0
60,60,N,V,Round 2,A,60,-4.502171033991751,0.0
60,60,N,W,Round 2,A,60,-4.502171033991751,0.0
60,60,N,Y,Round 2,A,60,-4.502171033991751,0.0
59,59,E,F,Round 2,A,59,-4.917208533270595,0.0
59,59,E,G,Round 2,A,59,-4.917208533270595,0.0
59,59,E,H,Round 2,A,59,-4.917208533270595,0.0
59,59,E,I,Round 2,A,59,-4.917208533270595,0.0
59,59,E,K,Round 2,A,59,-4.917208533270595,0.0
59,59,E,L,Round 2,A,59,-4.917208533270595,0.0
59,59,E,M,Round 2,A,59,-4.917208533270595,0.0
59,59,E,N,Round 2,A,59,-4.917208533270595,0.0
59,59,E,P,Round 2,A,59,-4.917208533270595,0.0
59,59,E,Q,Round 2,A,59,-4.917208533270595,0.0
59,59,E,R,Round 2,A,59,-4.917208533270595,0.0
59,59,E,S,Round 2,A,59,-4.917208533270595,0.0
59,59,E,T,Round 2,A,59,-4.917208533270595,0.0
59,59,E,V,Round 2,A,59,-4.917208533270595,0.0
59,59,E,W,Round 2,A,59,-4.917208533270595,0.0
59,59,E,Y,Round 2,A,59,-4.917208533270595,0.0
58,58,A,D,Round 2,A,58,-4.502171033991751,0.0
58,58,A,E,Round 2,A,58,-4.502171033991751,0.0
58,58,A,F,Round 2,A,58,-4.502171033991751,0.0
58,58,A,G,Round 2,A,58,-4.502171033991751,0.0
58,58,A,H,Round 2,A,58,-4.502171033991751,0.0
58,58,A,I,Round 2,A,58,-4.502171033991751,0.0
58,58,A,K,Round 2,A,58,-4.502171033991751,0.0
58,58,A,L,Round 2,A,58,-4.502171033991751,0.0
58,58,A,M,Round 2,A,58,-4.502171033991751,0.0
58,58,A,N,Round 2,A,58,-4.502171033991751,0.0
58,58,A,P,Round 2,A,58,-4.502171033991751,0.0
58,58,A,Q,Round 2,A,58,-4.502171033991751,0.0
58,58,A,R,Round 2,A,58,-4.502171033991751,0.0
58,58,A,S,Round 2,A,58,-4.502171033991751,0.0
58,58,A,T,Round 2,A,58,-4.502171033991751,0.0
58,58,A,V,Round 2,A,58,-4.502171033991751,0.0
58,58,A,W,Round 2,A,58,-4.502171033991751,0.0
58,58,A,Y,Round 2,A,58,-4.502171033991751,0.0
57,57,A,D,Round 2,A,57,-4.502171033991751,0.0
57,57,A,E,Round 2,A,57,-4.502171033991751,0.0
57,57,A,F,Round 2,A,57,-4.502171033991751,0.0
57,57,A,G,Round 2,A,57,-4.502171033991751,0.0
57,57,A,H,Round 2,A,57,-4.502171033991751,0.0
57,57,A,I,Round 2,A,57,-4.502171033991751,0.0
57,57,A,K,Round 2,A,57,-4.502171033991751,0.0
57,57,A,L,Round 2,A,57,-4.502171033991751,0.0
57,57,A,M,Round 2,A,57,-4.502171033991751,0.0
57,57,A,N,Round 2,A,57,-4.502171033991751,0.0
57,57,A,P,Round 2,A,57,-4.502171033991751,0.0
57,57,A,Q,Round 2,A,57,-4.502171033991751,0.0
57,57,A,R,Round 2,A,57,-4.502171033991751,0.0
57,57,A,S,Round 2,A,57,-4.502171033991751,0.0
57,57,A,T,Round 2,A,57,-4.502171033991751,0.0
57,57,A,V,Round 2,A,57,-4.502171033991751,0.0
57,57,A,W,Round 2,A,57,-4.502171033991751,0.0
57,57,A,Y,Round 2,A,57,-4.502171033991751,0.0
56,56,T,V,Round 2,A,56,-4.917208533270595,0.0
56,56,T,W,Round 2,A,56,-4.917208533270595,0.0
56,56,T,Y,Round 2,A,56,-4.917208533270595,0.0
55,55,E,F,Round 2,A,55,-5.332246032549439,0.0
55,55,E,G,Round 2,A,55,-5.332246032549439,0.0
55,55,E,H,Round 2,A,55,-5.332246032549439,0.0
55,55,E,I,Round 2,A,55,-5.332246032549439,0.0
55,55,E,K,Round 2,A,55,-5.332246032549439,0.0
55,55,E,L,Round 2,A,55,-5.332246032549439,0.0
55,55,E,M,Round 2,A,55,-5.332246032549439,0.0
55,55,E,N,Round 2,A,55,-5.332246032549439,0.0
55,55,E,P,Round 2,A,55,-5.332246032549439,0.0
55,55,E,Q,Round 2,A,55,-5.332246032549439,0.0
55,55,E,R,Round 2,A,55,-5.332246032549439,0.0
55,55,E,S,Round 2,A,55,-5.332246032549439,0.0
55,55,E,T,Round 2,A,55,-5.332246032549439,0.0
55,55,E,V,Round 2,A,55,-5.332246032549439,0.0
55,55,E,W,Round 2,A,55,-5.332246032549439,0.0
55,55,E,Y,Round 2,A,55,-5.332246032549439,0.0
54,54,S,T,Round 2,A,54,-4.791677651186736,0.0
54,54,S,V,Round 2,A,54,-4.791677651186736,0.0
54,54,S,W,Round 2,A,54,-4.791677651186736,0.0
54,54,S,Y,Round 2,A,54,-4.791677651186736,0.0
53,53,S,T,Round 2,A,53,-4.791677651186736,0.0
53,53,S,V,Round 2,A,53,-4.791677651186736,0.0
53,53,S,W,Round 2,A,53,-4.791677651186736,0.0
53,53,S,Y,Round 2,A,53,-4.791677651186736,0.0
52,52,G,H,Round 2,A,52,6.070959706372057,0.0
52,52,G,I,Round 2,A,52,6.070959706372057,0.0
52,52,G,K,Round 2,A,52,6.070959706372057,0.0
52,52,G,L,Round 2,A,52,6.070959706372057,0.0
52,52,G,M,Round 2,A,52,6.070959706372057,0.0
52,52,G,N,Round 2,A,52,6.070959706372057,0.0
52,52,G,P,Round 2,A,52,6.070959706372057,0.0
52,52,G,Q,Round 2,A,52,6.070959706372057,0.0
52,52,G,R,Round 2,A,52,6.070959706372057,0.0
52,52,G,S,Round 2,A,52,6.070959706372057,0.017714791851192607
52,52,G,T,Round 2,A,52,6.070959706372057,0.0
52,52,G,V,Round 2,A,52,6.070959706372057,0.0
52,52,G,W,Round 2,A,52,6.070959706372057,98.93711248891071
52,52,G,Y,Round 2,A,52,6.070959706372057,0.0
51,51,T,V,Round 2,A,51,-3.654174127436802,0.0
51,51,T,W,Round 2,A,51,-3.654174127436802,0.0
51,51,T,Y,Round 2,A,51,-3.654174127436802,0.0
50,50,W,Y,Round 2,A,50,-4.654174127436802,0.0
49,49,Q,R,Round 2,A,49,1.33071898017299,0.0
49,49,Q,S,Round 2,A,49,1.33071898017299,0.0
49,49,Q,T,Round 2,A,49,1.33071898017299,0.0
49,49,Q,V,Round 2,A,49,1.33071898017299,0.0
49,49,Q,W,Round 2,A,49,1.33071898017299,15.168539325757479
49,49,Q,Y,Round 2,A,49,1.33071898017299,84.83146067368072
48,48,F,G,Round 2,A,48,-4.791677651186736,0.0
48,48,F,H,Round 2,A,48,-4.791677651186736,0.0
48,48,F,I,Round 2,A,48,-4.791677651186736,0.0
48,48,F,K,Round 2,A,48,-4.791677651186736,0.0
48,48,F,L,Round 2,A,48,-4.791677651186736,0.0
48,48,F,M,Round 2,A,48,-4.791677651186736,0.0
48,48,F,N,Round 2,A,48,-4.791677651186736,0.0
48,48,F,P,Round 2,A,48,-4.791677651186736,0.0
48,48,F,Q,Round 2,A,48,-4.791677651186736,0.0
48,48,F,R,Round 2,A,48,-4.791677651186736,0.0
48,48,F,S,Round 2,A,48,-4.791677651186736,0.0
48,48,F,T,Round 2,A,48,-4.791677651186736,0.0
48,48,F,V,Round 2,A,48,-4.791677651186736,0.0
48,48,F,W,Round 2,A,48,-4.791677651186736,0.0
48,48,F,Y,Round 2,A,48,-4.791677651186736,0.0
47,47,N,P,Round 2,A,47,-4.791677651186736,0.0
47,47,N,Q,Round 2,A,47,-4.791677651186736,0.0
47,47,N,R,Round 2,A,47,-4.791677651186736,0.0
47,47,N,S,Round 2,A,47,-4.791677651186736,0.0
47,47,N,T,Round 2,A,47,-4.791677651186736,0.0
47,47,N,V,Round 2,A,47,-4.791677651186736,0.0
47,47,N,W,Round 2,A,47,-4.791677651186736,0.0
47,47,N,Y,Round 2,A,47,-4.791677651186736,0.0
46,46,L,M,Round 2,A,46,-5.332246032549439,0.0
46,46,L,N,Round 2,A,46,-5.332246032549439,0.0
46,46,L,P,Round 2,A,46,-5.332246032549439,0.0
46,46,L,Q,Round 2,A,46,-5.332246032549439,0.0
46,46,L,R,Round 2,A,46,-5.332246032549439,0.0
46,46,L,S,Round 2,A,46,-5.332246032549439,0.0
46,46,L,T,Round 2,A,46,-5.332246032549439,0.0
46,46,L,V,Round 2,A,46,-5.332246032549439,0.0
46,46,L,W,Round 2,A,46,-5.332246032549439,0.0
46,46,L,Y,Round 2,A,46,-5.332246032549439,0.0
45,45,I,K,Round 2,A,45,-3.654174127436802,0.0
45,45,I,L,Round 2,A,45,-3.654174127436802,0.0
45,45,I,M,Round 2,A,45,-3.654174127436802,0.0
45,45,I,N,Round 2,A,45,-3.654174127436802,0.0
45,45,I,P,Round 2,A,45,-3.654174127436802,0.0
45,45,I,Q,Round 2,A,45,-3.654174127436802,0.0
45,45,I,R,Round 2,A,45,-3.654174127436802,0.0
45,45,I,S,Round 2,A,45,-3.654174127436802,0.0
45,45,I,T,Round 2,A,45,-3.654174127436802,0.0
45,45,I,V,Round 2,A,45,-3.654174127436802,0.0
45,45,I,W,Round 2,A,45,-3.654174127436802,0.0
45,45,I,Y,Round 2,A,45,-3.654174127436802,0.0
44,44,L,M,Round 2,A,44,-4.917208533270595,0.0
44,44,L,N,Round 2,A,44,-4.917208533270595,0.0
44,44,L,P,Round 2,A,44,-4.917208533270595,0.0
44,44,L,Q,Round 2,A,44,-4.917208533270595,0.0
44,44,L,R,Round 2,A,44,-4.917208533270595,0.0
44,44,L,S,Round 2,A,44,-4.917208533270595,0.0
44,44,L,T,Round 2,A,44,-4.917208533270595,0.0
44,44,L,V,Round 2,A,44,-4.917208533270595,0.0
44,44,L,W,Round 2,A,44,-4.917208533270595,0.0
44,44,L,Y,Round 2,A,44,-4.917208533270595,0.0
43,43,F,G,Round 2,A,43,0.2527164681717165,0.0
43,43,F,H,Round 2,A,43,0.2527164681717165,0.0
43,43,F,I,Round 2,A,43,0.2527164681717165,0.0
43,43,F,K,Round 2,A,43,0.2527164681717165,0.0
43,43,F,L,Round 2,A,43,0.2527164681717165,0.0
43,43,F,M,Round 2,A,43,0.2527164681717165,0.0
43,43,F,N,Round 2,A,43,0.2527164681717165,0.0
43,43,F,P,Round 2,A,43,0.2527164681717165,0.0
43,43,F,Q,Round 2,A,43,0.2527164681717165,0.0
43,43,F,R,Round 2,A,43,0.2527164681717165,0.0
43,43,F,S,Round 2,A,43,0.2527164681717165,0.0
43,43,F,T,Round 2,A,43,0.2527164681717165,0.0
43,43,F,V,Round 2,A,43,0.2527164681717165,0.0
43,43,F,W,Round 2,A,43,0.2527164681717165,0.0
43,43,F,Y,Round 2,A,43,0.2527164681717165,0.0
42,42,R,S,Round 2,A,42,7.549377804448649,0.007927322309070317
42,42,R,T,Round 2,A,42,7.549377804448649,0.004756393385442191
42,42,R,V,Round 2,A,42,7.549377804448649,13.787198959935095
42,42,R,W,Round 2,A,42,7.549377804448649,20.189304456740285
42,42,R,Y,Round 2,A,42,7.549377804448649,11.18703724256003
41,41,T,V,Round 2,A,41,-2.332246032549439,0.0
41,41,T,W,Round 2,A,41,-2.332246032549439,0.0
41,41,T,Y,Round 2,A,41,-2.332246032549439,0.0
39,39,N,P,Round 2,A,39,-0.7472835318282832,99.99999999615385
39,39,N,Q,Round 2,A,39,-0.7472835318282832,0.0
39,39,N,R,Round 2,A,39,-0.7472835318282832,0.0
39,39,N,S,Round 2,A,39,-0.7472835318282832,0.0
39,39,N,T,Round 2,A,39,-0.7472835318282832,0.0
39,39,N,V,Round 2,A,39,-0.7472835318282832,0.0
39,39,N,W,Round 2,A,39,-0.7472835318282832,0.0
39,39,N,Y,Round 2,A,39,-0.7472835318282832,0.0
38,38,E,F,Round 2,A,38,-4.917208533270595,0.0
38,38,E,G,Round 2,A,38,-4.917208533270595,0.0
38,38,E,H,Round 2,A,38,-4.917208533270595,0.0
38,38,E,I,Round 2,A,38,-4.917208533270595,0.0
38,38,E,K,Round 2,A,38,-4.917208533270595,0.0
38,38,E,L,Round 2,A,38,-4.917208533270595,0.0
38,38,E,M,Round 2,A,38,-4.917208533270595,0.0
38,38,E,N,Round 2,A,38,-4.917208533270595,0.0
38,38,E,P,Round 2,A,38,-4.917208533270595,0.0
38,38,E,Q,Round 2,A,38,-4.917208533270595,0.0
38,38,E,R,Round 2,A,38,-4.917208533270595,0.0
38,38,E,S,Round 2,A,38,-4.917208533270595,0.0
38,38,E,T,Round 2,A,38,-4.917208533270595,0.0
38,38,E,V,Round 2,A,38,-4.917208533270595,0.0
38,38,E,W,Round 2,A,38,-4.917208533270595,0.0
38,38,E,Y,Round 2,A,38,-4.917208533270595,0.0
36,36,D,E,Round 2,A,36,1.323105796063115,0.0
36,36,D,F,Round 2,A,36,1.323105796063115,0.0
36,36,D,G,Round 2,A,36,1.323105796063115,0.0
36,36,D,H,Round 2,A,36,1.323105796063115,0.0
36,36,D,I,Round 2,A,36,1.323105796063115,0.0
36,36,D,K,Round 2,A,36,1.323105796063115,0.0
36,36,D,L,Round 2,A,36,1.323105796063115,0.0
36,36,D,M,Round 2,A,36,1.323105796063115,0.0
36,36,D,N,Round 2,A,36,1.323105796063115,0.0
36,36,D,P,Round 2,A,36,1.323105796063115,0.0
36,36,D,Q,Round 2,A,36,1.323105796063115,0.0
36,36,D,R,Round 2,A,36,1.323105796063115,0.0
36,36,D,S,Round 2,A,36,1.323105796063115,0.0
36,36,D,T,Round 2,A,36,1.323105796063115,0.0
36,36,D,V,Round 2,A,36,1.323105796063115,0.0
36,36,D,W,Round 2,A,36,1.323105796063115,0.0
36,36,D,Y,Round 2,A,36,1.323105796063115,99.9999999983871
35,35,G,H,Round 2,A,35,-2.332246032549439,0.0
35,35,G,I,Round 2,A,35,-2.332246032549439,0.0
35,35,G,K,Round 2,A,35,-2.332246032549439,0.0
35,35,G,L,Round 2,A,35,-2.332246032549439,0.0
35,35,G,M,Round 2,A,35,-2.332246032549439,0.0
35,35,G,N,Round 2,A,35,-2.332246032549439,0.0
35,35,G,P,Round 2,A,35,-2.332246032549439,0.0
35,35,G,Q,Round 2,A,35,-2.332246032549439,0.0
35,35,G,R,Round 2,A,35,-2.332246032549439,0.0
35,35,G,S,Round 2,A,35,-2.332246032549439,0.0
35,35,G,T,Round 2,A,35,-2.332246032549439,0.0
35,35,G,V,Round 2,A,35,-2.332246032549439,0.0
35,35,G,W,Round 2,A,35,-2.332246032549439,0.0
35,35,G,Y,Round 2,A,35,-2.332246032549439,0.0
34,34,E,F,Round 2,A,34,-4.502171033991751,0.0
34,34,E,G,Round 2,A,34,-4.502171033991751,0.0
34,34,E,H,Round 2,A,34,-4.502171033991751,0.0
34,34,E,I,Round 2,A,34,-4.502171033991751,0.0
34,34,E,K,Round 2,A,34,-4.502171033991751,0.0
34,34,E,L,Round 2,A,34,-4.502171033991751,0.0
34,34,E,M,Round 2,A,34,-4.502171033991751,0.0
34,34,E,N,Round 2,A,34,-4.502171033991751,0.0
34,34,E,P,Round 2,A,34,-4.502171033991751,0.0
34,34,E,Q,Round 2,A,34,-4.502171033991751,0.0
34,34,E,R,Round 2,A,34,-4.502171033991751,0.0
34,34,E,S,Round 2,A,34,-4.502171033991751,0.0
34,34,E,T,Round 2,A,34,-4.502171033991751,0.0
34,34,E,V,Round 2,A,34,-4.502171033991751,0.0
34,34,E,W,Round 2,A,34,-4.502171033991751,0.0
34,34,E,Y,Round 2,A,34,-4.502171033991751,0.0
33,33,E,F,Round 2,A,33,-5.419708873799778,0.0
33,33,E,G,Round 2,A,33,-5.419708873799778,0.0
33,33,E,H,Round 2,A,33,-5.419708873799778,0.0
33,33,E,I,Round 2,A,33,-5.419708873799778,0.0
33,33,E,K,Round 2,A,33,-5.419708873799778,0.0
33,33,E,L,Round 2,A,33,-5.419708873799778,0.0
33,33,E,M,Round 2,A,33,-5.419708873799778,0.0
33,33,E,N,Round 2,A,33,-5.419708873799778,0.0
33,33,E,P,Round 2,A,33,-5.419708873799778,0.0
33,33,E,Q,Round 2,A,33,-5.419708873799778,0.0
33,33,E,R,Round 2,A,33,-5.419708873799778,0.0
33,33,E,S,Round 2,A,33,-5.419708873799778,0.0
33,33,E,T,Round 2,A,33,-5.419708873799778,0.0
33,33,E,V,Round 2,A,33,-5.419708873799778,0.0
33,33,E,W,Round 2,A,33,-5.419708873799778,0.0
33,33,E,Y,Round 2,A,33,-5.419708873799778,0.0
32,32,L,M,Round 2,A,32,-4.917208533270595,0.0
32,32,L,N,Round 2,A,32,-4.917208533270595,0.0
32,32,L,P,Round 2,A,32,-4.917208533270595,0.0
32,32,L,Q,Round 2,A,32,-4.917208533270595,0.0
32,32,L,R,Round 2,A,32,-4.917208533270595,0.0
32,32,L,S,Round 2,A,32,-4.917208533270595,0.0
32,32,L,T,Round 2,A,32,-4.917208533270595,0.0
32,32,L,V,Round 2,A,32,-4.917208533270595,0.0
32,32,L,W,Round 2,A,32,-4.917208533270595,0.0
32,32,L,Y,Round 2,A,32,-4.917208533270595,0.0
31,31,S,T,Round 2,A,31,-4.332246032549439,0.0
31,31,S,V,Round 2,A,31,-4.332246032549439,0.0
31,31,S,W,Round 2,A,31,-4.332246032549439,0.0
31,31,S,Y,Round 2,A,31,-4.332246032549439,0.0
30,30,K,L,Round 2,A,30,-4.654174127436802,0.0
30,30,K,M,Round 2,A,30,-4.654174127436802,0.0
30,30,K,N,Round 2,A,30,-4.654174127436802,0.0
30,30,K,P,Round 2,A,30,-4.654174127436802,0.0
30,30,K,Q,Round 2,A,30,-4.654174127436802,0.0
30,30,K,R,Round 2,A,30,-4.654174127436802,0.0
30,30,K,S,Round 2,A,30,-4.654174127436802,0.0
30,30,K,T,Round 2,A,30,-4.654174127436802,0.0
30,30,K,V,Round 2,A,30,-4.654174127436802,0.0
30,30,K,W,Round 2,A,30,-4.654174127436802,0.0
30,30,K,Y,Round 2,A,30,-4.654174127436802,0.0
29,29,K,L,Round 2,A,29,-4.654174127436802,0.0
29,29,K,M,Round 2,A,29,-4.654174127436802,0.0
29,29,K,N,Round 2,A,29,-4.654174127436802,0.0
29,29,K,P,Round 2,A,29,-4.654174127436802,0.0
29,29,K,Q,Round 2,A,29,-4.654174127436802,0.0
29,29,K,R,Round 2,A,29,-4.654174127436802,0.0
29,29,K,S,Round 2,A,29,-4.654174127436802,0.0
29,29,K,T,Round 2,A,29,-4.654174127436802,0.0
29,29,K,V,Round 2,A,29,-4.654174127436802,0.0
29,29,K,W,Round 2,A,29,-4.654174127436802,0.0
29,29,K,Y,Round 2,A,29,-4.654174127436802,0.0
28,28,M,N,Round 2,A,28,-4.791677651186736,0.0
28,28,M,P,Round 2,A,28,-4.791677651186736,0.0
28,28,M,Q,Round 2,A,28,-4.791677651186736,0.0
28,28,M,R,Round 2,A,28,-4.791677651186736,0.0
28,28,M,S,Round 2,A,28,-4.791677651186736,0.0
28,28,M,T,Round 2,A,28,-4.791677651186736,0.0
28,28,M,V,Round 2,A,28,-4.791677651186736,0.0
28,28,M,W,Round 2,A,28,-4.791677651186736,0.0
28,28,M,Y,Round 2,A,28,-4.791677651186736,0.0
27,27,A,D,Round 2,A,27,-4.654174127436802,0.0
27,27,A,E,Round 2,A,27,-4.654174127436802,0.0
27,27,A,F,Round 2,A,27,-4.654174127436802,0.0
27,27,A,G,Round 2,A,27,-4.654174127436802,0.0
27,27,A,H,Round 2,A,27,-4.654174127436802,0.0
27,27,A,I,Round 2,A,27,-4.654174127436802,0.0
27,27,A,K,Round 2,A,27,-4.654174127436802,0.0
27,27,A,L,Round 2,A,27,-4.654174127436802,0.0
27,27,A,M,Round 2,A,27,-4.654174127436802,0.0
27,27,A,N,Round 2,A,27,-4.654174127436802,0.0
27,27,A,P,Round 2,A,27,-4.654174127436802,0.0
27,27,A,Q,Round 2,A,27,-4.654174127436802,0.0
27,27,A,R,Round 2,A,27,-4.654174127436802,0.0
27,27,A,S,Round 2,A,27,-4.654174127436802,0.0
27,27,A,T,Round 2,A,27,-4.654174127436802,0.0
27,27,A,V,Round 2,A,27,-4.654174127436802,0.0
27,27,A,W,Round 2,A,27,-4.654174127436802,0.0
27,27,A,Y,Round 2,A,27,-4.654174127436802,0.0
26,26,E,F,Round 2,A,26,-4.502171033991751,0.0
26,26,E,G,Round 2,A,26,-4.502171033991751,0.0
26,26,E,H,Round 2,A,26,-4.502171033991751,0.0
26,26,E,I,Round 2,A,26,-4.502171033991751,0.0
26,26,E,K,Round 2,A,26,-4.502171033991751,0.0
26,26,E,L,Round 2,A,26,-4.502171033991751,0.0
26,26,E,M,Round 2,A,26,-4.502171033991751,0.0
26,26,E,N,Round 2,A,26,-4.502171033991751,0.0
26,26,E,P,Round 2,A,26,-4.502171033991751,0.0
26,26,E,Q,Round 2,A,26,-4.502171033991751,0.0
26,26,E,R,Round 2,A,26,-4.502171033991751,0.0
26,26,E,S,Round 2,A,26,-4.502171033991751,0.0
26,26,E,T,Round 2,A,26,-4.502171033991751,0.0
26,26,E,V,Round 2,A,26,-4.502171033991751,0.0
26,26,E,W,Round 2,A,26,-4.502171033991751,0.0
26,26,E,Y,Round 2,A,26,-4.502171033991751,0.0
25,25,K,L,Round 2,A,25,-4.791677651186736,0.0
25,25,K,M,Round 2,A,25,-4.791677651186736,0.0
25,25,K,N,Round 2,A,25,-4.791677651186736,0.0
25,25,K,P,Round 2,A,25,-4.791677651186736,0.0
25,25,K,Q,Round 2,A,25,-4.791677651186736,0.0
25,25,K,R,Round 2,A,25,-4.791677651186736,0.0
25,25,K,S,Round 2,A,25,-4.791677651186736,0.0
25,25,K,T,Round 2,A,25,-4.791677651186736,0.0
25,25,K,V,Round 2,A,25,-4.791677651186736,0.0
25,25,K,W,Round 2,A,25,-4.791677651186736,0.0
25,25,K,Y,Round 2,A,25,-4.791677651186736,0.0
24,24,L,M,Round 2,A,24,-4.791677651186736,0.0
24,24,L,N,Round 2,A,24,-4.791677651186736,0.0
24,24,L,P,Round 2,A,24,-4.791677651186736,0.0
24,24,L,Q,Round 2,A,24,-4.791677651186736,0.0
24,24,L,R,Round 2,A,24,-4.791677651186736,0.0
24,24,L,S,Round 2,A,24,-4.791677651186736,0.0
24,24,L,T,Round 2,A,24,-4.791677651186736,0.0
24,24,L,V,Round 2,A,24,-4.791677651186736,0.0
24,24,L,W,Round 2,A,24,-4.791677651186736,0.0
24,24,L,Y,Round 2,A,24,-4.791677651186736,0.0
23,23,K,L,Round 2,A,23,-5.032685750690532,0.0
23,23,K,M,Round 2,A,23,-5.032685750690532,0.0
23,23,K,N,Round 2,A,23,-5.032685750690532,0.0
23,23,K,P,Round 2,A,23,-5.032685750690532,0.0
23,23,K,Q,Round 2,A,23,-5.032685750690532,0.0
23,23,K,R,Round 2,A,23,-5.032685750690532,0.0
23,23,K,S,Round 2,A,23,-5.032685750690532,0.0
23,23,K,T,Round 2,A,23,-5.032685750690532,0.0
23,23,K,V,Round 2,A,23,-5.032685750690532,0.0
23,23,K,W,Round 2,A,23,-5.032685750690532,0.0
23,23,K,Y,Round 2,A,23,-5.032685750690532,0.0
22,22,E,F,Round 2,A,22,-5.032685750690532,0.0
22,22,E,G,Round 2,A,22,-5.032685750690532,0.0
22,22,E,H,Round 2,A,22,-5.032685750690532,0.0
22,22,E,I,Round 2,A,22,-5.032685750690532,0.0
22,22,E,K,Round 2,A,22,-5.032685750690532,0.0
22,22,E,L,Round 2,A,22,-5.032685750690532,0.0
22,22,E,M,Round 2,A,22,-5.032685750690532,0.0
22,22,E,N,Round 2,A,22,-5.032685750690532,0.0
22,22,E,P,Round 2,A,22,-5.032685750690532,0.0
22,22,E,Q,Round 2,A,22,-5.032685750690532,0.0
22,22,E,R,Round 2,A,22,-5.032685750690532,0.0
22,22,E,S,Round 2,A,22,-5.032685750690532,0.0
22,22,E,T,Round 2,A,22,-5.032685750690532,0.0
22,22,E,V,Round 2,A,22,-5.032685750690532,0.0
22,22,E,W,Round 2,A,22,-5.032685750690532,0.0
22,22,E,Y,Round 2,A,22,-5.032685750690532,0.0
21,21,S,T,Round 2,A,21,-4.917208533270595,0.0
21,21,S,V,Round 2,A,21,-4.917208533270595,0.0
21,21,S,W,Round 2,A,21,-4.917208533270595,0.0
21,21,S,Y,Round 2,A,21,-4.917208533270595,0.0
20,20,A,D,Round 2,A,20,-4.917208533270595,0.0
20,20,A,E,Round 2,A,20,-4.917208533270595,0.0
20,20,A,F,Round 2,A,20,-4.917208533270595,0.0
20,20,A,G,Round 2,A,20,-4.917208533270595,0.0
20,20,A,H,Round 2,A,20,-4.917208533270595,0.0
20,20,A,I,Round 2,A,20,-4.917208533270595,0.0
20,20,A,K,Round 2,A,20,-4.917208533270595,0.0
20,20,A,L,Round 2,A,20,-4.917208533270595,0.0
20,20,A,M,Round 2,A,20,-4.917208533270595,0.0
20,20,A,N,Round 2,A,20,-4.917208533270595,0.0
20,20,A,P,Round 2,A,20,-4.917208533270595,0.0
20,20,A,Q,Round 2,A,20,-4.917208533270595,0.0
20,20,A,R,Round 2,A,20,-4.917208533270595,0.0
20,20,A,S,Round 2,A,20,-4.917208533270595,0.0
20,20,A,T,Round 2,A,20,-4.917208533270595,0.0
20,20,A,V,Round 2,A,20,-4.917208533270595,0.0
20,20,A,W,Round 2,A,20,-4.917208533270595,0.0
20,20,A,Y,Round 2,A,20,-4.917208533270595,0.0
19,19,E,F,Round 2,A,19,-5.239136628157958,0.0
19,19,E,G,Round 2,A,19,-5.239136628157958,0.0
19,19,E,H,Round 2,A,19,-5.239136628157958,0.0
19,19,E,I,Round 2,A,19,-5.239136628157958,0.0
19,19,E,K,Round 2,A,19,-5.239136628157958,0.0
19,19,E,L,Round 2,A,19,-5.239136628157958,0.0
19,19,E,M,Round 2,A,19,-5.239136628157958,0.0
19,19,E,N,Round 2,A,19,-5.239136628157958,0.0
19,19,E,P,Round 2,A,19,-5.239136628157958,0.0
19,19,E,Q,Round 2,A,19,-5.239136628157958,0.0
19,19,E,R,Round 2,A,19,-5.239136628157958,0.0
19,19,E,S,Round 2,A,19,-5.239136628157958,0.0
19,19,E,T,Round 2,A,19,-5.239136628157958,0.0
19,19,E,V,Round 2,A,19,-5.239136628157958,0.0
19,19,E,W,Round 2,A,19,-5.239136628157958,0.0
19,19,E,Y,Round 2,A,19,-5.239136628157958,0.0
18,18,E,F,Round 2,A,18,-4.654174127436802,0.0
18,18,E,G,Round 2,A,18,-4.654174127436802,0.0
18,18,E,H,Round 2,A,18,-4.654174127436802,0.0
18,18,E,I,Round 2,A,18,-4.654174127436802,0.0
18,18,E,K,Round 2,A,18,-4.654174127436802,0.0
18,18,E,L,Round 2,A,18,-4.654174127436802,0.0
18,18,E,M,Round 2,A,18,-4.654174127436802,0.0
18,18,E,N,Round 2,A,18,-4.654174127436802,0.0
18,18,E,P,Round 2,A,18,-4.654174127436802,0.0
18,18,E,Q,Round 2,A,18,-4.654174127436802,0.0
18,18,E,R,Round 2,A,18,-4.654174127436802,0.0
18,18,E,S,Round 2,A,18,-4.654174127436802,0.0
18,18,E,T,Round 2,A,18,-4.654174127436802,0.0
18,18,E,V,Round 2,A,18,-4.654174127436802,0.0
18,18,E,W,Round 2,A,18,-4.654174127436802,0.0
18,18,E,Y,Round 2,A,18,-4.654174127436802,0.0
17,17,T,V,Round 2,A,17,-4.332246032549439,0.0
17,17,T,W,Round 2,A,17,-4.332246032549439,0.0
17,17,T,Y,Round 2,A,17,-4.332246032549439,0.0
16,16,N,P,Round 2,A,16,-4.502171033991751,0.0
16,16,N,Q,Round 2,A,16,-4.502171033991751,0.0
16,16,N,R,Round 2,A,16,-4.502171033991751,0.0
16,16,N,S,Round 2,A,16,-4.502171033991751,0.0
16,16,N,T,Round 2,A,16,-4.502171033991751,0.0
16,16,N,V,Round 2,A,16,-4.502171033991751,0.0
16,16,N,W,Round 2,A,16,-4.502171033991751,0.0
16,16,N,Y,Round 2,A,16,-4.502171033991751,0.0
15,15,G,H,Round 2,A,15,-4.917208533270595,0.0
15,15,G,I,Round 2,A,15,-4.917208533270595,0.0
15,15,G,K,Round 2,A,15,-4.917208533270595,0.0
15,15,G,L,Round 2,A,15,-4.917208533270595,0.0
15,15,G,M,Round 2,A,15,-4.917208533270595,0.0
15,15,G,N,Round 2,A,15,-4.917208533270595,0.0
15,15,G,P,Round 2,A,15,-4.917208533270595,0.0
15,15,G,Q,Round 2,A,15,-4.917208533270595,0.0
15,15,G,R,Round 2,A,15,-4.917208533270595,0.0
15,15,G,S,Round 2,A,15,-4.917208533270595,0.0
15,15,G,T,Round 2,A,15,-4.917208533270595,0.0
15,15,G,V,Round 2,A,15,-4.917208533270595,0.0
15,15,G,W,Round 2,A,15,-4.917208533270595,0.0
15,15,G,Y,Round 2,A,15,-4.917208533270595,0.0
14,14,E,F,Round 2,A,14,-3.917208533270595,0.0
14,14,E,G,Round 2,A,14,-3.917208533270595,0.0
14,14,E,H,Round 2,A,14,-3.917208533270595,0.0
14,14,E,I,Round 2,A,14,-3.917208533270595,0.0
14,14,E,K,Round 2,A,14,-3.917208533270595,0.0
14,14,E,L,Round 2,A,14,-3.917208533270595,0.0
14,14,E,M,Round 2,A,14,-3.917208533270595,0.0
14,14,E,N,Round 2,A,14,-3.917208533270595,0.0
14,14,E,P,Round 2,A,14,-3.917208533270595,0.0
14,14,E,Q,Round 2,A,14,-3.917208533270595,0.0
14,14,E,R,Round 2,A,14,-3.917208533270595,0.0
14,14,E,S,Round 2,A,14,-3.917208533270595,0.0
14,14,E,T,Round 2,A,14,-3.917208533270595,0.0
14,14,E,V,Round 2,A,14,-3.917208533270595,0.0
14,14,E,W,Round 2,A,14,-3.917208533270595,0.0
14,14,E,Y,Round 2,A,14,-3.917208533270595,0.0
13,13,E,F,Round 2,A,13,-4.332246032549439,0.0
13,13,E,G,Round 2,A,13,-4.332246032549439,0.0
13,13,E,H,Round 2,A,13,-4.332246032549439,0.0
13,13,E,I,Round 2,A,13,-4.332246032549439,0.0
13,13,E,K,Round 2,A,13,-4.332246032549439,0.0
13,13,E,L,Round 2,A,13,-4.332246032549439,0.0
13,13,E,M,Round 2,A,13,-4.332246032549439,0.0
13,13,E,N,Round 2,A,13,-4.332246032549439,0.0
13,13,E,P,Round 2,A,13,-4.332246032549439,0.0
13,13,E,Q,Round 2,A,13,-4.332246032549439,0.0
13,13,E,R,Round 2,A,13,-4.332246032549439,0.0
13,13,E,S,Round 2,A,13,-4.332246032549439,0.0
13,13,E,T,Round 2,A,13,-4.332246032549439,0.0
13,13,E,V,Round 2,A,13,-4.332246032549439,0.0
13,13,E,W,Round 2,A,13,-4.332246032549439,0.0
13,13,E,Y,Round 2,A,13,-4.332246032549439,0.0
12,12,K,L,Round 2,A,12,-4.917208533270595,0.0
12,12,K,M,Round 2,A,12,-4.917208533270595,0.0
12,12,K,N,Round 2,A,12,-4.917208533270595,0.0
12,12,K,P,Round 2,A,12,-4.917208533270595,0.0
12,12,K,Q,Round 2,A,12,-4.917208533270595,0.0
12,12,K,R,Round 2,A,12,-4.917208533270595,0.0
12,12,K,S,Round 2,A,12,-4.917208533270595,99.99999989999999
12,12,K,T,Round 2,A,12,-4.917208533270595,0.0
12,12,K,V,Round 2,A,12,-4.917208533270595,0.0
12,12,K,W,Round 2,A,12,-4.917208533270595,0.0
12,12,K,Y,Round 2,A,12,-4.917208533270595,0.0
11,11,L,M,Round 2,A,11,-5.239136628157958,0.0
11,11,L,N,Round 2,A,11,-5.239136628157958,0.0
11,11,L,P,Round 2,A,11,-5.239136628157958,0.0
11,11,L,Q,Round 2,A,11,-5.239136628157958,0.0
11,11,L,R,Round 2,A,11,-5.239136628157958,0.0
11,11,L,S,Round 2,A,11,-5.239136628157958,0.0
11,11,L,T,Round 2,A,11,-5.239136628157958,0.0
11,11,L,V,Round 2,A,11,-5.239136628157958,0.0
11,11,L,W,Round 2,A,11,-5.239136628157958,0.0
11,11,L,Y,Round 2,A,11,-5.239136628157958,0.0
10,10,K,L,Round 2,A,10,-4.917208533270595,0.0
10,10,K,M,Round 2,A,10,-4.917208533270595,0.0
10,10,K,N,Round 2,A,10,-4.917208533270595,0.0
10,10,K,P,Round 2,A,10,-4.917208533270595,0.0
10,10,K,Q,Round 2,A,10,-4.917208533270595,0.0
10,10,K,R,Round 2,A,10,-4.917208533270595,0.0
10,10,K,S,Round 2,A,10,-4.917208533270595,0.0
10,10,K,T,Round 2,A,10,-4.917208533270595,0.0
10,10,K,V,Round 2,A,10,-4.917208533270595,0.0
10,10,K,W,Round 2,A,10,-4.917208533270595,0.0
10,10,K,Y,Round 2,A,10,-4.917208533270595,0.0
9,9,A,D,Round 2,A,9,-4.917208533270595,0.0
9,9,A,E,Round 2,A,9,-4.917208533270595,0.0
9,9,A,F,Round 2,A,9,-4.917208533270595,0.0
9,9,A,G,Round 2,A,9,-4.917208533270595,0.0
9,9,A,H,Round 2,A,9,-4.917208533270595,0.0
9,9,A,I,Round 2,A,9,-4.917208533270595,0.0
9,9,A,K,Round 2,A,9,-4.917208533270595,0.0
9,9,A,L,Round 2,A,9,-4.917208533270595,0.0
9,9,A,M,Round 2,A,9,-4.917208533270595,0.0
9,9,A,N,Round 2,A,9,-4.917208533270595,0.0
9,9,A,P,Round 2,A,9,-4.917208533270595,0.0
9,9,A,Q,Round 2,A,9,-4.917208533270595,0.0
9,9,A,R,Round 2,A,9,-4.917208533270595,0.0
9,9,A,S,Round 2,A,9,-4.917208533270595,0.0
9,9,A,T,Round 2,A,9,-4.917208533270595,0.0
9,9,A,V,Round 2,A,9,-4.917208533270595,0.0
9,9,A,W,Round 2,A,9,-4.917208533270595,0.0
9,9,A,Y,Round 2,A,9,-4.917208533270595,0.0
8,8,A,D,Round 2,A,8,-4.502171033991751,0.0
8,8,A,E,Round 2,A,8,-4.502171033991751,0.0
8,8,A,F,Round 2,A,8,-4.502171033991751,0.0
8,8,A,G,Round 2,A,8,-4.502171033991751,0.0
8,8,A,H,Round 2,A,8,-4.502171033991751,0.0
8,8,A,I,Round 2,A,8,-4.502171033991751,0.0
8,8,A,K,Round 2,A,8,-4.502171033991751,0.0
8,8,A,L,Round 2,A,8,-4.502171033991751,0.0
8,8,A,M,Round 2,A,8,-4.502171033991751,0.0
8,8,A,N,Round 2,A,8,-4.502171033991751,0.0
8,8,A,P,Round 2,A,8,-4.502171033991751,0.0
8,8,A,Q,Round 2,A,8,-4.502171033991751,0.0
8,8,A,R,Round 2,A,8,-4.502171033991751,0.0
8,8,A,S,Round 2,A,8,-4.502171033991751,99.99999989999999
8,8,A,T,Round 2,A,8,-4.502171033991751,0.0
8,8,A,V,Round 2,A,8,-4.502171033991751,0.0
8,8,A,W,Round 2,A,8,-4.502171033991751,0.0
8,8,A,Y,Round 2,A,8,-4.502171033991751,0.0
7,7,K,L,Round 2,A,7,-4.7245634553282,0.0
7,7,K,M,Round 2,A,7,-4.7245634553282,0.0
7,7,K,N,Round 2,A,7,-4.7245634553282,0.0
7,7,K,P,Round 2,A,7,-4.7245634553282,0.0
7,7,K,Q,Round 2,A,7,-4.7245634553282,0.0
7,7,K,R,Round 2,A,7,-4.7245634553282,0.0
7,7,K,S,Round 2,A,7,-4.7245634553282,0.0
7,7,K,T,Round 2,A,7,-4.7245634553282,0.0
7,7,K,V,Round 2,A,7,-4.7245634553282,0.0
7,7,K,W,Round 2,A,7,-4.7245634553282,0.0
7,7,K,Y,Round 2,A,7,-4.7245634553282,99.99999989999999
6,6,E,F,Round 2,A,6,-5.139600954607043,0.0
6,6,E,G,Round 2,A,6,-5.139600954607043,0.0
6,6,E,H,Round 2,A,6,-5.139600954607043,0.0
6,6,E,I,Round 2,A,6,-5.139600954607043,0.0
6,6,E,K,Round 2,A,6,-5.139600954607043,0.0
6,6,E,L,Round 2,A,6,-5.139600954607043,0.0
6,6,E,M,Round 2,A,6,-5.139600954607043,0.0
6,6,E,N,Round 2,A,6,-5.139600954607043,0.0
6,6,E,P,Round 2,A,6,-5.139600954607043,0.0
6,6,E,Q,Round 2,A,6,-5.139600954607043,0.0
6,6,E,R,Round 2,A,6,-5.139600954607043,0.0
6,6,E,S,Round 2,A,6,-5.139600954607043,0.0
6,6,E,T,Round 2,A,6,-5.139600954607043,0.0
6,6,E,V,Round 2,A,6,-5.139600954607043,0.0
6,6,E,W,Round 2,A,6,-5.139600954607043,0.0
6,6,E,Y,Round 2,A,6,-5.139600954607043,0.0
5,5,L,M,Round 2,A,5,-4.654174127436802,0.0
5,5,L,N,Round 2,A,5,-4.654174127436802,0.0
5,5,L,P,Round 2,A,5,-4.654174127436802,0.0
5,5,L,Q,Round 2,A,5,-4.654174127436802,0.0
5,5,L,R,Round 2,A,5,-4.654174127436802,0.0
5,5,L,S,Round 2,A,5,-4.654174127436802,0.0
5,5,L,T,Round 2,A,5,-4.654174127436802,0.0
5,5,L,V,Round 2,A,5,-4.654174127436802,0.0
5,5,L,W,Round 2,A,5,-4.654174127436802,0.0
5,5,L,Y,Round 2,A,5,-4.654174127436802,0.0
4,4,T,V,Round 2,A,4,-4.654174127436802,0.0
4,4,T,W,Round 2,A,4,-4.654174127436802,0.0
4,4,T,Y,Round 2,A,4,-4.654174127436802,0.0
3,3,E,F,Round 2,A,3,-4.654174127436802,0.0
3,3,E,G,Round 2,A,3,-4.654174127436802,0.0
3,3,E,H,Round 2,A,3,-4.654174127436802,0.0
3,3,E,I,Round 2,A,3,-4.654174127436802,0.0
3,3,E,K,Round 2,A,3,-4.654174127436802,0.0
3,3,E,L,Round 2,A,3,-4.654174127436802,0.0
3,3,E,M,Round 2,A,3,-4.654174127436802,0.0
3,3,E,N,Round 2,A,3,-4.654174127436802,0.0
3,3,E,P,Round 2,A,3,-4.654174127436802,0.0
3,3,E,Q,Round 2,A,3,-4.654174127436802,0.0
3,3,E,R,Round 2,A,3,-4.654174127436802,0.0
3,3,E,S,Round 2,A,3,-4.654174127436802,0.0
3,3,E,T,Round 2,A,3,-4.654174127436802,0.0
3,3,E,V,Round 2,A,3,-4.654174127436802,0.0
3,3,E,W,Round 2,A,3,-4.654174127436802,0.0
3,3,E,Y,Round 2,A,3,-4.654174127436802,0.0
2,2,E,F,Round 2,A,2,-5.032685750690532,0.0
2,2,E,G,Round 2,A,2,-5.032685750690532,0.0
2,2,E,H,Round 2,A,2,-5.032685750690532,0.0
2,2,E,I,Round 2,A,2,-5.032685750690532,0.0
2,2,E,K,Round 2,A,2,-5.032685750690532,0.0
2,2,E,L,Round 2,A,2,-5.032685750690532,0.0
2,2,E,M,Round 2,A,2,-5.032685750690532,0.0
2,2,E,N,Round 2,A,2,-5.032685750690532,0.0
2,2,E,P,Round 2,A,2,-5.032685750690532,0.0
2,2,E,Q,Round 2,A,2,-5.032685750690532,0.0
2,2,E,R,Round 2,A,2,-5.032685750690532,0.0
2,2,E,S,Round 2,A,2,-5.032685750690532,0.0
2,2,E,T,Round 2,A,2,-5.032685750690532,0.0
2,2,E,V,Round 2,A,2,-5.032685750690532,0.0
2,2,E,W,Round 2,A,2,-5.032685750690532,0.0
2,2,E,Y,Round 2,A,2,-5.032685750690532,0.0
