site,label_site,wildtype,mutation,condition,protein_chain,protein_site,site_metric,mut_metric
2,2,E,A,Round 1,A,2,-2.491748612767245,-1.84520389381575
2,2,E,D,Round 1,A,2,-2.491748612767245,-3.207773973200459
3,3,E,A,Round 1,A,3,-2.5272465405375097,-1.622811472479302
3,3,E,D,Round 1,A,3,-2.5272465405375097,-2.037848971758147
4,4,T,A,Round 1,A,4,-2.17469786959932,-2.992045282145022
4,4,T,D,Round 1,A,4,-2.17469786959932,-3.0822430911166
4,4,T,E,Round 1,A,4,-2.17469786959932,-1.359777066645509
4,4,T,F,Round 1,A,4,-2.17469786959932,-2.125311813008486
4,4,T,G,Round 1,A,4,-2.17469786959932,-1.359777066645509
4,4,T,H,Round 1,A,4,-2.17469786959932,-2.037848971758147
4,4,T,I,Round 1,A,4,-2.17469786959932,-2.622811472479302
4,4,T,K,Round 1,A,4,-2.17469786959932,-2.497280590395444
4,4,T,L,Round 1,A,4,-2.17469786959932,-2.895829966885719
4,4,T,M,Round 1,A,4,-2.17469786959932,-2.497280590395444
4,4,T,N,Round 1,A,4,-2.17469786959932,-2.622811472479302
4,4,T,P,Round 1,A,4,-2.17469786959932,-2.125311813008486
4,4,T,Q,Round 1,A,4,-2.17469786959932,0.9621510282418536
4,4,T,R,Round 1,A,4,-2.17469786959932,-2.84520389381575
4,4,T,S,Round 1,A,4,-2.17469786959932,-2.037848971758147
5,5,L,A,Round 1,A,5,-2.2240883066683637,-3.167131988703113
5,5,L,D,Round 1,A,5,-2.2240883066683637,-2.125311813008486
5,5,L,E,Round 1,A,5,-2.2240883066683637,-1.622811472479302
5,5,L,F,Round 1,A,5,-2.2240883066683637,-2.738288689899238
5,5,L,G,Round 1,A,5,-2.2240883066683637,-1.944739567366665
5,5,L,H,Round 1,A,5,-2.2240883066683637,-2.792736473921615
5,5,L,I,Round 1,A,5,-2.2240883066683637,-1.944739567366665
5,5,L,K,Round 1,A,5,-2.2240883066683637,-2.992045282145022
6,6,E,A,Round 1,A,6,-2.4010195420581915,-2.497280590395444
6,6,E,D,Round 1,A,6,-2.4010195420581915,-1.84520389381575
7,7,K,A,Round 1,A,7,-2.6560023821719647,-2.681705161532871
7,7,K,D,Round 1,A,7,-2.6560023821719647,-2.944739567366665
7,7,K,E,Round 1,A,7,-2.6560023821719647,-2.561410927815159
7,7,K,F,Round 1,A,7,-2.6560023821719647,-2.430166394536907
7,7,K,G,Round 1,A,7,-2.6560023821719647,-2.285776485201732
7,7,K,H,Round 1,A,7,-2.6560023821719647,-2.497280590395444
7,7,K,I,Round 1,A,7,-2.6560023821719647,-3.247302337387096
10,10,K,A,Round 1,A,10,-2.7839183937118843,-2.992045282145022
10,10,K,D,Round 1,A,10,-2.7839183937118843,-2.359777066645509
10,10,K,E,Round 1,A,10,-2.7839183937118843,-3.037848971758147
10,10,K,F,Round 1,A,10,-2.7839183937118843,-3.0822430911166
10,10,K,G,Round 1,A,10,-2.7839183937118843,-2.430166394536907
10,10,K,H,Round 1,A,10,-2.7839183937118843,-2.895829966885719
10,10,K,I,Round 1,A,10,-2.7839183937118843,-2.895829966885719
11,11,L,A,Round 1,A,11,-2.4099159657490214,-2.944739567366665
11,11,L,D,Round 1,A,11,-2.4099159657490214,-2.207773973200459
11,11,L,E,Round 1,A,11,-2.4099159657490214,-2.125311813008486
11,11,L,F,Round 1,A,11,-2.4099159657490214,-2.430166394536907
11,11,L,G,Round 1,A,11,-2.4099159657490214,-3.430166394536907
11,11,L,H,Round 1,A,11,-2.4099159657490214,-2.622811472479302
11,11,L,I,Round 1,A,11,-2.4099159657490214,1.274095034556594
11,11,L,K,Round 1,A,11,-2.4099159657490214,-2.738288689899238
12,12,K,A,Round 1,A,12,-2.748246513787367,-2.792736473921615
12,12,K,D,Round 1,A,12,-2.748246513787367,-3.037848971758147
12,12,K,E,Round 1,A,12,-2.748246513787367,-1.84520389381575
12,12,K,F,Round 1,A,12,-2.748246513787367,-3.207773973200459
12,12,K,G,Round 1,A,12,-2.748246513787367,-3.592437823435784
12,12,K,H,Round 1,A,12,-2.748246513787367,-2.125311813008486
12,12,K,I,Round 1,A,12,-2.748246513787367,-2.125311813008486
13,13,E,A,Round 1,A,13,-2.281762108018123,-1.037848971758146
13,13,E,D,Round 1,A,13,-2.281762108018123,-1.037848971758146
14,14,E,A,Round 1,A,14,-2.6208934277497353,-2.84520389381575
14,14,E,D,Round 1,A,14,-2.6208934277497353,-3.285776485201732
15,15,G,A,Round 1,A,15,-2.801729882666264,-3.285776485201732
15,15,G,D,Round 1,A,15,-2.801729882666264,-3.0822430911166
15,15,G,E,Round 1,A,15,-2.801729882666264,-2.895829966885719
15,15,G,F,Round 1,A,15,-2.801729882666264,-3.167131988703113
16,16,N,A,Round 1,A,16,-1.7817088749466723,2.215907620487637
16,16,N,D,Round 1,A,16,-1.7817088749466723,-2.992045282145022
16,16,N,E,Round 1,A,16,-1.7817088749466723,-2.944739567366665
16,16,N,F,Round 1,A,16,-1.7817088749466723,-3.359777066645509
16,16,N,G,Round 1,A,16,-1.7817088749466723,-2.84520389381575
16,16,N,H,Round 1,A,16,-1.7817088749466723,1.874688186991514
16,16,N,I,Round 1,A,16,-1.7817088749466723,-2.944739567366665
16,16,N,K,Round 1,A,16,-1.7817088749466723,2.734740532138781
16,16,N,L,Round 1,A,16,-1.7817088749466723,-1.207773973200459
16,16,N,M,Round 1,A,16,-1.7817088749466723,-2.738288689899238
17,17,T,A,Round 1,A,17,-2.0897091946937585,-2.84520389381575
17,17,T,D,Round 1,A,17,-2.0897091946937585,-2.359777066645509
17,17,T,E,Round 1,A,17,-2.0897091946937585,-3.125311813008486
17,17,T,F,Round 1,A,17,-2.0897091946937585,-1.738288689899239
17,17,T,G,Round 1,A,17,-2.0897091946937585,-1.497280590395444
17,17,T,H,Round 1,A,17,-2.0897091946937585,-2.622811472479302
17,17,T,I,Round 1,A,17,-2.0897091946937585,-2.895829966885719
17,17,T,K,Round 1,A,17,-2.0897091946937585,-2.561410927815159
17,17,T,L,Round 1,A,17,-2.0897091946937585,-2.944739567366665
17,17,T,M,Round 1,A,17,-2.0897091946937585,-3.247302337387096
17,17,T,N,Round 1,A,17,-2.0897091946937585,-1.738288689899239
17,17,T,P,Round 1,A,17,-2.0897091946937585,3.614227724821547
17,17,T,Q,Round 1,A,17,-2.0897091946937585,-0.03784897175814651
17,17,T,R,Round 1,A,17,-2.0897091946937585,-2.561410927815159
17,17,T,S,Round 1,A,17,-2.0897091946937585,-2.207773973200459
18,18,E,A,Round 1,A,18,-2.564536221407773,-3.167131988703113
18,18,E,D,Round 1,A,18,-2.564536221407773,-3.430166394536907
19,19,E,A,Round 1,A,19,-2.652435645917299,-3.464113726460244
19,19,E,D,Round 1,A,19,-2.652435645917299,-2.037848971758147
21,21,S,A,Round 1,A,21,-2.6210017422681497,-2.84520389381575
21,21,S,D,Round 1,A,21,-2.6210017422681497,-2.622811472479302
21,21,S,E,Round 1,A,21,-2.6210017422681497,-2.895829966885719
21,21,S,F,Round 1,A,21,-2.6210017422681497,-2.430166394536907
21,21,S,G,Round 1,A,21,-2.6210017422681497,-1.944739567366665
21,21,S,H,Round 1,A,21,-2.6210017422681497,-2.895829966885719
21,21,S,I,Round 1,A,21,-2.6210017422681497,-2.359777066645509
21,21,S,K,Round 1,A,21,-2.6210017422681497,-2.944739567366665
21,21,S,L,Round 1,A,21,-2.6210017422681497,-3.037848971758147
21,21,S,M,Round 1,A,21,-2.6210017422681497,-1.622811472479302
21,21,S,N,Round 1,A,21,-2.6210017422681497,-2.738288689899238
21,21,S,P,Round 1,A,21,-2.6210017422681497,-2.359777066645509
21,21,S,Q,Round 1,A,21,-2.6210017422681497,-2.895829966885719
21,21,S,R,Round 1,A,21,-2.6210017422681497,-2.792736473921615
22,22,E,A,Round 1,A,22,-2.4688310554365382,-2.84520389381575
22,22,E,D,Round 1,A,22,-2.4688310554365382,-1.738288689899239
23,23,K,A,Round 1,A,23,-2.596340147221574,-2.430166394536907
23,23,K,D,Round 1,A,23,-2.596340147221574,-2.895829966885719
23,23,K,E,Round 1,A,23,-2.596340147221574,-2.359777066645509
23,23,K,F,Round 1,A,23,-2.596340147221574,-2.430166394536907
23,23,K,G,Round 1,A,23,-2.596340147221574,-3.323251190620395
23,23,K,H,Round 1,A,23,-2.596340147221574,-3.359777066645509
23,23,K,I,Round 1,A,23,-2.596340147221574,-2.207773973200459
24,24,L,A,Round 1,A,24,-2.5903192912781208,-2.497280590395444
24,24,L,D,Round 1,A,24,-2.5903192912781208,-1.497280590395444
24,24,L,E,Round 1,A,24,-2.5903192912781208,-2.895829966885719
24,24,L,F,Round 1,A,24,-2.5903192912781208,-1.622811472479302
24,24,L,G,Round 1,A,24,-2.5903192912781208,-3.652558815873355
24,24,L,H,Round 1,A,24,-2.5903192912781208,-2.359777066645509
24,24,L,I,Round 1,A,24,-2.5903192912781208,-2.738288689899238
24,24,L,K,Round 1,A,24,-2.5903192912781208,-2.895829966885719
25,25,K,A,Round 1,A,25,-2.493428683406209,-1.497280590395444
25,25,K,D,Round 1,A,25,-2.493428683406209,-3.0822430911166
25,25,K,E,Round 1,A,25,-2.493428683406209,-2.561410927815159
25,25,K,F,Round 1,A,25,-2.493428683406209,-2.430166394536907
25,25,K,G,Round 1,A,25,-2.493428683406209,-1.681705161532871
25,25,K,H,Round 1,A,25,-2.493428683406209,-2.430166394536907
25,25,K,I,Round 1,A,25,-2.493428683406209,-2.84520389381575
26,26,E,A,Round 1,A,26,-2.2151770639256876,-2.497280590395444
26,26,E,D,Round 1,A,26,-2.2151770639256876,-1.738288689899239
28,28,M,A,Round 1,A,28,-2.2222251173823455,-2.681705161532871
28,28,M,D,Round 1,A,28,-2.2222251173823455,-2.359777066645509
28,28,M,E,Round 1,A,28,-2.2222251173823455,-2.681705161532871
28,28,M,F,Round 1,A,28,-2.2222251173823455,-2.561410927815159
28,28,M,G,Round 1,A,28,-2.2222251173823455,-2.430166394536907
28,28,M,H,Round 1,A,28,-2.2222251173823455,-2.681705161532871
28,28,M,I,Round 1,A,28,-2.2222251173823455,-3.0822430911166
28,28,M,K,Round 1,A,28,-2.2222251173823455,-2.622811472479302
28,28,M,L,Round 1,A,28,-2.2222251173823455,-1.497280590395444
29,29,K,A,Round 1,A,29,-2.3759226070951365,-2.738288689899238
29,29,K,D,Round 1,A,29,-2.3759226070951365,-3.285776485201732
29,29,K,E,Round 1,A,29,-2.3759226070951365,1.125649760524733
29,29,K,F,Round 1,A,29,-2.3759226070951365,-2.992045282145022
29,29,K,G,Round 1,A,29,-2.3759226070951365,-2.681705161532871
29,29,K,H,Round 1,A,29,-2.3759226070951365,-2.895829966885719
29,29,K,I,Round 1,A,29,-2.3759226070951365,-2.037848971758147
30,30,K,A,Round 1,A,30,-2.6168547712609973,-2.561410927815159
30,30,K,D,Round 1,A,30,-2.6168547712609973,-2.285776485201732
30,30,K,E,Round 1,A,30,-2.6168547712609973,-1.738288689899239
30,30,K,F,Round 1,A,30,-2.6168547712609973,-3.652558815873355
30,30,K,G,Round 1,A,30,-2.6168547712609973,-2.738288689899238
30,30,K,H,Round 1,A,30,-2.6168547712609973,-2.561410927815159
30,30,K,I,Round 1,A,30,-2.6168547712609973,-2.895829966885719
31,31,S,A,Round 1,A,31,-2.5227183805670026,-2.359777066645509
31,31,S,D,Round 1,A,31,-2.5227183805670026,-2.944739567366665
31,31,S,E,Round 1,A,31,-2.5227183805670026,-1.359777066645509
31,31,S,F,Round 1,A,31,-2.5227183805670026,-2.792736473921615
31,31,S,G,Round 1,A,31,-2.5227183805670026,-2.681705161532871
31,31,S,H,Round 1,A,31,-2.5227183805670026,-2.738288689899238
31,31,S,I,Round 1,A,31,-2.5227183805670026,-2.895829966885719
31,31,S,K,Round 1,A,31,-2.5227183805670026,-2.895829966885719
31,31,S,L,Round 1,A,31,-2.5227183805670026,-2.944739567366665
31,31,S,M,Round 1,A,31,-2.5227183805670026,-2.792736473921615
31,31,S,N,Round 1,A,31,-2.5227183805670026,-2.125311813008486
31,31,S,P,Round 1,A,31,-2.5227183805670026,-2.622811472479302
31,31,S,Q,Round 1,A,31,-2.5227183805670026,-2.738288689899238
31,31,S,R,Round 1,A,31,-2.5227183805670026,-2.207773973200459
32,32,L,A,Round 1,A,32,-2.653739254108485,-2.792736473921615
32,32,L,D,Round 1,A,32,-2.653739254108485,-2.895829966885719
32,32,L,E,Round 1,A,32,-2.653739254108485,-2.359777066645509
32,32,L,F,Round 1,A,32,-2.653739254108485,-2.497280590395444
32,32,L,G,Round 1,A,32,-2.653739254108485,-3.207773973200459
32,32,L,H,Round 1,A,32,-2.653739254108485,-2.622811472479302
32,32,L,I,Round 1,A,32,-2.653739254108485,-3.765769426321346
32,32,L,K,Round 1,A,32,-2.653739254108485,-2.792736473921615
33,33,E,A,Round 1,A,33,-2.8102039661797837,-3.464113726460244
33,33,E,D,Round 1,A,33,-2.8102039661797837,-2.681705161532871
34,34,E,A,Round 1,A,34,-2.520222592310124,-3.167131988703113
34,34,E,D,Round 1,A,34,-2.520222592310124,-2.895829966885719
35,35,G,A,Round 1,A,35,-2.3640239484321155,-3.125311813008486
35,35,G,C,Round 1,A,35,-2.3640239484321155,0.9621510282418535
35,35,G,D,Round 1,A,35,-2.3640239484321155,-3.0822430911166
35,35,G,E,Round 1,A,35,-2.3640239484321155,-2.359777066645509
35,35,G,F,Round 1,A,35,-2.3640239484321155,-2.792736473921615
36,36,D,A,Round 1,A,36,-1.9635323777926974,-2.561410927815159
36,36,D,C,Round 1,A,36,-1.9635323777926974,2.962151028241853
37,37,Y,A,Round 1,A,37,-2.7152769381124617,-2.895829966885719
37,37,Y,D,Round 1,A,37,-2.7152769381124617,-2.84520389381575
37,37,Y,E,Round 1,A,37,-2.7152769381124617,-2.792736473921615
37,37,Y,F,Round 1,A,37,-2.7152769381124617,-3.167131988703113
37,37,Y,G,Round 1,A,37,-2.7152769381124617,-2.207773973200459
37,37,Y,H,Round 1,A,37,-2.7152769381124617,-3.125311813008486
37,37,Y,I,Round 1,A,37,-2.7152769381124617,-2.738288689899238
37,37,Y,K,Round 1,A,37,-2.7152769381124617,-2.497280590395444
37,37,Y,L,Round 1,A,37,-2.7152769381124617,-2.125311813008486
37,37,Y,M,Round 1,A,37,-2.7152769381124617,-2.944739567366665
37,37,Y,N,Round 1,A,37,-2.7152769381124617,-1.84520389381575
37,37,Y,P,Round 1,A,37,-2.7152769381124617,-2.497280590395444
37,37,Y,Q,Round 1,A,37,-2.7152769381124617,-2.792736473921615
37,37,Y,R,Round 1,A,37,-2.7152769381124617,-2.497280590395444
37,37,Y,S,Round 1,A,37,-2.7152769381124617,-2.738288689899238
37,37,Y,T,Round 1,A,37,-2.7152769381124617,-3.207773973200459
37,37,Y,V,Round 1,A,37,-2.7152769381124617,-2.561410927815159
37,37,Y,W,Round 1,A,37,-2.7152769381124617,-3.39540097637623
38,38,E,A,Round 1,A,38,-1.4631790891175247,-2.207773973200459
38,38,E,D,Round 1,A,38,-1.4631790891175247,-2.622811472479302
39,39,N,A,Round 1,A,39,-1.6139293937227348,-1.622811472479302
39,39,N,D,Round 1,A,39,-1.6139293937227348,-2.622811472479302
39,39,N,E,Round 1,A,39,-1.6139293937227348,-1.84520389381575
39,39,N,F,Round 1,A,39,-1.6139293937227348,3.306105429459215
39,39,N,G,Round 1,A,39,-1.6139293937227348,-2.84520389381575
39,39,N,H,Round 1,A,39,-1.6139293937227348,-3.359777066645509
39,39,N,I,Round 1,A,39,-1.6139293937227348,-0.8452038938157505
39,39,N,K,Round 1,A,39,-1.6139293937227348,-1.944739567366665
39,39,N,L,Round 1,A,39,-1.6139293937227348,-3.622811472479302
39,39,N,M,Round 1,A,39,-1.6139293937227348,-3.207773973200459
40,40,Y,A,Round 1,A,40,-2.515501769303592,-1.84520389381575
40,40,Y,D,Round 1,A,40,-2.515501769303592,-3.125311813008486
40,40,Y,E,Round 1,A,40,-2.515501769303592,-2.430166394536907
40,40,Y,F,Round 1,A,40,-2.515501769303592,-2.497280590395444
40,40,Y,G,Round 1,A,40,-2.515501769303592,-2.285776485201732
40,40,Y,H,Round 1,A,40,-2.515501769303592,-1.84520389381575
40,40,Y,I,Round 1,A,40,-2.515501769303592,-2.125311813008486
40,40,Y,K,Round 1,A,40,-2.515501769303592,-2.681705161532871
40,40,Y,L,Round 1,A,40,-2.515501769303592,-2.681705161532871
40,40,Y,M,Round 1,A,40,-2.515501769303592,-3.430166394536907
40,40,Y,N,Round 1,A,40,-2.515501769303592,-2.497280590395444
40,40,Y,P,Round 1,A,40,-2.515501769303592,-2.359777066645509
40,40,Y,Q,Round 1,A,40,-2.515501769303592,-2.285776485201732
40,40,Y,R,Round 1,A,40,-2.515501769303592,-2.681705161532871
40,40,Y,S,Round 1,A,40,-2.515501769303592,-2.944739567366665
40,40,Y,T,Round 1,A,40,-2.515501769303592,-2.561410927815159
40,40,Y,V,Round 1,A,40,-2.515501769303592,-2.792736473921615
40,40,Y,W,Round 1,A,40,-2.515501769303592,-2.207773973200459
41,41,T,A,Round 1,A,41,-2.240490665817388,-3.037848971758147
41,41,T,C,Round 1,A,41,-2.240490665817388,0.9621510282418535
41,41,T,D,Round 1,A,41,-2.240490665817388,-2.561410927815159
41,41,T,E,Round 1,A,41,-2.240490665817388,-2.681705161532871
41,41,T,F,Round 1,A,41,-2.240490665817388,-2.430166394536907
41,41,T,G,Round 1,A,41,-2.240490665817388,-1.738288689899239
41,41,T,H,Round 1,A,41,-2.240490665817388,-2.738288689899238
41,41,T,I,Round 1,A,41,-2.240490665817388,-3.125311813008486
41,41,T,K,Round 1,A,41,-2.240490665817388,-2.992045282145022
41,41,T,L,Round 1,A,41,-2.240490665817388,-2.992045282145022
41,41,T,M,Round 1,A,41,-2.240490665817388,-3.323251190620395
41,41,T,N,Round 1,A,41,-2.240490665817388,-2.561410927815159
41,41,T,P,Round 1,A,41,-2.240490665817388,3.299186015519424
41,41,T,Q,Round 1,A,41,-2.240490665817388,-2.125311813008486
41,41,T,R,Round 1,A,41,-2.240490665817388,-3.0822430911166
41,41,T,S,Round 1,A,41,-2.240490665817388,-2.895829966885719
42,42,R,A,Round 1,A,42,2.3232009265837377,-1.037848971758146
42,42,R,C,Round 1,A,42,2.3232009265837377,1.962151028241854
42,42,R,D,Round 1,A,42,2.3232009265837377,-3.285776485201732
42,42,R,E,Round 1,A,42,2.3232009265837377,-3.944739567366665
42,42,R,F,Round 1,A,42,2.3232009265837377,5.410909145364699
42,42,R,G,Round 1,A,42,2.3232009265837377,6.736938087843027
42,42,R,H,Round 1,A,42,2.3232009265837377,2.762842220018447
42,42,R,I,Round 1,A,42,2.3232009265837377,6.158548241045357
42,42,R,K,Round 1,A,42,2.3232009265837377,-2.622811472479302
42,42,R,L,Round 1,A,42,2.3232009265837377,6.506471544465664
42,42,R,M,Round 1,A,42,2.3232009265837377,5.433456747167443
42,42,R,N,Round 1,A,42,2.3232009265837377,-3.622811472479302
42,42,R,P,Round 1,A,42,2.3232009265837377,-1.738288689899239
42,42,R,Q,Round 1,A,42,2.3232009265837377,4.703618014643
43,43,F,A,Round 1,A,43,-2.4456547530716333,-1.622811472479302
43,43,F,C,Round 1,A,43,-2.4456547530716333,1.962151028241854
43,43,F,D,Round 1,A,43,-2.4456547530716333,-2.561410927815159
43,43,F,E,Round 1,A,43,-2.4456547530716333,-2.622811472479302
44,44,L,A,Round 1,A,44,-2.269935549873912,-0.6228114724793025
44,44,L,D,Round 1,A,44,-2.269935549873912,-3.323251190620395
44,44,L,E,Round 1,A,44,-2.269935549873912,-3.464113726460244
44,44,L,F,Round 1,A,44,-2.269935549873912,-3.0822430911166
44,44,L,G,Round 1,A,44,-2.269935549873912,-2.285776485201732
44,44,L,H,Round 1,A,44,-2.269935549873912,-2.622811472479302
44,44,L,I,Round 1,A,44,-2.269935549873912,3.272491148854004
44,44,L,K,Round 1,A,44,-2.269935549873912,-2.285776485201732
45,45,I,A,Round 1,A,45,-2.6518544785827998,-1.359777066645509
45,45,I,D,Round 1,A,45,-2.6518544785827998,-2.285776485201732
45,45,I,E,Round 1,A,45,-2.6518544785827998,-3.529702068087821
45,45,I,F,Round 1,A,45,-2.6518544785827998,-0.3597770666455088
45,45,I,G,Round 1,A,45,-2.6518544785827998,-3.207773973200459
45,45,I,H,Round 1,A,45,-2.6518544785827998,-3.207773973200459
46,46,L,A,Round 1,A,46,-2.603016269852564,-2.207773973200459
46,46,L,D,Round 1,A,46,-2.603016269852564,-2.792736473921615
46,46,L,E,Round 1,A,46,-2.603016269852564,-2.497280590395444
46,46,L,F,Round 1,A,46,-2.603016269852564,-2.84520389381575
46,46,L,G,Round 1,A,46,-2.603016269852564,-3.285776485201732
46,46,L,H,Round 1,A,46,-2.603016269852564,-2.125311813008486
46,46,L,I,Round 1,A,46,-2.603016269852564,-2.037848971758147
46,46,L,K,Round 1,A,46,-2.603016269852564,-2.125311813008486
47,47,N,A,Round 1,A,47,-2.0682154489200943,-2.944739567366665
47,47,N,D,Round 1,A,47,-2.0682154489200943,-3.710274313729642
47,47,N,E,Round 1,A,47,-2.0682154489200943,-3.207773973200459
47,47,N,F,Round 1,A,47,-2.0682154489200943,-2.895829966885719
47,47,N,G,Round 1,A,47,-2.0682154489200943,-2.359777066645509
47,47,N,H,Round 1,A,47,-2.0682154489200943,-1.497280590395444
47,47,N,I,Round 1,A,47,-2.0682154489200943,2.727685774604831
47,47,N,K,Round 1,A,47,-2.0682154489200943,-2.622811472479302
47,47,N,L,Round 1,A,47,-2.0682154489200943,-2.359777066645509
47,47,N,M,Round 1,A,47,-2.0682154489200943,-3.84520389381575
48,48,F,A,Round 1,A,48,-2.592106220284451,-1.497280590395444
48,48,F,D,Round 1,A,48,-2.592106220284451,-2.681705161532871
48,48,F,E,Round 1,A,48,-2.592106220284451,-2.84520389381575
49,49,Q,A,Round 1,A,49,-0.982388087617833,-1.992045282145022
49,49,Q,D,Round 1,A,49,-0.982388087617833,-2.792736473921615
49,49,Q,E,Round 1,A,49,-0.982388087617833,-2.84520389381575
49,49,Q,F,Round 1,A,49,-0.982388087617833,4.192448647663648
49,49,Q,G,Round 1,A,49,-0.982388087617833,-2.622811472479302
49,49,Q,H,Round 1,A,49,-0.982388087617833,-3.285776485201732
49,49,Q,I,Round 1,A,49,-0.982388087617833,-2.497280590395444
49,49,Q,K,Round 1,A,49,-0.982388087617833,-3.037848971758147
49,49,Q,L,Round 1,A,49,-0.982388087617833,-2.681705161532871
49,49,Q,M,Round 1,A,49,-0.982388087617833,-2.430166394536907
49,49,Q,N,Round 1,A,49,-0.982388087617833,-1.738288689899239
49,49,Q,P,Round 1,A,49,-0.982388087617833,-3.125311813008486
50,50,W,A,Round 1,A,50,-2.4593630292596926,-2.681705161532871
50,50,W,D,Round 1,A,50,-2.4593630292596926,-2.207773973200459
50,50,W,E,Round 1,A,50,-2.4593630292596926,-1.359777066645509
50,50,W,F,Round 1,A,50,-2.4593630292596926,-2.738288689899238
50,50,W,G,Round 1,A,50,-2.4593630292596926,-2.738288689899238
50,50,W,H,Round 1,A,50,-2.4593630292596926,-1.84520389381575
50,50,W,I,Round 1,A,50,-2.4593630292596926,-2.285776485201732
50,50,W,K,Round 1,A,50,-2.4593630292596926,-2.792736473921615
50,50,W,L,Round 1,A,50,-2.4593630292596926,-3.125311813008486
50,50,W,M,Round 1,A,50,-2.4593630292596926,-2.84520389381575
50,50,W,N,Round 1,A,50,-2.4593630292596926,-3.167131988703113
50,50,W,P,Round 1,A,50,-2.4593630292596926,-3.167131988703113
50,50,W,Q,Round 1,A,50,-2.4593630292596926,-2.037848971758147
50,50,W,R,Round 1,A,50,-2.4593630292596926,-2.207773973200459
50,50,W,S,Round 1,A,50,-2.4593630292596926,-2.84520389381575
50,50,W,T,Round 1,A,50,-2.4593630292596926,-1.738288689899239
50,50,W,V,Round 1,A,50,-2.4593630292596926,-2.359777066645509
51,51,T,A,Round 1,A,51,-2.266922160926921,-0.3597770666455088
51,51,T,D,Round 1,A,51,-2.266922160926921,-3.359777066645509
51,51,T,E,Round 1,A,51,-2.266922160926921,-1.944739567366665
51,51,T,F,Round 1,A,51,-2.266922160926921,-2.561410927815159
51,51,T,G,Round 1,A,51,-2.266922160926921,-2.681705161532871
51,51,T,H,Round 1,A,51,-2.266922160926921,-2.895829966885719
51,51,T,I,Round 1,A,51,-2.266922160926921,-3.125311813008486
51,51,T,K,Round 1,A,51,-2.266922160926921,-2.125311813008486
51,51,T,L,Round 1,A,51,-2.266922160926921,-3.037848971758147
51,51,T,M,Round 1,A,51,-2.266922160926921,-2.792736473921615
51,51,T,N,Round 1,A,51,-2.266922160926921,-2.561410927815159
51,51,T,P,Round 1,A,51,-2.266922160926921,-2.622811472479302
51,51,T,Q,Round 1,A,51,-2.266922160926921,-2.84520389381575
51,51,T,R,Round 1,A,51,-2.266922160926921,-1.84520389381575
51,51,T,S,Round 1,A,51,-2.266922160926921,-3.125311813008486
52,52,G,A,Round 1,A,52,-0.5302180961146243,-2.497280590395444
52,52,G,C,Round 1,A,52,-0.5302180961146243,0.9621510282418535
52,52,G,D,Round 1,A,52,-0.5302180961146243,-2.207773973200459
52,52,G,E,Round 1,A,52,-0.5302180961146243,-1.497280590395444
52,52,G,F,Round 1,A,52,-0.5302180961146243,3.769505950299458
53,53,S,A,Round 1,A,53,-2.112130994998797,-2.622811472479302
53,53,S,D,Round 1,A,53,-2.112130994998797,-3.0822430911166
53,53,S,E,Round 1,A,53,-2.112130994998797,-2.359777066645509
53,53,S,F,Round 1,A,53,-2.112130994998797,-2.792736473921615
53,53,S,G,Round 1,A,53,-2.112130994998797,-0.9447395673666651
53,53,S,H,Round 1,A,53,-2.112130994998797,-2.430166394536907
53,53,S,I,Round 1,A,53,-2.112130994998797,-2.681705161532871
53,53,S,K,Round 1,A,53,-2.112130994998797,-1.84520389381575
53,53,S,L,Round 1,A,53,-2.112130994998797,-1.497280590395444
53,53,S,M,Round 1,A,53,-2.112130994998797,-2.430166394536907
53,53,S,N,Round 1,A,53,-2.112130994998797,-3.430166394536907
53,53,S,P,Round 1,A,53,-2.112130994998797,-3.285776485201732
53,53,S,Q,Round 1,A,53,-2.112130994998797,-1.84520389381575
53,53,S,R,Round 1,A,53,-2.112130994998797,-2.792736473921615
54,54,S,A,Round 1,A,54,-2.2653190615915446,-3.247302337387096
54,54,S,D,Round 1,A,54,-2.2653190615915446,-2.738288689899238
54,54,S,E,Round 1,A,54,-2.2653190615915446,-2.944739567366665
54,54,S,F,Round 1,A,54,-2.2653190615915446,-1.84520389381575
54,54,S,G,Round 1,A,54,-2.2653190615915446,-2.622811472479302
54,54,S,H,Round 1,A,54,-2.2653190615915446,-3.0822430911166
54,54,S,I,Round 1,A,54,-2.2653190615915446,-2.738288689899238
54,54,S,K,Round 1,A,54,-2.2653190615915446,-2.561410927815159
54,54,S,L,Round 1,A,54,-2.2653190615915446,-2.738288689899238
54,54,S,M,Round 1,A,54,-2.2653190615915446,-2.359777066645509
54,54,S,N,Round 1,A,54,-2.2653190615915446,-2.207773973200459
54,54,S,P,Round 1,A,54,-2.2653190615915446,-2.207773973200459
54,54,S,Q,Round 1,A,54,-2.2653190615915446,-2.359777066645509
54,54,S,R,Round 1,A,54,-2.2653190615915446,-1.497280590395444
55,55,E,A,Round 1,A,55,-2.637261873562238,-2.622811472479302
55,55,E,D,Round 1,A,55,-2.637261873562238,-2.792736473921615
56,56,T,A,Round 1,A,56,-2.55322462577065,-2.992045282145022
56,56,T,D,Round 1,A,56,-2.55322462577065,-2.285776485201732
56,56,T,E,Round 1,A,56,-2.55322462577065,-2.497280590395444
56,56,T,F,Round 1,A,56,-2.55322462577065,-3.0822430911166
56,56,T,G,Round 1,A,56,-2.55322462577065,-2.497280590395444
56,56,T,H,Round 1,A,56,-2.55322462577065,-3.285776485201732
56,56,T,I,Round 1,A,56,-2.55322462577065,-2.207773973200459
56,56,T,K,Round 1,A,56,-2.55322462577065,-2.037848971758147
56,56,T,L,Round 1,A,56,-2.55322462577065,-1.622811472479302
56,56,T,M,Round 1,A,56,-2.55322462577065,-2.285776485201732
56,56,T,N,Round 1,A,56,-2.55322462577065,-2.792736473921615
56,56,T,P,Round 1,A,56,-2.55322462577065,-2.792736473921615
56,56,T,Q,Round 1,A,56,-2.55322462577065,-2.497280590395444
56,56,T,R,Round 1,A,56,-2.55322462577065,-2.84520389381575
56,56,T,S,Round 1,A,56,-2.55322462577065,-3.323251190620395
59,59,E,A,Round 1,A,59,-2.6438868230086854,-2.792736473921615
59,59,E,D,Round 1,A,59,-2.6438868230086854,-2.738288689899238
60,60,N,A,Round 1,A,60,-2.138640465875808,-2.792736473921615
60,60,N,D,Round 1,A,60,-2.138640465875808,-2.037848971758147
60,60,N,E,Round 1,A,60,-2.138640465875808,-2.430166394536907
60,60,N,F,Round 1,A,60,-2.138640465875808,-3.207773973200459
60,60,N,G,Round 1,A,60,-2.138640465875808,-2.792736473921615
60,60,N,H,Round 1,A,60,-2.138640465875808,2.629575689154983
60,60,N,I,Round 1,A,60,-2.138640465875808,-3.592437823435784
60,60,N,K,Round 1,A,60,-2.138640465875808,-2.285776485201732
60,60,N,L,Round 1,A,60,-2.138640465875808,-2.792736473921615
60,60,N,M,Round 1,A,60,-2.138640465875808,-2.992045282145022
62,62,K,A,Round 1,A,62,-2.3570521901986257,-2.792736473921615
62,62,K,D,Round 1,A,62,-2.3570521901986257,-1.944739567366665
62,62,K,E,Round 1,A,62,-2.3570521901986257,-1.359777066645509
62,62,K,F,Round 1,A,62,-2.3570521901986257,2.606007218016578
62,62,K,G,Round 1,A,62,-2.3570521901986257,-2.84520389381575
62,62,K,H,Round 1,A,62,-2.3570521901986257,-2.125311813008486
62,62,K,I,Round 1,A,62,-2.3570521901986257,-2.285776485201732
63,63,E,A,Round 1,A,63,-2.59647299695348,-2.285776485201732
63,63,E,D,Round 1,A,63,-2.59647299695348,-2.125311813008486
65,65,E,A,Round 1,A,65,-2.316979741143406,-2.125311813008486
65,65,E,D,Round 1,A,65,-2.316979741143406,-2.992045282145022
65,65,E,F,Round 1,A,65,-2.316979741143406,-2.561410927815159
65,65,E,G,Round 1,A,65,-2.316979741143406,-2.622811472479302
65,65,E,H,Round 1,A,65,-2.316979741143406,-2.430166394536907
65,65,E,I,Round 1,A,65,-2.316979741143406,-2.125311813008486
65,65,E,K,Round 1,A,65,-2.316979741143406,-1.622811472479302
65,65,E,L,Round 1,A,65,-2.316979741143406,2.16145983646526
65,65,E,M,Round 1,A,65,-2.316979741143406,-3.359777066645509
65,65,E,N,Round 1,A,65,-2.316979741143406,-2.84520389381575
65,65,E,P,Round 1,A,65,-2.316979741143406,-3.125311813008486
65,65,E,Q,Round 1,A,65,-2.316979741143406,-1.944739567366665
65,65,E,R,Round 1,A,65,-2.316979741143406,-2.285776485201732
65,65,E,S,Round 1,A,65,-2.316979741143406,-3.285776485201732
65,65,E,T,Round 1,A,65,-2.316979741143406,-3.0822430911166
65,65,E,V,Round 1,A,65,-2.316979741143406,-2.207773973200459
65,65,E,W,Round 1,A,65,-2.316979741143406,-3.125311813008486
65,65,E,Y,Round 1,A,65,-2.316979741143406,-2.125311813008486
64,64,A,D,Round 1,A,64,-2.3038925915309583,-2.430166394536907
64,64,A,E,Round 1,A,64,-2.3038925915309583,-2.430166394536907
64,64,A,F,Round 1,A,64,-2.3038925915309583,-3.0822430911166
64,64,A,G,Round 1,A,64,-2.3038925915309583,-3.0822430911166
64,64,A,H,Round 1,A,64,-2.3038925915309583,-1.622811472479302
64,64,A,I,Round 1,A,64,-2.3038925915309583,-3.652558815873355
64,64,A,K,Round 1,A,64,-2.3038925915309583,-2.207773973200459
64,64,A,L,Round 1,A,64,-2.3038925915309583,-2.681705161532871
64,64,A,M,Round 1,A,64,-2.3038925915309583,-2.207773973200459
64,64,A,N,Round 1,A,64,-2.3038925915309583,-1.622811472479302
64,64,A,P,Round 1,A,64,-2.3038925915309583,-2.207773973200459
64,64,A,Q,Round 1,A,64,-2.3038925915309583,-3.0822430911166
64,64,A,R,Round 1,A,64,-2.3038925915309583,1.801686356048607
64,64,A,S,Round 1,A,64,-2.3038925915309583,-1.738288689899239
64,64,A,T,Round 1,A,64,-2.3038925915309583,-3.39540097637623
64,64,A,V,Round 1,A,64,-2.3038925915309583,-2.622811472479302
64,64,A,W,Round 1,A,64,-2.3038925915309583,-2.84520389381575
64,64,A,Y,Round 1,A,64,-2.3038925915309583,-2.359777066645509
63,63,E,F,Round 1,A,63,-2.59647299695348,-2.285776485201732
63,63,E,G,Round 1,A,63,-2.59647299695348,-2.207773973200459
63,63,E,H,Round 1,A,63,-2.59647299695348,-3.464113726460244
63,63,E,I,Round 1,A,63,-2.59647299695348,-1.622811472479302
63,63,E,K,Round 1,A,63,-2.59647299695348,-2.285776485201732
63,63,E,L,Round 1,A,63,-2.59647299695348,-3.125311813008486
63,63,E,M,Round 1,A,63,-2.59647299695348,-3.0822430911166
63,63,E,N,Round 1,A,63,-2.59647299695348,-3.037848971758147
63,63,E,P,Round 1,A,63,-2.59647299695348,-3.39540097637623
63,63,E,Q,Round 1,A,63,-2.59647299695348,-2.561410927815159
63,63,E,R,Round 1,A,63,-2.59647299695348,-1.944739567366665
63,63,E,S,Round 1,A,63,-2.59647299695348,-2.681705161532871
63,63,E,T,Round 1,A,63,-2.59647299695348,-2.681705161532871
63,63,E,V,Round 1,A,63,-2.59647299695348,-2.430166394536907
63,63,E,W,Round 1,A,63,-2.59647299695348,-2.895829966885719
63,63,E,Y,Round 1,A,63,-2.59647299695348,-2.622811472479302
62,62,K,L,Round 1,A,62,-2.3570521901986257,-3.0822430911166
62,62,K,M,Round 1,A,62,-2.3570521901986257,-2.430166394536907
62,62,K,N,Round 1,A,62,-2.3570521901986257,-1.944739567366665
62,62,K,P,Round 1,A,62,-2.3570521901986257,-2.359777066645509
62,62,K,Q,Round 1,A,62,-2.3570521901986257,-3.39540097637623
62,62,K,R,Round 1,A,62,-2.3570521901986257,-2.681705161532871
62,62,K,S,Round 1,A,62,-2.3570521901986257,-3.247302337387096
62,62,K,T,Round 1,A,62,-2.3570521901986257,-3.207773973200459
62,62,K,V,Round 1,A,62,-2.3570521901986257,-3.167131988703113
62,62,K,W,Round 1,A,62,-2.3570521901986257,-3.125311813008486
62,62,K,Y,Round 1,A,62,-2.3570521901986257,-3.037848971758147
61,61,A,D,Round 1,A,61,-2.627549008411904,-2.84520389381575
61,61,A,E,Round 1,A,61,-2.627549008411904,-3.167131988703113
61,61,A,F,Round 1,A,61,-2.627549008411904,-2.497280590395444
61,61,A,G,Round 1,A,61,-2.627549008411904,-2.430166394536907
61,61,A,H,Round 1,A,61,-2.627549008411904,-2.992045282145022
61,61,A,I,Round 1,A,61,-2.627549008411904,-3.323251190620395
61,61,A,K,Round 1,A,61,-2.627549008411904,-2.037848971758147
61,61,A,L,Round 1,A,61,-2.627549008411904,-2.497280590395444
61,61,A,M,Round 1,A,61,-2.627549008411904,-2.359777066645509
61,61,A,N,Round 1,A,61,-2.627549008411904,-3.497280590395444
61,61,A,P,Round 1,A,61,-2.627549008411904,-2.125311813008486
61,61,A,Q,Round 1,A,61,-2.627549008411904,-2.207773973200459
61,61,A,R,Round 1,A,61,-2.627549008411904,-2.622811472479302
61,61,A,S,Round 1,A,61,-2.627549008411904,-1.738288689899239
61,61,A,T,Round 1,A,61,-2.627549008411904,-2.944739567366665
61,61,A,V,Round 1,A,61,-2.627549008411904,-2.497280590395444
61,61,A,W,Round 1,A,61,-2.627549008411904,-2.430166394536907
61,61,A,Y,Round 1,A,61,-2.627549008411904,-3.0822430911166
60,60,N,P,Round 1,A,60,-2.138640465875808,-2.497280590395444
60,60,N,Q,Round 1,A,60,-2.138640465875808,-1.497280590395444
60,60,N,R,Round 1,A,60,-2.138640465875808,-2.497280590395444
60,60,N,S,Round 1,A,60,-2.138640465875808,-1.359777066645509
60,60,N,T,Round 1,A,60,-2.138640465875808,-1.207773973200459
60,60,N,V,Round 1,A,60,-2.138640465875808,-2.207773973200459
60,60,N,W,Round 1,A,60,-2.138640465875808,-2.037848971758147
60,60,N,Y,Round 1,A,60,-2.138640465875808,-2.895829966885719
59,59,E,F,Round 1,A,59,-2.6438868230086854,-2.497280590395444
59,59,E,G,Round 1,A,59,-2.6438868230086854,-3.167131988703113
59,59,E,H,Round 1,A,59,-2.6438868230086854,-2.622811472479302
59,59,E,I,Round 1,A,59,-2.6438868230086854,-2.895829966885719
59,59,E,K,Round 1,A,59,-2.6438868230086854,-2.430166394536907
59,59,E,L,Round 1,A,59,-2.6438868230086854,-3.323251190620395
59,59,E,M,Round 1,A,59,-2.6438868230086854,-2.681705161532871
59,59,E,N,Round 1,A,59,-2.6438868230086854,-3.285776485201732
59,59,E,P,Round 1,A,59,-2.6438868230086854,-2.430166394536907
59,59,E,Q,Round 1,A,59,-2.6438868230086854,-2.430166394536907
59,59,E,R,Round 1,A,59,-2.6438868230086854,-3.430166394536907
59,59,E,S,Round 1,A,59,-2.6438868230086854,-2.285776485201732
59,59,E,T,Round 1,A,59,-2.6438868230086854,-2.207773973200459
59,59,E,V,Round 1,A,59,-2.6438868230086854,-3.125311813008486
59,59,E,W,Round 1,A,59,-2.6438868230086854,-1.622811472479302
59,59,E,Y,Round 1,A,59,-2.6438868230086854,-1.622811472479302
58,58,A,D,Round 1,A,58,-2.563303542637846,-2.738288689899238
58,58,A,E,Round 1,A,58,-2.563303542637846,-2.037848971758147
58,58,A,F,Round 1,A,58,-2.563303542637846,-1.84520389381575
58,58,A,G,Round 1,A,58,-2.563303542637846,-2.738288689899238
58,58,A,H,Round 1,A,58,-2.563303542637846,-3.0822430911166
58,58,A,I,Round 1,A,58,-2.563303542637846,-2.895829966885719
58,58,A,K,Round 1,A,58,-2.563303542637846,-1.207773973200459
58,58,A,L,Round 1,A,58,-2.563303542637846,-3.0822430911166
58,58,A,M,Round 1,A,58,-2.563303542637846,-2.622811472479302
58,58,A,N,Round 1,A,58,-2.563303542637846,-2.944739567366665
58,58,A,P,Round 1,A,58,-2.563303542637846,-2.430166394536907
58,58,A,Q,Round 1,A,58,-2.563303542637846,-1.497280590395444
58,58,A,R,Round 1,A,58,-2.563303542637846,-2.944739567366665
58,58,A,S,Round 1,A,58,-2.563303542637846,-2.992045282145022
58,58,A,T,Round 1,A,58,-2.563303542637846,-2.622811472479302
58,58,A,V,Round 1,A,58,-2.563303542637846,-2.497280590395444
58,58,A,W,Round 1,A,58,-2.563303542637846,-2.430166394536907
58,58,A,Y,Round 1,A,58,-2.563303542637846,-3.529702068087821
57,57,A,D,Round 1,A,57,-2.5515998342325203,-2.738288689899238
57,57,A,E,Round 1,A,57,-2.5515998342325203,-1.207773973200459
57,57,A,F,Round 1,A,57,-2.5515998342325203,-2.561410927815159
57,57,A,G,Round 1,A,57,-2.5515998342325203,-1.207773973200459
57,57,A,H,Round 1,A,57,-2.5515998342325203,-3.430166394536907
57,57,A,I,Round 1,A,57,-2.5515998342325203,-2.84520389381575
57,57,A,K,Round 1,A,57,-2.5515998342325203,-2.681705161532871
57,57,A,L,Round 1,A,57,-2.5515998342325203,-1.944739567366665
57,57,A,M,Round 1,A,57,-2.5515998342325203,-3.359777066645509
57,57,A,N,Round 1,A,57,-2.5515998342325203,-2.992045282145022
57,57,A,P,Round 1,A,57,-2.5515998342325203,-2.561410927815159
57,57,A,Q,Round 1,A,57,-2.5515998342325203,-3.037848971758147
57,57,A,R,Round 1,A,57,-2.5515998342325203,-2.497280590395444
57,57,A,S,Round 1,A,57,-2.5515998342325203,-1.84520389381575
57,57,A,T,Round 1,A,57,-2.5515998342325203,-1.700813984480576
57,57,A,V,Round 1,A,57,-2.5515998342325203,-3.125311813008486
57,57,A,W,Round 1,A,57,-2.5515998342325203,-3.247302337387096
57,57,A,Y,Round 1,A,57,-2.5515998342325203,-2.944739567366665
56,56,T,V,Round 1,A,56,-2.55322462577065,-1.944739567366665
56,56,T,W,Round 1,A,56,-2.55322462577065,-2.285776485201732
56,56,T,Y,Round 1,A,56,-2.55322462577065,-2.681705161532871
55,55,E,F,Round 1,A,55,-2.637261873562238,-2.037848971758147
55,55,E,G,Round 1,A,55,-2.637261873562238,-2.497280590395444
55,55,E,H,Round 1,A,55,-2.637261873562238,-2.497280590395444
55,55,E,I,Round 1,A,55,-2.637261873562238,-1.125311813008486
55,55,E,K,Round 1,A,55,-2.637261873562238,-2.792736473921615
55,55,E,L,Round 1,A,55,-2.637261873562238,-3.0822430911166
55,55,E,M,Round 1,A,55,-2.637261873562238,-2.497280590395444
55,55,E,N,Round 1,A,55,-2.637261873562238,-2.430166394536907
55,55,E,P,Round 1,A,55,-2.637261873562238,-2.622811472479302
55,55,E,Q,Round 1,A,55,-2.637261873562238,-3.0822430911166
55,55,E,R,Round 1,A,55,-2.637261873562238,-2.359777066645509
55,55,E,S,Round 1,A,55,-2.637261873562238,-3.0822430911166
55,55,E,T,Round 1,A,55,-2.637261873562238,-2.992045282145022
55,55,E,V,Round 1,A,55,-2.637261873562238,-2.792736473921615
55,55,E,W,Round 1,A,55,-2.637261873562238,-3.125311813008486
55,55,E,Y,Round 1,A,55,-2.637261873562238,-3.037848971758147
54,54,S,T,Round 1,A,54,-2.2653190615915446,-2.738288689899238
54,54,S,V,Round 1,A,54,-2.2653190615915446,3.140488269500366
54,54,S,W,Round 1,A,54,-2.2653190615915446,-3.529702068087821
54,54,S,Y,Round 1,A,54,-2.2653190615915446,-2.497280590395444
53,53,S,T,Round 1,A,53,-2.112130994998797,-2.792736473921615
53,53,S,V,Round 1,A,53,-2.112130994998797,-2.497280590395444
53,53,S,W,Round 1,A,53,-2.112130994998797,4.105108982083896
53,53,S,Y,Round 1,A,53,-2.112130994998797,-2.792736473921615
52,52,G,H,Round 1,A,52,-0.5302180961146243,-3.285776485201732
52,52,G,I,Round 1,A,52,-0.5302180961146243,3.315787982856554
52,52,G,K,Round 1,A,52,-0.5302180961146243,-3.125311813008486
52,52,G,L,Round 1,A,52,-0.5302180961146243,0.9077032442194771
52,52,G,M,Round 1,A,52,-0.5302180961146243,1.207263526078385
52,52,G,N,Round 1,A,52,-0.5302180961146243,-3.39540097637623
52,52,G,P,Round 1,A,52,-0.5302180961146243,-2.895829966885719
52,52,G,Q,Round 1,A,52,-0.5302180961146243,-2.359777066645509
52,52,G,R,Round 1,A,52,-0.5302180961146243,-2.561410927815159
52,52,G,S,Round 1,A,52,-0.5302180961146243,-2.497280590395444
52,52,G,T,Round 1,A,52,-0.5302180961146243,-1.84520389381575
52,52,G,V,Round 1,A,52,-0.5302180961146243,-3.207773973200459
52,52,G,W,Round 1,A,52,-0.5302180961146243,6.100151262287929
52,52,G,Y,Round 1,A,52,-0.5302180961146243,5.039394027174314
51,51,T,V,Round 1,A,51,-2.266922160926921,-3.430166394536907
51,51,T,W,Round 1,A,51,-2.266922160926921,2.940124721911855
51,51,T,Y,Round 1,A,51,-2.266922160926921,-2.430166394536907
50,50,W,Y,Round 1,A,50,-2.4593630292596926,-2.125311813008486
49,49,Q,R,Round 1,A,49,-0.982388087617833,-2.944739567366665
49,49,Q,S,Round 1,A,49,-0.982388087617833,-2.359777066645509
49,49,Q,T,Round 1,A,49,-0.982388087617833,-1.497280590395444
49,49,Q,V,Round 1,A,49,-0.982388087617833,3.332988723610163
49,49,Q,W,Round 1,A,49,-0.982388087617833,4.769505950299458
49,49,Q,Y,Round 1,A,49,-0.982388087617833,5.873043554407868
48,48,F,G,Round 1,A,48,-2.592106220284451,-2.622811472479302
48,48,F,H,Round 1,A,48,-2.592106220284451,-3.529702068087821
48,48,F,I,Round 1,A,48,-2.592106220284451,-2.944739567366665
48,48,F,K,Round 1,A,48,-2.592106220284451,-2.207773973200459
48,48,F,L,Round 1,A,48,-2.592106220284451,-1.944739567366665
48,48,F,M,Round 1,A,48,-2.592106220284451,-2.792736473921615
48,48,F,N,Round 1,A,48,-2.592106220284451,-2.681705161532871
48,48,F,P,Round 1,A,48,-2.592106220284451,-2.622811472479302
48,48,F,Q,Round 1,A,48,-2.592106220284451,-1.738288689899239
48,48,F,R,Round 1,A,48,-2.592106220284451,-2.561410927815159
48,48,F,S,Round 1,A,48,-2.592106220284451,-2.125311813008486
48,48,F,T,Round 1,A,48,-2.592106220284451,-2.84520389381575
48,48,F,V,Round 1,A,48,-2.592106220284451,-3.247302337387096
48,48,F,W,Round 1,A,48,-2.592106220284451,-3.207773973200459
48,48,F,Y,Round 1,A,48,-2.592106220284451,-2.561410927815159
47,47,N,P,Round 1,A,47,-2.0682154489200943,-2.359777066645509
47,47,N,Q,Round 1,A,47,-2.0682154489200943,-2.622811472479302
47,47,N,R,Round 1,A,47,-2.0682154489200943,-2.895829966885719
47,47,N,S,Round 1,A,47,-2.0682154489200943,-3.681705161532871
47,47,N,T,Round 1,A,47,-2.0682154489200943,-2.738288689899238
47,47,N,V,Round 1,A,47,-2.0682154489200943,4.061686701792768
47,47,N,W,Round 1,A,47,-2.0682154489200943,-1.84520389381575
47,47,N,Y,Round 1,A,47,-2.0682154489200943,-2.430166394536907
46,46,L,M,Round 1,A,46,-2.603016269852564,-3.430166394536907
46,46,L,N,Round 1,A,46,-2.603016269852564,-2.207773973200459
46,46,L,P,Round 1,A,46,-2.603016269852564,-2.681705161532871
46,46,L,Q,Round 1,A,46,-2.603016269852564,-2.359777066645509
46,46,L,R,Round 1,A,46,-2.603016269852564,-2.992045282145022
46,46,L,S,Round 1,A,46,-2.603016269852564,-3.561410927815159
46,46,L,T,Round 1,A,46,-2.603016269852564,-1.944739567366665
46,46,L,V,Round 1,A,46,-2.603016269852564,-2.738288689899238
46,46,L,W,Round 1,A,46,-2.603016269852564,-2.895829966885719
46,46,L,Y,Round 1,A,46,-2.603016269852564,-2.125311813008486
45,45,I,K,Round 1,A,45,-2.6518544785827998,-3.037848971758147
45,45,I,L,Round 1,A,45,-2.6518544785827998,-2.738288689899238
45,45,I,M,Round 1,A,45,-2.6518544785827998,-2.738288689899238
45,45,I,N,Round 1,A,45,-2.6518544785827998,-3.323251190620395
45,45,I,P,Round 1,A,45,-2.6518544785827998,-2.895829966885719
45,45,I,Q,Round 1,A,45,-2.6518544785827998,-3.125311813008486
45,45,I,R,Round 1,A,45,-2.6518544785827998,-2.561410927815159
45,45,I,S,Round 1,A,45,-2.6518544785827998,-2.681705161532871
45,45,I,T,Round 1,A,45,-2.6518544785827998,-2.430166394536907
45,45,I,V,Round 1,A,45,-2.6518544785827998,-2.430166394536907
45,45,I,W,Round 1,A,45,-2.6518544785827998,-2.497280590395444
45,45,I,Y,Round 1,A,45,-2.6518544785827998,-3.323251190620395
44,44,L,M,Round 1,A,44,-2.269935549873912,-2.84520389381575
44,44,L,N,Round 1,A,44,-2.269935549873912,-1.738288689899239
44,44,L,P,Round 1,A,44,-2.269935549873912,-1.738288689899239
44,44,L,Q,Round 1,A,44,-2.269935549873912,-3.207773973200459
44,44,L,R,Round 1,A,44,-2.269935549873912,-2.944739567366665
44,44,L,S,Round 1,A,44,-2.269935549873912,-3.167131988703113
44,44,L,T,Round 1,A,44,-2.269935549873912,-2.944739567366665
44,44,L,V,Round 1,A,44,-2.269935549873912,-3.0822430911166
44,44,L,W,Round 1,A,44,-2.269935549873912,-3.037848971758147
44,44,L,Y,Round 1,A,44,-2.269935549873912,-1.738288689899239
43,43,F,G,Round 1,A,43,-2.4456547530716333,-3.652558815873355
43,43,F,H,Round 1,A,43,-2.4456547530716333,-3.323251190620395
43,43,F,I,Round 1,A,43,-2.4456547530716333,-3.125311813008486
43,43,F,K,Round 1,A,43,-2.4456547530716333,-1.944739567366665
43,43,F,L,Round 1,A,43,-2.4456547530716333,-2.125311813008486
43,43,F,M,Round 1,A,43,-2.4456547530716333,-2.792736473921615
43,43,F,N,Round 1,A,43,-2.4456547530716333,-2.992045282145022
43,43,F,P,Round 1,A,43,-2.4456547530716333,-1.738288689899239
43,43,F,Q,Round 1,A,43,-2.4456547530716333,-2.207773973200459
43,43,F,R,Round 1,A,43,-2.4456547530716333,-2.622811472479302
43,43,F,S,Round 1,A,43,-2.4456547530716333,-3.247302337387096
43,43,F,T,Round 1,A,43,-2.4456547530716333,-2.622811472479302
43,43,F,V,Round 1,A,43,-2.4456547530716333,-3.497280590395444
43,43,F,W,Round 1,A,43,-2.4456547530716333,-2.992045282145022
43,43,F,Y,Round 1,A,43,-2.4456547530716333,-2.738288689899238
42,42,R,S,Round 1,A,42,2.3232009265837377,1.54711352896301
42,42,R,T,Round 1,A,42,2.3232009265837377,3.44327771797847
42,42,R,V,Round 1,A,42,2.3232009265837377,5.52184677035258
42,42,R,W,Round 1,A,42,2.3232009265837377,5.861899554606352
42,42,R,Y,Round 1,A,42,2.3232009265837377,4.344021663585498
41,41,T,V,Round 1,A,41,-2.240490665817388,-2.992045282145022
41,41,T,W,Round 1,A,41,-2.240490665817388,-2.992045282145022
41,41,T,Y,Round 1,A,41,-2.240490665817388,-2.561410927815159
39,39,N,P,Round 1,A,39,-1.6139293937227348,2.492665744940633
39,39,N,Q,Round 1,A,39,-1.6139293937227348,-3.207773973200459
39,39,N,R,Round 1,A,39,-1.6139293937227348,-3.125311813008486
39,39,N,S,Round 1,A,39,-1.6139293937227348,-2.497280590395444
39,39,N,T,Round 1,A,39,-1.6139293937227348,-2.84520389381575
39,39,N,V,Round 1,A,39,-1.6139293937227348,3.606007218016578
39,39,N,W,Round 1,A,39,-1.6139293937227348,-2.738288689899238
39,39,N,Y,Round 1,A,39,-1.6139293937227348,-2.125311813008486
38,38,E,F,Round 1,A,38,-1.4631790891175247,5.634576370213349
38,38,E,G,Round 1,A,38,-1.4631790891175247,-1.125311813008486
38,38,E,H,Round 1,A,38,-1.4631790891175247,-1.84520389381575
38,38,E,I,Round 1,A,38,-1.4631790891175247,-2.944739567366665
38,38,E,K,Round 1,A,38,-1.4631790891175247,-2.207773973200459
38,38,E,L,Round 1,A,38,-1.4631790891175247,-2.681705161532871
38,38,E,M,Round 1,A,38,-1.4631790891175247,-1.944739567366665
38,38,E,N,Round 1,A,38,-1.4631790891175247,-2.359777066645509
38,38,E,P,Round 1,A,38,-1.4631790891175247,-1.944739567366665
38,38,E,Q,Round 1,A,38,-1.4631790891175247,-2.125311813008486
38,38,E,R,Round 1,A,38,-1.4631790891175247,-2.944739567366665
38,38,E,S,Round 1,A,38,-1.4631790891175247,1.668419825185143
38,38,E,T,Round 1,A,38,-1.4631790891175247,-3.167131988703113
38,38,E,V,Round 1,A,38,-1.4631790891175247,-3.247302337387096
38,38,E,W,Round 1,A,38,-1.4631790891175247,2.521578436855872
38,38,E,Y,Round 1,A,38,-1.4631790891175247,-2.792736473921615
36,36,D,E,Round 1,A,36,-1.9635323777926974,-1.738288689899239
36,36,D,F,Round 1,A,36,-1.9635323777926974,-2.681705161532871
36,36,D,G,Round 1,A,36,-1.9635323777926974,-2.944739567366665
36,36,D,H,Round 1,A,36,-1.9635323777926974,-2.207773973200459
36,36,D,I,Round 1,A,36,-1.9635323777926974,-2.84520389381575
36,36,D,K,Round 1,A,36,-1.9635323777926974,-2.895829966885719
36,36,D,L,Round 1,A,36,-1.9635323777926974,-2.895829966885719
36,36,D,M,Round 1,A,36,-1.9635323777926974,-2.561410927815159
36,36,D,N,Round 1,A,36,-1.9635323777926974,-2.561410927815159
36,36,D,P,Round 1,A,36,-1.9635323777926974,-2.430166394536907
36,36,D,Q,Round 1,A,36,-1.9635323777926974,-3.247302337387096
36,36,D,R,Round 1,A,36,-1.9635323777926974,-2.681705161532871
36,36,D,S,Round 1,A,36,-1.9635323777926974,-2.285776485201732
36,36,D,T,Round 1,A,36,-1.9635323777926974,-2.792736473921615
36,36,D,V,Round 1,A,36,-1.9635323777926974,-3.125311813008486
36,36,D,W,Round 1,A,36,-1.9635323777926974,-2.738288689899238
36,36,D,Y,Round 1,A,36,-1.9635323777926974,4.92562515221674
35,35,G,H,Round 1,A,35,-2.3640239484321155,-3.167131988703113
35,35,G,I,Round 1,A,35,-2.3640239484321155,-3.207773973200459
35,35,G,K,Round 1,A,35,-2.3640239484321155,-2.359777066645509
35,35,G,L,Round 1,A,35,-2.3640239484321155,2.564815530696469
35,35,G,M,Round 1,A,35,-2.3640239484321155,-2.430166394536907
35,35,G,N,Round 1,A,35,-2.3640239484321155,-2.430166394536907
35,35,G,P,Round 1,A,35,-2.3640239484321155,-2.497280590395444
35,35,G,Q,Round 1,A,35,-2.3640239484321155,-2.84520389381575
35,35,G,R,Round 1,A,35,-2.3640239484321155,-2.895829966885719
35,35,G,S,Round 1,A,35,-2.3640239484321155,-2.895829966885719
35,35,G,T,Round 1,A,35,-2.3640239484321155,-2.895829966885719
35,35,G,V,Round 1,A,35,-2.3640239484321155,-2.895829966885719
35,35,G,W,Round 1,A,35,-2.3640239484321155,-3.39540097637623
35,35,G,Y,Round 1,A,35,-2.3640239484321155,-3.167131988703113
34,34,E,F,Round 1,A,34,-2.520222592310124,-2.944739567366665
34,34,E,G,Round 1,A,34,-2.520222592310124,-2.125311813008486
34,34,E,H,Round 1,A,34,-2.520222592310124,-2.792736473921615
34,34,E,I,Round 1,A,34,-2.520222592310124,-2.84520389381575
34,34,E,K,Round 1,A,34,-2.520222592310124,-1.944739567366665
34,34,E,L,Round 1,A,34,-2.520222592310124,-1.944739567366665
34,34,E,M,Round 1,A,34,-2.520222592310124,-2.792736473921615
34,34,E,N,Round 1,A,34,-2.520222592310124,-2.792736473921615
34,34,E,P,Round 1,A,34,-2.520222592310124,-2.792736473921615
34,34,E,Q,Round 1,A,34,-2.520222592310124,-1.622811472479302
34,34,E,R,Round 1,A,34,-2.520222592310124,-1.207773973200459
34,34,E,S,Round 1,A,34,-2.520222592310124,-2.125311813008486
34,34,E,T,Round 1,A,34,-2.520222592310124,-2.944739567366665
34,34,E,V,Round 1,A,34,-2.520222592310124,-2.497280590395444
34,34,E,W,Round 1,A,34,-2.520222592310124,-2.84520389381575
34,34,E,Y,Round 1,A,34,-2.520222592310124,-3.0822430911166
33,33,E,F,Round 1,A,33,-2.8102039661797837,-2.84520389381575
33,33,E,G,Round 1,A,33,-2.8102039661797837,-2.247302337387096
33,33,E,H,Round 1,A,33,-2.8102039661797837,-3.430166394536907
33,33,E,I,Round 1,A,33,-2.8102039661797837,-2.125311813008486
33,33,E,K,Round 1,A,33,-2.8102039661797837,-2.430166394536907
33,33,E,L,Round 1,A,33,-2.8102039661797837,-2.738288689899238
33,33,E,M,Round 1,A,33,-2.8102039661797837,-2.792736473921615
33,33,E,N,Round 1,A,33,-2.8102039661797837,-3.323251190620395
33,33,E,P,Round 1,A,33,-2.8102039661797837,-2.561410927815159
33,33,E,Q,Round 1,A,33,-2.8102039661797837,-3.247302337387096
33,33,E,R,Round 1,A,33,-2.8102039661797837,-2.497280590395444
33,33,E,S,Round 1,A,33,-2.8102039661797837,-3.125311813008486
33,33,E,T,Round 1,A,33,-2.8102039661797837,-2.125311813008486
33,33,E,V,Round 1,A,33,-2.8102039661797837,-2.895829966885719
33,33,E,W,Round 1,A,33,-2.8102039661797837,-3.622811472479302
33,33,E,Y,Round 1,A,33,-2.8102039661797837,-2.430166394536907
32,32,L,M,Round 1,A,32,-2.653739254108485,-1.622811472479302
32,32,L,N,Round 1,A,32,-2.653739254108485,-2.125311813008486
32,32,L,P,Round 1,A,32,-2.653739254108485,-3.125311813008486
32,32,L,Q,Round 1,A,32,-2.653739254108485,-2.895829966885719
32,32,L,R,Round 1,A,32,-2.653739254108485,-2.561410927815159
32,32,L,S,Round 1,A,32,-2.653739254108485,-2.125311813008486
32,32,L,T,Round 1,A,32,-2.653739254108485,-3.037848971758147
32,32,L,V,Round 1,A,32,-2.653739254108485,-2.430166394536907
32,32,L,W,Round 1,A,32,-2.653739254108485,-2.285776485201732
32,32,L,Y,Round 1,A,32,-2.653739254108485,-2.622811472479302
31,31,S,T,Round 1,A,31,-2.5227183805670026,-1.944739567366665
31,31,S,V,Round 1,A,31,-2.5227183805670026,-1.037848971758146
31,31,S,W,Round 1,A,31,-2.5227183805670026,-2.895829966885719
31,31,S,Y,Round 1,A,31,-2.5227183805670026,-3.430166394536907
30,30,K,L,Round 1,A,30,-2.6168547712609973,-3.0822430911166
30,30,K,M,Round 1,A,30,-2.6168547712609973,-1.430166394536907
30,30,K,N,Round 1,A,30,-2.6168547712609973,-3.125311813008486
30,30,K,P,Round 1,A,30,-2.6168547712609973,-3.167131988703113
30,30,K,Q,Round 1,A,30,-2.6168547712609973,-2.561410927815159
30,30,K,R,Round 1,A,30,-2.6168547712609973,-1.359777066645509
30,30,K,S,Round 1,A,30,-2.6168547712609973,-2.430166394536907
30,30,K,T,Round 1,A,30,-2.6168547712609973,-3.037848971758147
30,30,K,V,Round 1,A,30,-2.6168547712609973,-2.359777066645509
30,30,K,W,Round 1,A,30,-2.6168547712609973,-3.323251190620395
30,30,K,Y,Round 1,A,30,-2.6168547712609973,-2.792736473921615
29,29,K,L,Round 1,A,29,-2.3759226070951365,-2.992045282145022
29,29,K,M,Round 1,A,29,-2.3759226070951365,-1.944739567366665
29,29,K,N,Round 1,A,29,-2.3759226070951365,-2.125311813008486
29,29,K,P,Round 1,A,29,-2.3759226070951365,-2.84520389381575
29,29,K,Q,Round 1,A,29,-2.3759226070951365,-3.39540097637623
29,29,K,R,Round 1,A,29,-2.3759226070951365,-1.359777066645509
29,29,K,S,Round 1,A,29,-2.3759226070951365,-2.125311813008486
29,29,K,T,Round 1,A,29,-2.3759226070951365,-2.622811472479302
29,29,K,V,Round 1,A,29,-2.3759226070951365,-2.681705161532871
29,29,K,W,Round 1,A,29,-2.3759226070951365,-2.430166394536907
29,29,K,Y,Round 1,A,29,-2.3759226070951365,-2.738288689899238
28,28,M,N,Round 1,A,28,-2.2222251173823455,-2.359777066645509
28,28,M,P,Round 1,A,28,-2.2222251173823455,-2.944739567366665
28,28,M,Q,Round 1,A,28,-2.2222251173823455,-2.561410927815159
28,28,M,R,Round 1,A,28,-2.2222251173823455,-2.738288689899238
28,28,M,S,Round 1,A,28,-2.2222251173823455,3.925625152216739
28,28,M,T,Round 1,A,28,-2.2222251173823455,-1.497280590395444
28,28,M,V,Round 1,A,28,-2.2222251173823455,-3.0822430911166
28,28,M,W,Round 1,A,28,-2.2222251173823455,-2.895829966885719
28,28,M,Y,Round 1,A,28,-2.2222251173823455,-3.247302337387096
27,27,A,D,Round 1,A,27,-2.156081372410611,-2.125311813008486
27,27,A,E,Round 1,A,27,-2.156081372410611,-2.497280590395444
27,27,A,F,Round 1,A,27,-2.156081372410611,-1.497280590395444
27,27,A,G,Round 1,A,27,-2.156081372410611,-2.430166394536907
27,27,A,H,Round 1,A,27,-2.156081372410611,-2.738288689899238
27,27,A,I,Round 1,A,27,-2.156081372410611,-3.247302337387096
27,27,A,K,Round 1,A,27,-2.156081372410611,-2.792736473921615
27,27,A,L,Round 1,A,27,-2.156081372410611,-2.125311813008486
27,27,A,M,Round 1,A,27,-2.156081372410611,-3.895829966885719
27,27,A,N,Round 1,A,27,-2.156081372410611,4.447577855412095
27,27,A,P,Round 1,A,27,-2.156081372410611,-2.359777066645509
27,27,A,Q,Round 1,A,27,-2.156081372410611,-2.84520389381575
27,27,A,R,Round 1,A,27,-2.156081372410611,-2.497280590395444
27,27,A,S,Round 1,A,27,-2.156081372410611,-2.125311813008486
27,27,A,T,Round 1,A,27,-2.156081372410611,-3.0822430911166
27,27,A,V,Round 1,A,27,-2.156081372410611,-1.359777066645509
27,27,A,W,Round 1,A,27,-2.156081372410611,-2.84520389381575
27,27,A,Y,Round 1,A,27,-2.156081372410611,-2.792736473921615
26,26,E,F,Round 1,A,26,-2.2151770639256876,-2.738288689899238
26,26,E,G,Round 1,A,26,-2.2151770639256876,-2.285776485201732
26,26,E,H,Round 1,A,26,-2.2151770639256876,2.45965068771267
26,26,E,I,Round 1,A,26,-2.2151770639256876,-2.944739567366665
26,26,E,K,Round 1,A,26,-2.2151770639256876,-2.497280590395444
26,26,E,L,Round 1,A,26,-2.2151770639256876,-2.681705161532871
26,26,E,M,Round 1,A,26,-2.2151770639256876,-2.125311813008486
26,26,E,N,Round 1,A,26,-2.2151770639256876,-1.207773973200459
26,26,E,P,Round 1,A,26,-2.2151770639256876,-2.84520389381575
26,26,E,Q,Round 1,A,26,-2.2151770639256876,-2.895829966885719
26,26,E,R,Round 1,A,26,-2.2151770639256876,-1.944739567366665
26,26,E,S,Round 1,A,26,-2.2151770639256876,-3.765769426321346
26,26,E,T,Round 1,A,26,-2.2151770639256876,-1.84520389381575
26,26,E,V,Round 1,A,26,-2.2151770639256876,-2.207773973200459
26,26,E,W,Round 1,A,26,-2.2151770639256876,-2.944739567366665
26,26,E,Y,Round 1,A,26,-2.2151770639256876,-3.167131988703113
25,25,K,L,Round 1,A,25,-2.493428683406209,-2.430166394536907
25,25,K,M,Round 1,A,25,-2.493428683406209,-2.359777066645509
25,25,K,N,Round 1,A,25,-2.493428683406209,-2.207773973200459
25,25,K,P,Round 1,A,25,-2.493428683406209,-3.0822430911166
25,25,K,Q,Round 1,A,25,-2.493428683406209,-2.561410927815159
25,25,K,R,Round 1,A,25,-2.493428683406209,-2.037848971758147
25,25,K,S,Round 1,A,25,-2.493428683406209,-2.622811472479302
25,25,K,T,Round 1,A,25,-2.493428683406209,-3.622811472479302
25,25,K,V,Round 1,A,25,-2.493428683406209,-1.84520389381575
25,25,K,W,Round 1,A,25,-2.493428683406209,-2.738288689899238
25,25,K,Y,Round 1,A,25,-2.493428683406209,-2.84520389381575
24,24,L,M,Round 1,A,24,-2.5903192912781208,-2.738288689899238
24,24,L,N,Round 1,A,24,-2.5903192912781208,-2.895829966885719
24,24,L,P,Round 1,A,24,-2.5903192912781208,-3.037848971758147
24,24,L,Q,Round 1,A,24,-2.5903192912781208,-2.561410927815159
24,24,L,R,Round 1,A,24,-2.5903192912781208,-2.992045282145022
24,24,L,S,Round 1,A,24,-2.5903192912781208,-2.430166394536907
24,24,L,T,Round 1,A,24,-2.5903192912781208,-2.84520389381575
24,24,L,V,Round 1,A,24,-2.5903192912781208,-2.037848971758147
24,24,L,W,Round 1,A,24,-2.5903192912781208,-2.430166394536907
24,24,L,Y,Round 1,A,24,-2.5903192912781208,-2.497280590395444
23,23,K,L,Round 1,A,23,-2.596340147221574,-2.285776485201732
23,23,K,M,Round 1,A,23,-2.596340147221574,-2.497280590395444
23,23,K,N,Round 1,A,23,-2.596340147221574,-2.125311813008486
23,23,K,P,Round 1,A,23,-2.596340147221574,-2.738288689899238
23,23,K,Q,Round 1,A,23,-2.596340147221574,-3.285776485201732
23,23,K,R,Round 1,A,23,-2.596340147221574,-2.497280590395444
23,23,K,S,Round 1,A,23,-2.596340147221574,-2.497280590395444
23,23,K,T,Round 1,A,23,-2.596340147221574,-2.992045282145022
23,23,K,V,Round 1,A,23,-2.596340147221574,-1.738288689899239
23,23,K,W,Round 1,A,23,-2.596340147221574,-2.125311813008486
23,23,K,Y,Round 1,A,23,-2.596340147221574,-2.944739567366665
22,22,E,F,Round 1,A,22,-2.4688310554365382,-2.497280590395444
22,22,E,G,Round 1,A,22,-2.4688310554365382,-3.0822430911166
22,22,E,H,Round 1,A,22,-2.4688310554365382,-2.359777066645509
22,22,E,I,Round 1,A,22,-2.4688310554365382,-3.125311813008486
22,22,E,K,Round 1,A,22,-2.4688310554365382,-2.622811472479302
22,22,E,L,Round 1,A,22,-2.4688310554365382,-2.125311813008486
22,22,E,M,Round 1,A,22,-2.4688310554365382,-2.622811472479302
22,22,E,N,Round 1,A,22,-2.4688310554365382,-2.285776485201732
22,22,E,P,Round 1,A,22,-2.4688310554365382,-2.207773973200459
22,22,E,Q,Round 1,A,22,-2.4688310554365382,-2.944739567366665
22,22,E,R,Round 1,A,22,-2.4688310554365382,-2.430166394536907
22,22,E,S,Round 1,A,22,-2.4688310554365382,-2.622811472479302
22,22,E,T,Round 1,A,22,-2.4688310554365382,-2.359777066645509
22,22,E,V,Round 1,A,22,-2.4688310554365382,-1.738288689899239
22,22,E,W,Round 1,A,22,-2.4688310554365382,-2.622811472479302
22,22,E,Y,Round 1,A,22,-2.4688310554365382,-2.207773973200459
21,21,S,T,Round 1,A,21,-2.6210017422681497,-2.622811472479302
21,21,S,V,Round 1,A,21,-2.6210017422681497,-3.037848971758147
21,21,S,W,Round 1,A,21,-2.6210017422681497,-2.84520389381575
21,21,S,Y,Round 1,A,21,-2.6210017422681497,-2.285776485201732
20,20,A,D,Round 1,A,20,-2.1473534700829076,-2.895829966885719
20,20,A,E,Round 1,A,20,-2.1473534700829076,-1.944739567366665
20,20,A,F,Round 1,A,20,-2.1473534700829076,-2.037848971758147
20,20,A,G,Round 1,A,20,-2.1473534700829076,-2.207773973200459
20,20,A,H,Round 1,A,20,-2.1473534700829076,-2.497280590395444
20,20,A,I,Round 1,A,20,-2.1473534700829076,1.792226026799541
20,20,A,K,Round 1,A,20,-2.1473534700829076,-1.738288689899239
20,20,A,L,Round 1,A,20,-2.1473534700829076,-2.497280590395444
20,20,A,M,Round 1,A,20,-2.1473534700829076,-2.84520389381575
20,20,A,N,Round 1,A,20,-2.1473534700829076,-2.430166394536907
20,20,A,P,Round 1,A,20,-2.1473534700829076,-1.944739567366665
20,20,A,Q,Round 1,A,20,-2.1473534700829076,-2.125311813008486
20,20,A,R,Round 1,A,20,-2.1473534700829076,-2.497280590395444
20,20,A,S,Round 1,A,20,-2.1473534700829076,-1.622811472479302
20,20,A,T,Round 1,A,20,-2.1473534700829076,-1.84520389381575
20,20,A,V,Round 1,A,20,-2.1473534700829076,-3.323251190620395
20,20,A,W,Round 1,A,20,-2.1473534700829076,-3.430166394536907
20,20,A,Y,Round 1,A,20,-2.1473534700829076,-2.561410927815159
19,19,E,F,Round 1,A,19,-2.652435645917299,-3.497280590395444
19,19,E,G,Round 1,A,19,-2.652435645917299,-2.84520389381575
19,19,E,H,Round 1,A,19,-2.652435645917299,-2.037848971758147
19,19,E,I,Round 1,A,19,-2.652435645917299,-2.895829966885719
19,19,E,K,Round 1,A,19,-2.652435645917299,-2.792736473921615
19,19,E,L,Round 1,A,19,-2.652435645917299,-1.944739567366665
19,19,E,M,Round 1,A,19,-2.652435645917299,-3.359777066645509
19,19,E,N,Round 1,A,19,-2.652435645917299,-2.207773973200459
19,19,E,P,Round 1,A,19,-2.652435645917299,-3.359777066645509
19,19,E,Q,Round 1,A,19,-2.652435645917299,-2.738288689899238
19,19,E,R,Round 1,A,19,-2.652435645917299,-2.037848971758147
19,19,E,S,Round 1,A,19,-2.652435645917299,-2.497280590395444
19,19,E,T,Round 1,A,19,-2.652435645917299,-2.207773973200459
19,19,E,V,Round 1,A,19,-2.652435645917299,-3.0822430911166
19,19,E,W,Round 1,A,19,-2.652435645917299,-1.944739567366665
19,19,E,Y,Round 1,A,19,-2.652435645917299,-2.792736473921615
18,18,E,F,Round 1,A,18,-2.564536221407773,-2.207773973200459
18,18,E,G,Round 1,A,18,-2.564536221407773,-2.622811472479302
18,18,E,H,Round 1,A,18,-2.564536221407773,-2.622811472479302
18,18,E,I,Round 1,A,18,-2.564536221407773,-2.497280590395444
18,18,E,K,Round 1,A,18,-2.564536221407773,-0.3597770666455088
18,18,E,L,Round 1,A,18,-2.564536221407773,-2.622811472479302
18,18,E,M,Round 1,A,18,-2.564536221407773,-1.681705161532871
18,18,E,N,Round 1,A,18,-2.564536221407773,-3.0822430911166
18,18,E,P,Round 1,A,18,-2.564536221407773,-2.944739567366665
18,18,E,Q,Round 1,A,18,-2.564536221407773,-3.207773973200459
18,18,E,R,Round 1,A,18,-2.564536221407773,-1.944739567366665
18,18,E,S,Round 1,A,18,-2.564536221407773,-3.497280590395444
18,18,E,T,Round 1,A,18,-2.564536221407773,-2.792736473921615
18,18,E,V,Round 1,A,18,-2.564536221407773,-3.037848971758147
18,18,E,W,Round 1,A,18,-2.564536221407773,-2.497280590395444
18,18,E,Y,Round 1,A,18,-2.564536221407773,-1.944739567366665
17,17,T,V,Round 1,A,17,-2.0897091946937585,-3.792736473921615
17,17,T,W,Round 1,A,17,-2.0897091946937585,-2.622811472479302
17,17,T,Y,Round 1,A,17,-2.0897091946937585,-2.430166394536907
16,16,N,P,Round 1,A,16,-1.7817088749466723,-2.497280590395444
16,16,N,Q,Round 1,A,16,-1.7817088749466723,-2.285776485201732
16,16,N,R,Round 1,A,16,-1.7817088749466723,-2.430166394536907
16,16,N,S,Round 1,A,16,-1.7817088749466723,-2.792736473921615
16,16,N,T,Round 1,A,16,-1.7817088749466723,-3.0822430911166
16,16,N,V,Round 1,A,16,-1.7817088749466723,-2.207773973200459
16,16,N,W,Round 1,A,16,-1.7817088749466723,-2.359777066645509
16,16,N,Y,Round 1,A,16,-1.7817088749466723,-2.207773973200459
15,15,G,H,Round 1,A,15,-2.801729882666264,-3.285776485201732
15,15,G,I,Round 1,A,15,-2.801729882666264,-2.359777066645509
15,15,G,K,Round 1,A,15,-2.801729882666264,-2.992045282145022
15,15,G,L,Round 1,A,15,-2.801729882666264,-2.561410927815159
15,15,G,M,Round 1,A,15,-2.801729882666264,-1.622811472479302
15,15,G,N,Round 1,A,15,-2.801729882666264,-3.0822430911166
15,15,G,P,Round 1,A,15,-2.801729882666264,-2.497280590395444
15,15,G,Q,Round 1,A,15,-2.801729882666264,-2.895829966885719
15,15,G,R,Round 1,A,15,-2.801729882666264,-3.359777066645509
15,15,G,S,Round 1,A,15,-2.801729882666264,-3.323251190620395
15,15,G,T,Round 1,A,15,-2.801729882666264,-3.247302337387096
15,15,G,V,Round 1,A,15,-2.801729882666264,-2.497280590395444
15,15,G,W,Round 1,A,15,-2.801729882666264,-2.430166394536907
15,15,G,Y,Round 1,A,15,-2.801729882666264,-1.84520389381575
14,14,E,F,Round 1,A,14,-2.6208934277497353,-2.359777066645509
14,14,E,G,Round 1,A,14,-2.6208934277497353,-2.622811472479302
14,14,E,H,Round 1,A,14,-2.6208934277497353,-3.247302337387096
14,14,E,I,Round 1,A,14,-2.6208934277497353,-1.84520389381575
14,14,E,K,Round 1,A,14,-2.6208934277497353,-0.6228114724793025
14,14,E,L,Round 1,A,14,-2.6208934277497353,-2.622811472479302
14,14,E,M,Round 1,A,14,-2.6208934277497353,-2.497280590395444
14,14,E,N,Round 1,A,14,-2.6208934277497353,-3.285776485201732
14,14,E,P,Round 1,A,14,-2.6208934277497353,-1.037848971758146
14,14,E,Q,Round 1,A,14,-2.6208934277497353,-3.125311813008486
14,14,E,R,Round 1,A,14,-2.6208934277497353,-2.992045282145022
14,14,E,S,Round 1,A,14,-2.6208934277497353,-2.792736473921615
14,14,E,T,Round 1,A,14,-2.6208934277497353,-2.497280590395444
14,14,E,V,Round 1,A,14,-2.6208934277497353,-2.738288689899238
14,14,E,W,Round 1,A,14,-2.6208934277497353,-2.992045282145022
14,14,E,Y,Round 1,A,14,-2.6208934277497353,-3.765769426321346
13,13,E,F,Round 1,A,13,-2.281762108018123,-2.681705161532871
13,13,E,G,Round 1,A,13,-2.281762108018123,-2.125311813008486
13,13,E,H,Round 1,A,13,-2.281762108018123,-1.207773973200459
13,13,E,I,Round 1,A,13,-2.281762108018123,-2.992045282145022
13,13,E,K,Round 1,A,13,-2.281762108018123,-1.738288689899239
13,13,E,L,Round 1,A,13,-2.281762108018123,-2.84520389381575
13,13,E,M,Round 1,A,13,-2.281762108018123,-2.430166394536907
13,13,E,N,Round 1,A,13,-2.281762108018123,-1.944739567366665
13,13,E,P,Round 1,A,13,-2.281762108018123,-2.738288689899238
13,13,E,Q,Round 1,A,13,-2.281762108018123,-3.037848971758147
13,13,E,R,Round 1,A,13,-2.281762108018123,-3.167131988703113
13,13,E,S,Round 1,A,13,-2.281762108018123,-2.622811472479302
13,13,E,T,Round 1,A,13,-2.281762108018123,-2.895829966885719
13,13,E,V,Round 1,A,13,-2.281762108018123,-2.207773973200459
13,13,E,W,Round 1,A,13,-2.281762108018123,-2.738288689899238
13,13,E,Y,Round 1,A,13,-2.281762108018123,-1.622811472479302
12,12,K,L,Round 1,A,12,-2.748246513787367,-1.622811472479302
12,12,K,M,Round 1,A,12,-2.748246513787367,-3.39540097637623
12,12,K,N,Round 1,A,12,-2.748246513787367,-3.0822430911166
12,12,K,P,Round 1,A,12,-2.748246513787367,-3.0822430911166
12,12,K,Q,Round 1,A,12,-2.748246513787367,-2.792736473921615
12,12,K,R,Round 1,A,12,-2.748246513787367,-1.738288689899239
12,12,K,S,Round 1,A,12,-2.748246513787367,-2.992045282145022
12,12,K,T,Round 1,A,12,-2.748246513787367,-3.497280590395444
12,12,K,V,Round 1,A,12,-2.748246513787367,-3.359777066645509
12,12,K,W,Round 1,A,12,-2.748246513787367,-2.497280590395444
12,12,K,Y,Round 1,A,12,-2.748246513787367,-2.681705161532871
11,11,L,M,Round 1,A,11,-2.4099159657490214,-2.681705161532871
11,11,L,N,Round 1,A,11,-2.4099159657490214,-2.681705161532871
11,11,L,P,Round 1,A,11,-2.4099159657490214,-1.944739567366665
11,11,L,Q,Round 1,A,11,-2.4099159657490214,-2.125311813008486
11,11,L,R,Round 1,A,11,-2.4099159657490214,-3.497280590395444
11,11,L,S,Round 1,A,11,-2.4099159657490214,-3.207773973200459
11,11,L,T,Round 1,A,11,-2.4099159657490214,-2.622811472479302
11,11,L,V,Round 1,A,11,-2.4099159657490214,-2.037848971758147
11,11,L,W,Round 1,A,11,-2.4099159657490214,-2.561410927815159
11,11,L,Y,Round 1,A,11,-2.4099159657490214,-2.792736473921615
10,10,K,L,Round 1,A,10,-2.7839183937118843,-2.792736473921615
10,10,K,M,Round 1,A,10,-2.7839183937118843,-3.529702068087821
10,10,K,N,Round 1,A,10,-2.7839183937118843,-2.738288689899238
10,10,K,P,Round 1,A,10,-2.7839183937118843,-3.359777066645509
10,10,K,Q,Round 1,A,10,-2.7839183937118843,-2.895829966885719
10,10,K,R,Round 1,A,10,-2.7839183937118843,-2.207773973200459
10,10,K,S,Round 1,A,10,-2.7839183937118843,-2.992045282145022
10,10,K,T,Round 1,A,10,-2.7839183937118843,-1.622811472479302
10,10,K,V,Round 1,A,10,-2.7839183937118843,-2.359777066645509
10,10,K,W,Round 1,A,10,-2.7839183937118843,-3.125311813008486
10,10,K,Y,Round 1,A,10,-2.7839183937118843,-2.792736473921615
9,9,A,D,Round 1,A,9,-2.6534982613228384,-3.285776485201732
9,9,A,E,Round 1,A,9,-2.6534982613228384,-2.84520389381575
9,9,A,F,Round 1,A,9,-2.6534982613228384,-2.359777066645509
9,9,A,G,Round 1,A,9,-2.6534982613228384,-2.037848971758147
9,9,A,H,Round 1,A,9,-2.6534982613228384,-2.430166394536907
9,9,A,I,Round 1,A,9,-2.6534982613228384,-2.359777066645509
9,9,A,K,Round 1,A,9,-2.6534982613228384,-2.497280590395444
9,9,A,L,Round 1,A,9,-2.6534982613228384,-1.622811472479302
9,9,A,M,Round 1,A,9,-2.6534982613228384,-2.895829966885719
9,9,A,N,Round 1,A,9,-2.6534982613228384,-2.430166394536907
9,9,A,P,Round 1,A,9,-2.6534982613228384,-3.207773973200459
9,9,A,Q,Round 1,A,9,-2.6534982613228384,-2.497280590395444
9,9,A,R,Round 1,A,9,-2.6534982613228384,-3.207773973200459
9,9,A,S,Round 1,A,9,-2.6534982613228384,-2.285776485201732
9,9,A,T,Round 1,A,9,-2.6534982613228384,-2.84520389381575
9,9,A,V,Round 1,A,9,-2.6534982613228384,-2.895829966885719
9,9,A,W,Round 1,A,9,-2.6534982613228384,-3.497280590395444
9,9,A,Y,Round 1,A,9,-2.6534982613228384,-2.561410927815159
8,8,A,D,Round 1,A,8,-2.308064028540402,-1.207773973200459
8,8,A,E,Round 1,A,8,-2.308064028540402,3.402723619627835
8,8,A,F,Round 1,A,8,-2.308064028540402,-1.944739567366665
8,8,A,G,Round 1,A,8,-2.308064028540402,-3.323251190620395
8,8,A,H,Round 1,A,8,-2.308064028540402,-3.037848971758147
8,8,A,I,Round 1,A,8,-2.308064028540402,-2.944739567366665
8,8,A,K,Round 1,A,8,-2.308064028540402,-2.992045282145022
8,8,A,L,Round 1,A,8,-2.308064028540402,-2.285776485201732
8,8,A,M,Round 1,A,8,-2.308064028540402,-3.037848971758147
8,8,A,N,Round 1,A,8,-2.308064028540402,-2.738288689899238
8,8,A,P,Round 1,A,8,-2.308064028540402,-2.285776485201732
8,8,A,Q,Round 1,A,8,-2.308064028540402,-2.738288689899238
8,8,A,R,Round 1,A,8,-2.308064028540402,-2.125311813008486
8,8,A,S,Round 1,A,8,-2.308064028540402,-3.285776485201732
8,8,A,T,Round 1,A,8,-2.308064028540402,-2.992045282145022
8,8,A,V,Round 1,A,8,-2.308064028540402,-3.125311813008486
8,8,A,W,Round 1,A,8,-2.308064028540402,-2.037848971758147
8,8,A,Y,Round 1,A,8,-2.308064028540402,-2.84520389381575
7,7,K,L,Round 1,A,7,-2.6560023821719647,-2.681705161532871
7,7,K,M,Round 1,A,7,-2.6560023821719647,-2.497280590395444
7,7,K,N,Round 1,A,7,-2.6560023821719647,-2.681705161532871
7,7,K,P,Round 1,A,7,-2.6560023821719647,-2.497280590395444
7,7,K,Q,Round 1,A,7,-2.6560023821719647,-2.681705161532871
7,7,K,R,Round 1,A,7,-2.6560023821719647,-2.037848971758147
7,7,K,S,Round 1,A,7,-2.6560023821719647,-2.944739567366665
7,7,K,T,Round 1,A,7,-2.6560023821719647,-2.561410927815159
7,7,K,V,Round 1,A,7,-2.6560023821719647,-3.464113726460244
7,7,K,W,Round 1,A,7,-2.6560023821719647,-2.681705161532871
7,7,K,Y,Round 1,A,7,-2.6560023821719647,-2.430166394536907
6,6,E,F,Round 1,A,6,-2.4010195420581915,-3.207773973200459
6,6,E,G,Round 1,A,6,-2.4010195420581915,-2.285776485201732
6,6,E,H,Round 1,A,6,-2.4010195420581915,-2.359777066645509
6,6,E,I,Round 1,A,6,-2.4010195420581915,-3.167131988703113
6,6,E,K,Round 1,A,6,-2.4010195420581915,-2.738288689899238
6,6,E,L,Round 1,A,6,-2.4010195420581915,-2.561410927815159
6,6,E,M,Round 1,A,6,-2.4010195420581915,-2.895829966885719
6,6,E,N,Round 1,A,6,-2.4010195420581915,-2.622811472479302
6,6,E,P,Round 1,A,6,-2.4010195420581915,-2.944739567366665
6,6,E,Q,Round 1,A,6,-2.4010195420581915,-2.285776485201732
6,6,E,R,Round 1,A,6,-2.4010195420581915,-2.430166394536907
6,6,E,S,Round 1,A,6,-2.4010195420581915,-2.207773973200459
6,6,E,T,Round 1,A,6,-2.4010195420581915,-0.7008139844805757
6,6,E,V,Round 1,A,6,-2.4010195420581915,-1.84520389381575
6,6,E,W,Round 1,A,6,-2.4010195420581915,-2.125311813008486
6,6,E,Y,Round 1,A,6,-2.4010195420581915,-2.497280590395444
5,5,L,M,Round 1,A,5,-2.2240883066683637,-2.561410927815159
5,5,L,N,Round 1,A,5,-2.2240883066683637,-2.681705161532871
5,5,L,P,Round 1,A,5,-2.2240883066683637,-3.285776485201732
5,5,L,Q,Round 1,A,5,-2.2240883066683637,-2.561410927815159
5,5,L,R,Round 1,A,5,-2.2240883066683637,-1.359777066645509
5,5,L,S,Round 1,A,5,-2.2240883066683637,-2.895829966885719
5,5,L,T,Round 1,A,5,-2.2240883066683637,-2.125311813008486
5,5,L,V,Round 1,A,5,-2.2240883066683637,2.606007218016579
5,5,L,W,Round 1,A,5,-2.2240883066683637,-2.895829966885719
5,5,L,Y,Round 1,A,5,-2.2240883066683637,-2.944739567366665
4,4,T,V,Round 1,A,4,-2.17469786959932,-2.681705161532871
4,4,T,W,Round 1,A,4,-2.17469786959932,-2.037848971758147
4,4,T,Y,Round 1,A,4,-2.17469786959932,-2.285776485201732
3,3,E,F,Round 1,A,3,-2.5272465405375097,-2.207773973200459
3,3,E,G,Round 1,A,3,-2.5272465405375097,-2.207773973200459
3,3,E,H,Round 1,A,3,-2.5272465405375097,-2.944739567366665
3,3,E,I,Round 1,A,3,-2.5272465405375097,-1.738288689899239
3,3,E,K,Round 1,A,3,-2.5272465405375097,-2.359777066645509
3,3,E,L,Round 1,A,3,-2.5272465405375097,-3.285776485201732
3,3,E,M,Round 1,A,3,-2.5272465405375097,-2.944739567366665
3,3,E,N,Round 1,A,3,-2.5272465405375097,-1.359777066645509
3,3,E,P,Round 1,A,3,-2.5272465405375097,-3.037848971758147
3,3,E,Q,Round 1,A,3,-2.5272465405375097,-3.247302337387096
3,3,E,R,Round 1,A,3,-2.5272465405375097,-2.992045282145022
3,3,E,S,Round 1,A,3,-2.5272465405375097,-2.944739567366665
3,3,E,T,Round 1,A,3,-2.5272465405375097,-2.738288689899238
3,3,E,V,Round 1,A,3,-2.5272465405375097,-3.497280590395444
3,3,E,W,Round 1,A,3,-2.5272465405375097,-2.285776485201732
3,3,E,Y,Round 1,A,3,-2.5272465405375097,-2.037848971758147
2,2,E,F,Round 1,A,2,-2.491748612767245,-3.323251190620395
2,2,E,G,Round 1,A,2,-2.491748612767245,-1.285776485201732
2,2,E,H,Round 1,A,2,-2.491748612767245,-2.561410927815159
2,2,E,I,Round 1,A,2,-2.491748612767245,-2.037848971758147
2,2,E,K,Round 1,A,2,-2.491748612767245,-2.622811472479302
2,2,E,L,Round 1,A,2,-2.491748612767245,-2.037848971758147
2,2,E,M,Round 1,A,2,-2.491748612767245,-3.167131988703113
2,2,E,N,Round 1,A,2,-2.491748612767245,-1.738288689899239
2,2,E,P,Round 1,A,2,-2.491748612767245,-2.430166394536907
2,2,E,Q,Round 1,A,2,-2.491748612767245,-2.681705161532871
2,2,E,R,Round 1,A,2,-2.491748612767245,-2.125311813008486
2,2,E,S,Round 1,A,2,-2.491748612767245,-2.944739567366665
2,2,E,T,Round 1,A,2,-2.491748612767245,-2.430166394536907
2,2,E,V,Round 1,A,2,-2.491748612767245,-2.738288689899238
2,2,E,W,Round 1,A,2,-2.491748612767245,-2.681705161532871
2,2,E,Y,Round 1,A,2,-2.491748612767245,-2.992045282145022
2,2,E,A,Round 2,A,2,-5.8417012291140935,-5.139600954607043
2,2,E,D,Round 2,A,2,-5.8417012291140935,-6.502171033991751
3,3,E,A,Round 2,A,3,-5.821643601328803,-4.917208533270595
3,3,E,D,Round 2,A,3,-5.821643601328803,-5.332246032549439
4,4,T,A,Round 2,A,4,-5.661285575870462,-6.286442342936315
4,4,T,D,Round 2,A,4,-5.661285575870462,-6.376640151907893
4,4,T,E,Round 2,A,4,-5.661285575870462,-4.654174127436802
4,4,T,F,Round 2,A,4,-5.661285575870462,-5.419708873799778
4,4,T,G,Round 2,A,4,-5.661285575870462,-4.654174127436802
4,4,T,H,Round 2,A,4,-5.661285575870462,-5.332246032549439
4,4,T,I,Round 2,A,4,-5.661285575870462,-5.917208533270595
4,4,T,K,Round 2,A,4,-5.661285575870462,-5.791677651186736
4,4,T,L,Round 2,A,4,-5.661285575870462,-6.190227027677011
4,4,T,M,Round 2,A,4,-5.661285575870462,-5.791677651186736
4,4,T,N,Round 2,A,4,-5.661285575870462,-5.917208533270595
4,4,T,P,Round 2,A,4,-5.661285575870462,-5.419708873799778
4,4,T,Q,Round 2,A,4,-5.661285575870462,-5.791677651186736
4,4,T,R,Round 2,A,4,-5.661285575870462,-6.139600954607043
4,4,T,S,Round 2,A,4,-5.661285575870462,-5.332246032549439
5,5,L,A,Round 2,A,5,-5.864530850264983,-6.461529049494406
5,5,L,D,Round 2,A,5,-5.864530850264983,-5.419708873799778
5,5,L,E,Round 2,A,5,-5.864530850264983,-4.917208533270595
5,5,L,F,Round 2,A,5,-5.864530850264983,-6.032685750690532
5,5,L,G,Round 2,A,5,-5.864530850264983,-5.239136628157958
5,5,L,H,Round 2,A,5,-5.864530850264983,-6.087133534712908
5,5,L,I,Round 2,A,5,-5.864530850264983,-5.239136628157958
5,5,L,K,Round 2,A,5,-5.864530850264983,-6.286442342936315
6,6,E,A,Round 2,A,6,-5.839025630667326,-5.791677651186736
6,6,E,D,Round 2,A,6,-5.839025630667326,-5.139600954607043
7,7,K,A,Round 2,A,7,-5.894843887407702,-5.976102222324164
7,7,K,D,Round 2,A,7,-5.894843887407702,-6.239136628157958
7,7,K,E,Round 2,A,7,-5.894843887407702,-5.855807988606452
7,7,K,F,Round 2,A,7,-5.894843887407702,-5.7245634553282
7,7,K,G,Round 2,A,7,-5.894843887407702,-5.580173545993025
7,7,K,H,Round 2,A,7,-5.894843887407702,-5.791677651186736
7,7,K,I,Round 2,A,7,-5.894843887407702,-6.541699398178389
10,10,K,A,Round 2,A,10,-6.133871010058733,-6.286442342936315
10,10,K,D,Round 2,A,10,-6.133871010058733,-5.654174127436802
10,10,K,E,Round 2,A,10,-6.133871010058733,-6.332246032549439
10,10,K,F,Round 2,A,10,-6.133871010058733,-6.376640151907893
10,10,K,G,Round 2,A,10,-6.133871010058733,-5.7245634553282
10,10,K,H,Round 2,A,10,-6.133871010058733,-6.190227027677011
10,10,K,I,Round 2,A,10,-6.133871010058733,-6.190227027677011
11,11,L,A,Round 2,A,11,-5.935975526620442,-6.239136628157958
11,11,L,D,Round 2,A,11,-5.935975526620442,-5.502171033991751
11,11,L,E,Round 2,A,11,-5.935975526620442,-5.419708873799778
11,11,L,F,Round 2,A,11,-5.935975526620442,-5.7245634553282
11,11,L,G,Round 2,A,11,-5.935975526620442,-6.7245634553282
11,11,L,H,Round 2,A,11,-5.935975526620442,-5.917208533270595
11,11,L,I,Round 2,A,11,-5.935975526620442,-6.190227027677011
11,11,L,K,Round 2,A,11,-5.935975526620442,-6.032685750690532
12,12,K,A,Round 2,A,12,-5.987088019023104,-6.087133534712908
12,12,K,D,Round 2,A,12,-5.987088019023104,-6.332246032549439
12,12,K,E,Round 2,A,12,-5.987088019023104,-5.139600954607043
12,12,K,F,Round 2,A,12,-5.987088019023104,-6.502171033991751
12,12,K,G,Round 2,A,12,-5.987088019023104,-6.886834884227077
12,12,K,H,Round 2,A,12,-5.987088019023104,-5.419708873799778
12,12,K,I,Round 2,A,12,-5.987088019023104,-5.419708873799778
13,13,E,A,Round 2,A,13,-5.631714724364971,-4.332246032549439
13,13,E,D,Round 2,A,13,-5.631714724364971,-5.332246032549439
14,14,E,A,Round 2,A,14,-5.915290488541029,-6.139600954607043
14,14,E,D,Round 2,A,14,-5.915290488541029,-6.580173545993025
15,15,G,A,Round 2,A,15,-6.0961269434575565,-6.580173545993025
15,15,G,D,Round 2,A,15,-6.0961269434575565,-6.376640151907893
15,15,G,E,Round 2,A,15,-6.0961269434575565,-6.190227027677011
15,15,G,F,Round 2,A,15,-6.0961269434575565,-6.461529049494406
16,16,N,A,Round 2,A,16,-5.871203064349352,-6.032685750690532
16,16,N,D,Round 2,A,16,-5.871203064349352,-6.286442342936315
16,16,N,E,Round 2,A,16,-5.871203064349352,-6.239136628157958
16,16,N,F,Round 2,A,16,-5.871203064349352,-6.654174127436802
16,16,N,G,Round 2,A,16,-5.871203064349352,-6.139600954607043
16,16,N,H,Round 2,A,16,-5.871203064349352,-5.419708873799778
16,16,N,I,Round 2,A,16,-5.871203064349352,-6.239136628157958
16,16,N,K,Round 2,A,16,-5.871203064349352,-5.917208533270595
16,16,N,L,Round 2,A,16,-5.871203064349352,-4.502171033991751
16,16,N,M,Round 2,A,16,-5.871203064349352,-6.032685750690532
17,17,T,A,Round 2,A,17,-5.854074678742679,-6.139600954607043
17,17,T,D,Round 2,A,17,-5.854074678742679,-5.654174127436802
17,17,T,E,Round 2,A,17,-5.854074678742679,-6.419708873799778
17,17,T,F,Round 2,A,17,-5.854074678742679,-5.032685750690532
17,17,T,G,Round 2,A,17,-5.854074678742679,-5.791677651186736
17,17,T,H,Round 2,A,17,-5.854074678742679,-5.917208533270595
17,17,T,I,Round 2,A,17,-5.854074678742679,-6.190227027677011
17,17,T,K,Round 2,A,17,-5.854074678742679,-5.855807988606452
17,17,T,L,Round 2,A,17,-5.854074678742679,-6.239136628157958
17,17,T,M,Round 2,A,17,-5.854074678742679,-6.541699398178389
17,17,T,N,Round 2,A,17,-5.854074678742679,-5.032685750690532
17,17,T,P,Round 2,A,17,-5.854074678742679,-6.139600954607043
17,17,T,Q,Round 2,A,17,-5.854074678742679,-4.332246032549439
17,17,T,R,Round 2,A,17,-5.854074678742679,-5.855807988606452
17,17,T,S,Round 2,A,17,-5.854074678742679,-5.502171033991751
18,18,E,A,Round 2,A,18,-6.025599948865732,-6.461529049494406
18,18,E,D,Round 2,A,18,-6.025599948865732,-6.7245634553282
19,19,E,A,Round 2,A,19,-5.946832706708591,-6.758510787251537
19,19,E,D,Round 2,A,19,-5.946832706708591,-5.332246032549439
21,21,S,A,Round 2,A,21,-5.915398803059443,-6.139600954607043
21,21,S,D,Round 2,A,21,-5.915398803059443,-5.917208533270595
21,21,S,E,Round 2,A,21,-5.915398803059443,-6.190227027677011
21,21,S,F,Round 2,A,21,-5.915398803059443,-5.7245634553282
21,21,S,G,Round 2,A,21,-5.915398803059443,-5.239136628157958
21,21,S,H,Round 2,A,21,-5.915398803059443,-6.190227027677011
21,21,S,I,Round 2,A,21,-5.915398803059443,-5.654174127436802
21,21,S,K,Round 2,A,21,-5.915398803059443,-6.239136628157958
21,21,S,L,Round 2,A,21,-5.915398803059443,-6.332246032549439
21,21,S,M,Round 2,A,21,-5.915398803059443,-4.917208533270595
21,21,S,N,Round 2,A,21,-5.915398803059443,-6.032685750690532
21,21,S,P,Round 2,A,21,-5.915398803059443,-5.654174127436802
21,21,S,Q,Round 2,A,21,-5.915398803059443,-6.190227027677011
21,21,S,R,Round 2,A,21,-5.915398803059443,-6.087133534712908
22,22,E,A,Round 2,A,22,-5.763228116227832,-6.139600954607043
22,22,E,D,Round 2,A,22,-5.763228116227832,-5.032685750690532
23,23,K,A,Round 2,A,23,-5.890737208012867,-5.7245634553282
23,23,K,D,Round 2,A,23,-5.890737208012867,-6.190227027677011
23,23,K,E,Round 2,A,23,-5.890737208012867,-5.654174127436802
23,23,K,F,Round 2,A,23,-5.890737208012867,-5.7245634553282
23,23,K,G,Round 2,A,23,-5.890737208012867,-6.617648251411688
23,23,K,H,Round 2,A,23,-5.890737208012867,-6.654174127436802
23,23,K,I,Round 2,A,23,-5.890737208012867,-5.502171033991751
24,24,L,A,Round 2,A,24,-5.884716352069414,-5.791677651186736
24,24,L,D,Round 2,A,24,-5.884716352069414,-4.791677651186736
24,24,L,E,Round 2,A,24,-5.884716352069414,-6.190227027677011
24,24,L,F,Round 2,A,24,-5.884716352069414,-4.917208533270595
24,24,L,G,Round 2,A,24,-5.884716352069414,-6.946955876664648
24,24,L,H,Round 2,A,24,-5.884716352069414,-5.654174127436802
24,24,L,I,Round 2,A,24,-5.884716352069414,-6.032685750690532
24,24,L,K,Round 2,A,24,-5.884716352069414,-6.190227027677011
25,25,K,A,Round 2,A,25,-5.843381299753058,-4.791677651186736
25,25,K,D,Round 2,A,25,-5.843381299753058,-6.376640151907893
25,25,K,E,Round 2,A,25,-5.843381299753058,-5.855807988606452
25,25,K,F,Round 2,A,25,-5.843381299753058,-5.7245634553282
25,25,K,G,Round 2,A,25,-5.843381299753058,-5.976102222324164
25,25,K,H,Round 2,A,25,-5.843381299753058,-5.7245634553282
25,25,K,I,Round 2,A,25,-5.843381299753058,-6.139600954607043
26,26,E,A,Round 2,A,26,-5.819849819201489,-5.791677651186736
26,26,E,D,Round 2,A,26,-5.819849819201489,-5.032685750690532
28,28,M,A,Round 2,A,28,-5.865811190332653,-5.976102222324164
28,28,M,D,Round 2,A,28,-5.865811190332653,-5.654174127436802
28,28,M,E,Round 2,A,28,-5.865811190332653,-5.976102222324164
28,28,M,F,Round 2,A,28,-5.865811190332653,-5.855807988606452
28,28,M,G,Round 2,A,28,-5.865811190332653,-5.7245634553282
28,28,M,H,Round 2,A,28,-5.865811190332653,-5.976102222324164
28,28,M,I,Round 2,A,28,-5.865811190332653,-6.376640151907893
28,28,M,K,Round 2,A,28,-5.865811190332653,-5.917208533270595
28,28,M,L,Round 2,A,28,-5.865811190332653,-4.791677651186736
29,29,K,A,Round 2,A,29,-5.881839385778519,-6.032685750690532
29,29,K,D,Round 2,A,29,-5.881839385778519,-6.580173545993025
29,29,K,E,Round 2,A,29,-5.881839385778519,-5.976102222324164
29,29,K,F,Round 2,A,29,-5.881839385778519,-6.286442342936315
29,29,K,G,Round 2,A,29,-5.881839385778519,-5.976102222324164
29,29,K,H,Round 2,A,29,-5.881839385778519,-6.190227027677011
29,29,K,I,Round 2,A,29,-5.881839385778519,-5.332246032549439
30,30,K,A,Round 2,A,30,-5.966807387607846,-5.855807988606452
30,30,K,D,Round 2,A,30,-5.966807387607846,-5.580173545993025
30,30,K,E,Round 2,A,30,-5.966807387607846,-5.032685750690532
30,30,K,F,Round 2,A,30,-5.966807387607846,-6.946955876664648
30,30,K,G,Round 2,A,30,-5.966807387607846,-6.032685750690532
30,30,K,H,Round 2,A,30,-5.966807387607846,-5.855807988606452
30,30,K,I,Round 2,A,30,-5.966807387607846,-6.190227027677011
31,31,S,A,Round 2,A,31,-5.817115441358295,-5.654174127436802
31,31,S,D,Round 2,A,31,-5.817115441358295,-6.239136628157958
31,31,S,E,Round 2,A,31,-5.817115441358295,-4.654174127436802
31,31,S,F,Round 2,A,31,-5.817115441358295,-6.087133534712908
31,31,S,G,Round 2,A,31,-5.817115441358295,-5.976102222324164
31,31,S,H,Round 2,A,31,-5.817115441358295,-6.032685750690532
31,31,S,I,Round 2,A,31,-5.817115441358295,-6.190227027677011
31,31,S,K,Round 2,A,31,-5.817115441358295,-6.190227027677011
31,31,S,L,Round 2,A,31,-5.817115441358295,-6.239136628157958
31,31,S,M,Round 2,A,31,-5.817115441358295,-6.087133534712908
31,31,S,N,Round 2,A,31,-5.817115441358295,-5.419708873799778
31,31,S,P,Round 2,A,31,-5.817115441358295,-5.917208533270595
31,31,S,Q,Round 2,A,31,-5.817115441358295,-6.032685750690532
31,31,S,R,Round 2,A,31,-5.817115441358295,-5.502171033991751
32,32,L,A,Round 2,A,32,-5.948136314899778,-6.087133534712908
32,32,L,D,Round 2,A,32,-5.948136314899778,-6.190227027677011
32,32,L,E,Round 2,A,32,-5.948136314899778,-5.654174127436802
32,32,L,F,Round 2,A,32,-5.948136314899778,-5.791677651186736
32,32,L,G,Round 2,A,32,-5.948136314899778,-6.502171033991751
32,32,L,H,Round 2,A,32,-5.948136314899778,-5.917208533270595
32,32,L,I,Round 2,A,32,-5.948136314899778,-7.060166487112639
32,32,L,K,Round 2,A,32,-5.948136314899778,-6.087133534712908
33,33,E,A,Round 2,A,33,-6.160156582526632,-6.758510787251537
33,33,E,D,Round 2,A,33,-6.160156582526632,-5.976102222324164
34,34,E,A,Round 2,A,34,-5.814619653101417,-6.461529049494406
34,34,E,D,Round 2,A,34,-5.814619653101417,-6.190227027677011
35,35,G,A,Round 2,A,35,-5.940397430519097,-6.419708873799778
35,35,G,C,Round 2,A,35,-5.940397430519097,-2.332246032549439
35,35,G,D,Round 2,A,35,-5.940397430519097,-6.376640151907893
35,35,G,E,Round 2,A,35,-5.940397430519097,-5.654174127436802
35,35,G,F,Round 2,A,35,-5.940397430519097,-6.087133534712908
36,36,D,A,Round 2,A,36,-5.326777980445166,-5.855807988606452
36,36,D,C,Round 2,A,36,-5.326777980445166,-1.332246032549439
37,37,Y,A,Round 2,A,37,-6.009673998903755,-6.190227027677011
37,37,Y,D,Round 2,A,37,-6.009673998903755,-6.139600954607043
37,37,Y,E,Round 2,A,37,-6.009673998903755,-6.087133534712908
37,37,Y,F,Round 2,A,37,-6.009673998903755,-6.461529049494406
37,37,Y,G,Round 2,A,37,-6.009673998903755,-5.502171033991751
37,37,Y,H,Round 2,A,37,-6.009673998903755,-6.419708873799778
37,37,Y,I,Round 2,A,37,-6.009673998903755,-6.032685750690532
37,37,Y,K,Round 2,A,37,-6.009673998903755,-5.791677651186736
37,37,Y,L,Round 2,A,37,-6.009673998903755,-5.419708873799778
37,37,Y,M,Round 2,A,37,-6.009673998903755,-6.239136628157958
37,37,Y,N,Round 2,A,37,-6.009673998903755,-5.139600954607043
37,37,Y,P,Round 2,A,37,-6.009673998903755,-5.791677651186736
37,37,Y,Q,Round 2,A,37,-6.009673998903755,-6.087133534712908
37,37,Y,R,Round 2,A,37,-6.009673998903755,-5.791677651186736
37,37,Y,S,Round 2,A,37,-6.009673998903755,-6.032685750690532
37,37,Y,T,Round 2,A,37,-6.009673998903755,-6.502171033991751
37,37,Y,V,Round 2,A,37,-6.009673998903755,-5.855807988606452
37,37,Y,W,Round 2,A,37,-6.009673998903755,-6.689798037167523
38,38,E,A,Round 2,A,38,-5.758628320749769,-5.502171033991751
38,38,E,D,Round 2,A,38,-5.758628320749769,-5.917208533270595
39,39,N,A,Round 2,A,39,-5.499093261464627,-4.917208533270595
39,39,N,D,Round 2,A,39,-5.499093261464627,-5.917208533270595
39,39,N,E,Round 2,A,39,-5.499093261464627,-5.139600954607043
39,39,N,F,Round 2,A,39,-5.499093261464627,-5.032685750690532
39,39,N,G,Round 2,A,39,-5.499093261464627,-6.139600954607043
39,39,N,H,Round 2,A,39,-5.499093261464627,-6.654174127436802
39,39,N,I,Round 2,A,39,-5.499093261464627,-4.139600954607043
39,39,N,K,Round 2,A,39,-5.499093261464627,-5.239136628157958
39,39,N,L,Round 2,A,39,-5.499093261464627,-6.917208533270595
39,39,N,M,Round 2,A,39,-5.499093261464627,-6.502171033991751
40,40,Y,A,Round 2,A,40,-5.809898830094885,-5.139600954607043
40,40,Y,D,Round 2,A,40,-5.809898830094885,-6.419708873799778
40,40,Y,E,Round 2,A,40,-5.809898830094885,-5.7245634553282
40,40,Y,F,Round 2,A,40,-5.809898830094885,-5.791677651186736
40,40,Y,G,Round 2,A,40,-5.809898830094885,-5.580173545993025
40,40,Y,H,Round 2,A,40,-5.809898830094885,-5.139600954607043
40,40,Y,I,Round 2,A,40,-5.809898830094885,-5.419708873799778
40,40,Y,K,Round 2,A,40,-5.809898830094885,-5.976102222324164
40,40,Y,L,Round 2,A,40,-5.809898830094885,-5.976102222324164
40,40,Y,M,Round 2,A,40,-5.809898830094885,-6.7245634553282
40,40,Y,N,Round 2,A,40,-5.809898830094885,-5.791677651186736
40,40,Y,P,Round 2,A,40,-5.809898830094885,-5.654174127436802
40,40,Y,Q,Round 2,A,40,-5.809898830094885,-5.580173545993025
40,40,Y,R,Round 2,A,40,-5.809898830094885,-5.976102222324164
40,40,Y,S,Round 2,A,40,-5.809898830094885,-6.239136628157958
40,40,Y,T,Round 2,A,40,-5.809898830094885,-5.855807988606452
40,40,Y,V,Round 2,A,40,-5.809898830094885,-6.087133534712908
40,40,Y,W,Round 2,A,40,-5.809898830094885,-5.502171033991751
41,41,T,A,Round 2,A,41,-5.828833121383479,-6.332246032549439
41,41,T,C,Round 2,A,41,-5.828833121383479,-2.332246032549439
41,41,T,D,Round 2,A,41,-5.828833121383479,-5.855807988606452
41,41,T,E,Round 2,A,41,-5.828833121383479,-5.976102222324164
41,41,T,F,Round 2,A,41,-5.828833121383479,-5.7245634553282
41,41,T,G,Round 2,A,41,-5.828833121383479,-5.032685750690532
41,41,T,H,Round 2,A,41,-5.828833121383479,-6.032685750690532
41,41,T,I,Round 2,A,41,-5.828833121383479,-6.419708873799778
41,41,T,K,Round 2,A,41,-5.828833121383479,-6.286442342936315
41,41,T,L,Round 2,A,41,-5.828833121383479,-6.286442342936315
41,41,T,M,Round 2,A,41,-5.828833121383479,-6.617648251411688
41,41,T,N,Round 2,A,41,-5.828833121383479,-5.855807988606452
41,41,T,P,Round 2,A,41,-5.828833121383479,-5.580173545993025
41,41,T,Q,Round 2,A,41,-5.828833121383479,-5.419708873799778
41,41,T,R,Round 2,A,41,-5.828833121383479,-6.376640151907893
41,41,T,S,Round 2,A,41,-5.828833121383479,-6.190227027677011
42,42,R,A,Round 2,A,42,0.22558478976100282,-3.332246032549439
42,42,R,C,Round 2,A,42,0.22558478976100282,-0.3322460325494394
42,42,R,D,Round 2,A,42,0.22558478976100282,-3.772818623935421
42,42,R,E,Round 2,A,42,0.22558478976100282,-7.239136628157958
42,42,R,F,Round 2,A,42,0.22558478976100282,7.163932989183025
42,42,R,G,Round 2,A,42,0.22558478976100282,0.5257349625781327
42,42,R,H,Round 2,A,42,0.22558478976100282,-3.964514248048952
42,42,R,I,Round 2,A,42,0.22558478976100282,6.675248503997484
42,42,R,K,Round 2,A,42,0.22558478976100282,-5.917208533270595
42,42,R,L,Round 2,A,42,0.22558478976100282,7.291722526780615
42,42,R,M,Round 2,A,42,0.22558478976100282,6.159607063780236
42,42,R,N,Round 2,A,42,0.22558478976100282,-6.917208533270595
42,42,R,P,Round 2,A,42,0.22558478976100282,-2.447723249969375
42,42,R,Q,Round 2,A,42,0.22558478976100282,-2.747283531828284
43,43,F,A,Round 2,A,43,-5.656632734877602,-4.917208533270595
43,43,F,C,Round 2,A,43,-5.656632734877602,0.2527164681717165
43,43,F,D,Round 2,A,43,-5.656632734877602,-5.855807988606452
43,43,F,E,Round 2,A,43,-5.656632734877602,-5.917208533270595
44,44,L,A,Round 2,A,44,-5.950676850131142,-4.917208533270595
44,44,L,D,Round 2,A,44,-5.950676850131142,-6.617648251411688
44,44,L,E,Round 2,A,44,-5.950676850131142,-6.758510787251537
44,44,L,F,Round 2,A,44,-5.950676850131142,-6.376640151907893
44,44,L,G,Round 2,A,44,-5.950676850131142,-5.580173545993025
44,44,L,H,Round 2,A,44,-5.950676850131142,-5.917208533270595
44,44,L,I,Round 2,A,44,-5.950676850131142,-5.976102222324164
44,44,L,K,Round 2,A,44,-5.950676850131142,-5.580173545993025
45,45,I,A,Round 2,A,45,-5.946251539374092,-4.654174127436802
45,45,I,D,Round 2,A,45,-5.946251539374092,-5.580173545993025
45,45,I,E,Round 2,A,45,-5.946251539374092,-6.824099128879114
45,45,I,F,Round 2,A,45,-5.946251539374092,-3.654174127436802
45,45,I,G,Round 2,A,45,-5.946251539374092,-6.502171033991751
45,45,I,H,Round 2,A,45,-5.946251539374092,-6.502171033991751
46,46,L,A,Round 2,A,46,-5.952968886199412,-5.502171033991751
46,46,L,D,Round 2,A,46,-5.952968886199412,-6.087133534712908
46,46,L,E,Round 2,A,46,-5.952968886199412,-5.791677651186736
46,46,L,F,Round 2,A,46,-5.952968886199412,-6.139600954607043
46,46,L,G,Round 2,A,46,-5.952968886199412,-6.580173545993025
46,46,L,H,Round 2,A,46,-5.952968886199412,-5.419708873799778
46,46,L,I,Round 2,A,46,-5.952968886199412,-5.332246032549439
46,46,L,K,Round 2,A,46,-5.952968886199412,-5.419708873799778
47,47,N,A,Round 2,A,47,-6.046850372586177,-6.239136628157958
47,47,N,D,Round 2,A,47,-6.046850372586177,-7.004671374520935
47,47,N,E,Round 2,A,47,-6.046850372586177,-6.502171033991751
47,47,N,F,Round 2,A,47,-6.046850372586177,-6.190227027677011
47,47,N,G,Round 2,A,47,-6.046850372586177,-5.654174127436802
47,47,N,H,Round 2,A,47,-6.046850372586177,-4.791677651186736
47,47,N,I,Round 2,A,47,-6.046850372586177,-5.654174127436802
47,47,N,K,Round 2,A,47,-6.046850372586177,-5.917208533270595
47,47,N,L,Round 2,A,47,-6.046850372586177,-5.654174127436802
47,47,N,M,Round 2,A,47,-6.046850372586177,-7.139600954607043
48,48,F,A,Round 2,A,48,-5.886503281075743,-4.791677651186736
48,48,F,D,Round 2,A,48,-5.886503281075743,-5.976102222324164
48,48,F,E,Round 2,A,48,-5.886503281075743,-6.139600954607043
49,49,Q,A,Round 2,A,49,-5.319287123193594,-6.286442342936315
49,49,Q,D,Round 2,A,49,-5.319287123193594,-6.087133534712908
49,49,Q,E,Round 2,A,49,-5.319287123193594,-6.139600954607043
49,49,Q,F,Round 2,A,49,-5.319287123193594,-6.032685750690532
49,49,Q,G,Round 2,A,49,-5.319287123193594,-5.917208533270595
49,49,Q,H,Round 2,A,49,-5.319287123193594,-6.580173545993025
49,49,Q,I,Round 2,A,49,-5.319287123193594,-5.791677651186736
49,49,Q,K,Round 2,A,49,-5.319287123193594,-6.332246032549439
49,49,Q,L,Round 2,A,49,-5.319287123193594,-5.976102222324164
49,49,Q,M,Round 2,A,49,-5.319287123193594,-5.7245634553282
49,49,Q,N,Round 2,A,49,-5.319287123193594,-5.032685750690532
49,49,Q,P,Round 2,A,49,-5.319287123193594,-6.419708873799778
50,50,W,A,Round 2,A,50,-5.69820453449543,-5.976102222324164
50,50,W,D,Round 2,A,50,-5.69820453449543,-5.502171033991751
50,50,W,E,Round 2,A,50,-5.69820453449543,-4.654174127436802
50,50,W,F,Round 2,A,50,-5.69820453449543,-6.032685750690532
50,50,W,G,Round 2,A,50,-5.69820453449543,-6.032685750690532
50,50,W,H,Round 2,A,50,-5.69820453449543,-5.139600954607043
50,50,W,I,Round 2,A,50,-5.69820453449543,-5.580173545993025
50,50,W,K,Round 2,A,50,-5.69820453449543,-6.087133534712908
50,50,W,L,Round 2,A,50,-5.69820453449543,-6.419708873799778
50,50,W,M,Round 2,A,50,-5.69820453449543,-6.139600954607043
50,50,W,N,Round 2,A,50,-5.69820453449543,-6.461529049494406
50,50,W,P,Round 2,A,50,-5.69820453449543,-6.461529049494406
50,50,W,Q,Round 2,A,50,-5.69820453449543,-5.332246032549439
50,50,W,R,Round 2,A,50,-5.69820453449543,-5.502171033991751
50,50,W,S,Round 2,A,50,-5.69820453449543,-6.139600954607043
50,50,W,T,Round 2,A,50,-5.69820453449543,-5.032685750690532
50,50,W,V,Round 2,A,50,-5.69820453449543,-4.654174127436802
51,51,T,A,Round 2,A,51,-5.895895211330906,-3.654174127436802
51,51,T,D,Round 2,A,51,-5.895895211330906,-6.654174127436802
51,51,T,E,Round 2,A,51,-5.895895211330906,-5.239136628157958
51,51,T,F,Round 2,A,51,-5.895895211330906,-5.855807988606452
51,51,T,G,Round 2,A,51,-5.895895211330906,-5.976102222324164
51,51,T,H,Round 2,A,51,-5.895895211330906,-6.190227027677011
51,51,T,I,Round 2,A,51,-5.895895211330906,-6.419708873799778
51,51,T,K,Round 2,A,51,-5.895895211330906,-5.419708873799778
51,51,T,L,Round 2,A,51,-5.895895211330906,-6.332246032549439
51,51,T,M,Round 2,A,51,-5.895895211330906,-6.087133534712908
51,51,T,N,Round 2,A,51,-5.895895211330906,-5.855807988606452
51,51,T,P,Round 2,A,51,-5.895895211330906,-5.917208533270595
51,51,T,Q,Round 2,A,51,-5.895895211330906,-6.139600954607043
51,51,T,R,Round 2,A,51,-5.895895211330906,-5.139600954607043
51,51,T,S,Round 2,A,51,-5.895895211330906,-6.419708873799778
52,52,G,A,Round 2,A,52,-4.701868974049564,-5.791677651186736
52,52,G,C,Round 2,A,52,-4.701868974049564,-2.332246032549439
52,52,G,D,Round 2,A,52,-4.701868974049564,-5.502171033991751
52,52,G,E,Round 2,A,52,-4.701868974049564,-4.791677651186736
52,52,G,F,Round 2,A,52,-4.701868974049564,-0.5128182781912602
53,53,S,A,Round 2,A,53,-5.83585696993249,-5.917208533270595
53,53,S,D,Round 2,A,53,-5.83585696993249,-6.376640151907893
53,53,S,E,Round 2,A,53,-5.83585696993249,-5.654174127436802
53,53,S,F,Round 2,A,53,-5.83585696993249,-6.087133534712908
53,53,S,G,Round 2,A,53,-5.83585696993249,-5.239136628157958
53,53,S,H,Round 2,A,53,-5.83585696993249,-5.7245634553282
53,53,S,I,Round 2,A,53,-5.83585696993249,-5.976102222324164
53,53,S,K,Round 2,A,53,-5.83585696993249,-5.139600954607043
53,53,S,L,Round 2,A,53,-5.83585696993249,-4.791677651186736
53,53,S,M,Round 2,A,53,-5.83585696993249,-5.7245634553282
53,53,S,N,Round 2,A,53,-5.83585696993249,-6.7245634553282
53,53,S,P,Round 2,A,53,-5.83585696993249,-6.580173545993025
53,53,S,Q,Round 2,A,53,-5.83585696993249,-5.139600954607043
53,53,S,R,Round 2,A,53,-5.83585696993249,-6.087133534712908
54,54,S,A,Round 2,A,54,-5.861175275421843,-6.541699398178389
54,54,S,D,Round 2,A,54,-5.861175275421843,-6.032685750690532
54,54,S,E,Round 2,A,54,-5.861175275421843,-6.239136628157958
54,54,S,F,Round 2,A,54,-5.861175275421843,-5.139600954607043
54,54,S,G,Round 2,A,54,-5.861175275421843,-5.917208533270595
54,54,S,H,Round 2,A,54,-5.861175275421843,-6.376640151907893
54,54,S,I,Round 2,A,54,-5.861175275421843,-6.032685750690532
54,54,S,K,Round 2,A,54,-5.861175275421843,-5.855807988606452
54,54,S,L,Round 2,A,54,-5.861175275421843,-6.032685750690532
54,54,S,M,Round 2,A,54,-5.861175275421843,-5.654174127436802
54,54,S,N,Round 2,A,54,-5.861175275421843,-5.502171033991751
54,54,S,P,Round 2,A,54,-5.861175275421843,-5.502171033991751
54,54,S,Q,Round 2,A,54,-5.861175275421843,-5.654174127436802
54,54,S,R,Round 2,A,54,-5.861175275421843,-4.791677651186736
55,55,E,A,Round 2,A,55,-5.9872144899090864,-5.917208533270595
55,55,E,D,Round 2,A,55,-5.9872144899090864,-6.087133534712908
56,56,T,A,Round 2,A,56,-5.847621686561943,-6.286442342936315
56,56,T,D,Round 2,A,56,-5.847621686561943,-5.580173545993025
56,56,T,E,Round 2,A,56,-5.847621686561943,-5.791677651186736
56,56,T,F,Round 2,A,56,-5.847621686561943,-6.376640151907893
56,56,T,G,Round 2,A,56,-5.847621686561943,-5.791677651186736
56,56,T,H,Round 2,A,56,-5.847621686561943,-6.580173545993025
56,56,T,I,Round 2,A,56,-5.847621686561943,-5.502171033991751
56,56,T,K,Round 2,A,56,-5.847621686561943,-5.332246032549439
56,56,T,L,Round 2,A,56,-5.847621686561943,-4.917208533270595
56,56,T,M,Round 2,A,56,-5.847621686561943,-5.580173545993025
56,56,T,N,Round 2,A,56,-5.847621686561943,-6.087133534712908
56,56,T,P,Round 2,A,56,-5.847621686561943,-6.087133534712908
56,56,T,Q,Round 2,A,56,-5.847621686561943,-5.791677651186736
56,56,T,R,Round 2,A,56,-5.847621686561943,-6.139600954607043
56,56,T,S,Round 2,A,56,-5.847621686561943,-6.617648251411688
59,59,E,A,Round 2,A,59,-5.938283883799978,-6.087133534712908
59,59,E,D,Round 2,A,59,-5.938283883799978,-6.032685750690532
60,60,N,A,Round 2,A,60,-5.6971979434539595,-6.087133534712908
60,60,N,D,Round 2,A,60,-5.6971979434539595,-5.332246032549439
60,60,N,E,Round 2,A,60,-5.6971979434539595,-5.7245634553282
60,60,N,F,Round 2,A,60,-5.6971979434539595,-6.502171033991751
60,60,N,G,Round 2,A,60,-5.6971979434539595,-6.087133534712908
60,60,N,H,Round 2,A,60,-5.6971979434539595,-5.419708873799778
60,60,N,I,Round 2,A,60,-5.6971979434539595,-6.886834884227077
60,60,N,K,Round 2,A,60,-5.6971979434539595,-5.580173545993025
60,60,N,L,Round 2,A,60,-5.6971979434539595,-6.087133534712908
60,60,N,M,Round 2,A,60,-5.6971979434539595,-6.286442342936315
62,62,K,A,Round 2,A,62,-5.909441261532958,-6.087133534712908
62,62,K,D,Round 2,A,62,-5.909441261532958,-5.239136628157958
62,62,K,E,Round 2,A,62,-5.909441261532958,-4.654174127436802
62,62,K,F,Round 2,A,62,-5.909441261532958,-5.332246032549439
62,62,K,G,Round 2,A,62,-5.909441261532958,-6.139600954607043
62,62,K,H,Round 2,A,62,-5.909441261532958,-5.419708873799778
62,62,K,I,Round 2,A,62,-5.909441261532958,-5.580173545993025
63,63,E,A,Round 2,A,63,-5.835314502189217,-5.580173545993025
63,63,E,D,Round 2,A,63,-5.835314502189217,-5.419708873799778
65,65,E,A,Round 2,A,65,-5.886609930289525,-5.419708873799778
65,65,E,D,Round 2,A,65,-5.886609930289525,-6.286442342936315
65,65,E,F,Round 2,A,65,-5.886609930289525,-5.855807988606452
65,65,E,G,Round 2,A,65,-5.886609930289525,-5.917208533270595
65,65,E,H,Round 2,A,65,-5.886609930289525,-5.7245634553282
65,65,E,I,Round 2,A,65,-5.886609930289525,-5.419708873799778
65,65,E,K,Round 2,A,65,-5.886609930289525,-4.917208533270595
65,65,E,L,Round 2,A,65,-5.886609930289525,-6.087133534712908
65,65,E,M,Round 2,A,65,-5.886609930289525,-6.654174127436802
65,65,E,N,Round 2,A,65,-5.886609930289525,-6.139600954607043
65,65,E,P,Round 2,A,65,-5.886609930289525,-6.419708873799778
65,65,E,Q,Round 2,A,65,-5.886609930289525,-5.239136628157958
65,65,E,R,Round 2,A,65,-5.886609930289525,-5.580173545993025
65,65,E,S,Round 2,A,65,-5.886609930289525,-6.580173545993025
65,65,E,T,Round 2,A,65,-5.886609930289525,-6.376640151907893
65,65,E,V,Round 2,A,65,-5.886609930289525,-5.502171033991751
65,65,E,W,Round 2,A,65,-5.886609930289525,-6.419708873799778
65,65,E,Y,Round 2,A,65,-5.886609930289525,-5.419708873799778
64,64,A,D,Round 2,A,64,-5.825370921280603,-5.7245634553282
64,64,A,E,Round 2,A,64,-5.825370921280603,-5.7245634553282
64,64,A,F,Round 2,A,64,-5.825370921280603,-6.376640151907893
64,64,A,G,Round 2,A,64,-5.825370921280603,-6.376640151907893
64,64,A,H,Round 2,A,64,-5.825370921280603,-4.917208533270595
64,64,A,I,Round 2,A,64,-5.825370921280603,-6.946955876664648
64,64,A,K,Round 2,A,64,-5.825370921280603,-5.502171033991751
64,64,A,L,Round 2,A,64,-5.825370921280603,-5.976102222324164
64,64,A,M,Round 2,A,64,-5.825370921280603,-5.502171033991751
64,64,A,N,Round 2,A,64,-5.825370921280603,-4.917208533270595
64,64,A,P,Round 2,A,64,-5.825370921280603,-5.502171033991751
64,64,A,Q,Round 2,A,64,-5.825370921280603,-6.376640151907893
64,64,A,R,Round 2,A,64,-5.825370921280603,-5.580173545993025
64,64,A,S,Round 2,A,64,-5.825370921280603,-5.032685750690532
64,64,A,T,Round 2,A,64,-5.825370921280603,-6.689798037167523
64,64,A,V,Round 2,A,64,-5.825370921280603,-5.917208533270595
64,64,A,W,Round 2,A,64,-5.825370921280603,-6.139600954607043
64,64,A,Y,Round 2,A,64,-5.825370921280603,-5.654174127436802
63,63,E,F,Round 2,A,63,-5.835314502189217,-5.580173545993025
63,63,E,G,Round 2,A,63,-5.835314502189217,-4.502171033991751
63,63,E,H,Round 2,A,63,-5.835314502189217,-6.758510787251537
63,63,E,I,Round 2,A,63,-5.835314502189217,-4.917208533270595
63,63,E,K,Round 2,A,63,-5.835314502189217,-5.580173545993025
63,63,E,L,Round 2,A,63,-5.835314502189217,-6.419708873799778
63,63,E,M,Round 2,A,63,-5.835314502189217,-6.376640151907893
63,63,E,N,Round 2,A,63,-5.835314502189217,-6.332246032549439
63,63,E,P,Round 2,A,63,-5.835314502189217,-6.689798037167523
63,63,E,Q,Round 2,A,63,-5.835314502189217,-5.855807988606452
63,63,E,R,Round 2,A,63,-5.835314502189217,-5.239136628157958
63,63,E,S,Round 2,A,63,-5.835314502189217,-5.976102222324164
63,63,E,T,Round 2,A,63,-5.835314502189217,-5.976102222324164
63,63,E,V,Round 2,A,63,-5.835314502189217,-5.7245634553282
63,63,E,W,Round 2,A,63,-5.835314502189217,-6.190227027677011
63,63,E,Y,Round 2,A,63,-5.835314502189217,-5.917208533270595
62,62,K,L,Round 2,A,62,-5.909441261532958,-6.376640151907893
62,62,K,M,Round 2,A,62,-5.909441261532958,-5.7245634553282
62,62,K,N,Round 2,A,62,-5.909441261532958,-5.239136628157958
62,62,K,P,Round 2,A,62,-5.909441261532958,-5.654174127436802
62,62,K,Q,Round 2,A,62,-5.909441261532958,-6.689798037167523
62,62,K,R,Round 2,A,62,-5.909441261532958,-5.976102222324164
62,62,K,S,Round 2,A,62,-5.909441261532958,-6.541699398178389
62,62,K,T,Round 2,A,62,-5.909441261532958,-6.502171033991751
62,62,K,V,Round 2,A,62,-5.909441261532958,-6.461529049494406
62,62,K,W,Round 2,A,62,-5.909441261532958,-6.419708873799778
62,62,K,Y,Round 2,A,62,-5.909441261532958,-6.332246032549439
61,61,A,D,Round 2,A,61,-5.921946069203197,-6.139600954607043
61,61,A,E,Round 2,A,61,-5.921946069203197,-6.461529049494406
61,61,A,F,Round 2,A,61,-5.921946069203197,-5.791677651186736
61,61,A,G,Round 2,A,61,-5.921946069203197,-5.7245634553282
61,61,A,H,Round 2,A,61,-5.921946069203197,-6.286442342936315
61,61,A,I,Round 2,A,61,-5.921946069203197,-6.617648251411688
61,61,A,K,Round 2,A,61,-5.921946069203197,-5.332246032549439
61,61,A,L,Round 2,A,61,-5.921946069203197,-5.791677651186736
61,61,A,M,Round 2,A,61,-5.921946069203197,-5.654174127436802
61,61,A,N,Round 2,A,61,-5.921946069203197,-6.791677651186736
61,61,A,P,Round 2,A,61,-5.921946069203197,-5.419708873799778
61,61,A,Q,Round 2,A,61,-5.921946069203197,-5.502171033991751
61,61,A,R,Round 2,A,61,-5.921946069203197,-5.917208533270595
61,61,A,S,Round 2,A,61,-5.921946069203197,-5.032685750690532
61,61,A,T,Round 2,A,61,-5.921946069203197,-6.239136628157958
61,61,A,V,Round 2,A,61,-5.921946069203197,-5.791677651186736
61,61,A,W,Round 2,A,61,-5.921946069203197,-5.7245634553282
61,61,A,Y,Round 2,A,61,-5.921946069203197,-6.376640151907893
60,60,N,P,Round 2,A,60,-5.6971979434539595,-5.791677651186736
60,60,N,Q,Round 2,A,60,-5.6971979434539595,-4.791677651186736
60,60,N,R,Round 2,A,60,-5.6971979434539595,-5.791677651186736
60,60,N,S,Round 2,A,60,-5.6971979434539595,-4.654174127436802
60,60,N,T,Round 2,A,60,-5.6971979434539595,-4.502171033991751
60,60,N,V,Round 2,A,60,-5.6971979434539595,-5.502171033991751
60,60,N,W,Round 2,A,60,-5.6971979434539595,-5.332246032549439
60,60,N,Y,Round 2,A,60,-5.6971979434539595,-6.190227027677011
59,59,E,F,Round 2,A,59,-5.938283883799978,-5.791677651186736
59,59,E,G,Round 2,A,59,-5.938283883799978,-6.461529049494406
59,59,E,H,Round 2,A,59,-5.938283883799978,-5.917208533270595
59,59,E,I,Round 2,A,59,-5.938283883799978,-6.190227027677011
59,59,E,K,Round 2,A,59,-5.938283883799978,-5.7245634553282
59,59,E,L,Round 2,A,59,-5.938283883799978,-6.617648251411688
59,59,E,M,Round 2,A,59,-5.938283883799978,-5.976102222324164
59,59,E,N,Round 2,A,59,-5.938283883799978,-6.580173545993025
59,59,E,P,Round 2,A,59,-5.938283883799978,-5.7245634553282
59,59,E,Q,Round 2,A,59,-5.938283883799978,-5.7245634553282
59,59,E,R,Round 2,A,59,-5.938283883799978,-6.7245634553282
59,59,E,S,Round 2,A,59,-5.938283883799978,-5.580173545993025
59,59,E,T,Round 2,A,59,-5.938283883799978,-5.502171033991751
59,59,E,V,Round 2,A,59,-5.938283883799978,-6.419708873799778
59,59,E,W,Round 2,A,59,-5.938283883799978,-4.917208533270595
59,59,E,Y,Round 2,A,59,-5.938283883799978,-4.917208533270595
58,58,A,D,Round 2,A,58,-5.857700603429139,-6.032685750690532
58,58,A,E,Round 2,A,58,-5.857700603429139,-5.332246032549439
58,58,A,F,Round 2,A,58,-5.857700603429139,-5.139600954607043
58,58,A,G,Round 2,A,58,-5.857700603429139,-6.032685750690532
58,58,A,H,Round 2,A,58,-5.857700603429139,-6.376640151907893
58,58,A,I,Round 2,A,58,-5.857700603429139,-6.190227027677011
58,58,A,K,Round 2,A,58,-5.857700603429139,-4.502171033991751
58,58,A,L,Round 2,A,58,-5.857700603429139,-6.376640151907893
58,58,A,M,Round 2,A,58,-5.857700603429139,-5.917208533270595
58,58,A,N,Round 2,A,58,-5.857700603429139,-6.239136628157958
58,58,A,P,Round 2,A,58,-5.857700603429139,-5.7245634553282
58,58,A,Q,Round 2,A,58,-5.857700603429139,-4.791677651186736
58,58,A,R,Round 2,A,58,-5.857700603429139,-6.239136628157958
58,58,A,S,Round 2,A,58,-5.857700603429139,-6.286442342936315
58,58,A,T,Round 2,A,58,-5.857700603429139,-5.917208533270595
58,58,A,V,Round 2,A,58,-5.857700603429139,-5.791677651186736
58,58,A,W,Round 2,A,58,-5.857700603429139,-5.7245634553282
58,58,A,Y,Round 2,A,58,-5.857700603429139,-6.824099128879114
57,57,A,D,Round 2,A,57,-5.934050367286099,-6.032685750690532
57,57,A,E,Round 2,A,57,-5.934050367286099,-4.502171033991751
57,57,A,F,Round 2,A,57,-5.934050367286099,-5.855807988606452
57,57,A,G,Round 2,A,57,-5.934050367286099,-4.502171033991751
57,57,A,H,Round 2,A,57,-5.934050367286099,-6.7245634553282
57,57,A,I,Round 2,A,57,-5.934050367286099,-6.139600954607043
57,57,A,K,Round 2,A,57,-5.934050367286099,-5.976102222324164
57,57,A,L,Round 2,A,57,-5.934050367286099,-5.239136628157958
57,57,A,M,Round 2,A,57,-5.934050367286099,-6.654174127436802
57,57,A,N,Round 2,A,57,-5.934050367286099,-6.286442342936315
57,57,A,P,Round 2,A,57,-5.934050367286099,-5.855807988606452
57,57,A,Q,Round 2,A,57,-5.934050367286099,-6.332246032549439
57,57,A,R,Round 2,A,57,-5.934050367286099,-5.791677651186736
57,57,A,S,Round 2,A,57,-5.934050367286099,-5.139600954607043
57,57,A,T,Round 2,A,57,-5.934050367286099,-6.580173545993025
57,57,A,V,Round 2,A,57,-5.934050367286099,-6.419708873799778
57,57,A,W,Round 2,A,57,-5.934050367286099,-6.541699398178389
57,57,A,Y,Round 2,A,57,-5.934050367286099,-6.239136628157958
56,56,T,V,Round 2,A,56,-5.847621686561943,-5.239136628157958
56,56,T,W,Round 2,A,56,-5.847621686561943,-5.580173545993025
56,56,T,Y,Round 2,A,56,-5.847621686561943,-5.976102222324164
55,55,E,F,Round 2,A,55,-5.9872144899090864,-5.332246032549439
55,55,E,G,Round 2,A,55,-5.9872144899090864,-5.791677651186736
55,55,E,H,Round 2,A,55,-5.9872144899090864,-5.791677651186736
55,55,E,I,Round 2,A,55,-5.9872144899090864,-5.419708873799778
55,55,E,K,Round 2,A,55,-5.9872144899090864,-6.087133534712908
55,55,E,L,Round 2,A,55,-5.9872144899090864,-6.376640151907893
55,55,E,M,Round 2,A,55,-5.9872144899090864,-5.791677651186736
55,55,E,N,Round 2,A,55,-5.9872144899090864,-5.7245634553282
55,55,E,P,Round 2,A,55,-5.9872144899090864,-5.917208533270595
55,55,E,Q,Round 2,A,55,-5.9872144899090864,-6.376640151907893
55,55,E,R,Round 2,A,55,-5.9872144899090864,-5.654174127436802
55,55,E,S,Round 2,A,55,-5.9872144899090864,-6.376640151907893
55,55,E,T,Round 2,A,55,-5.9872144899090864,-6.286442342936315
55,55,E,V,Round 2,A,55,-5.9872144899090864,-6.087133534712908
55,55,E,W,Round 2,A,55,-5.9872144899090864,-6.419708873799778
55,55,E,Y,Round 2,A,55,-5.9872144899090864,-6.332246032549439
54,54,S,T,Round 2,A,54,-5.861175275421843,-6.032685750690532
54,54,S,V,Round 2,A,54,-5.861175275421843,-5.580173545993025
54,54,S,W,Round 2,A,54,-5.861175275421843,-6.824099128879114
54,54,S,Y,Round 2,A,54,-5.861175275421843,-5.791677651186736
53,53,S,T,Round 2,A,53,-5.83585696993249,-6.087133534712908
53,53,S,V,Round 2,A,53,-5.83585696993249,-5.791677651186736
53,53,S,W,Round 2,A,53,-5.83585696993249,-5.917208533270595
53,53,S,Y,Round 2,A,53,-5.83585696993249,-6.087133534712908
52,52,G,H,Round 2,A,52,-4.701868974049564,-6.580173545993025
52,52,G,I,Round 2,A,52,-4.701868974049564,-4.502171033991751
52,52,G,K,Round 2,A,52,-4.701868974049564,-6.419708873799778
52,52,G,L,Round 2,A,52,-4.701868974049564,-6.087133534712908
52,52,G,M,Round 2,A,52,-4.701868974049564,-6.087133534712908
52,52,G,N,Round 2,A,52,-4.701868974049564,-6.689798037167523
52,52,G,P,Round 2,A,52,-4.701868974049564,-6.190227027677011
52,52,G,Q,Round 2,A,52,-4.701868974049564,-5.654174127436802
52,52,G,R,Round 2,A,52,-4.701868974049564,-5.855807988606452
52,52,G,S,Round 2,A,52,-4.701868974049564,-4.791677651186736
52,52,G,T,Round 2,A,52,-4.701868974049564,-5.139600954607043
52,52,G,V,Round 2,A,52,-4.701868974049564,-6.502171033991751
52,52,G,W,Round 2,A,52,-4.701868974049564,6.070959706372057
52,52,G,Y,Round 2,A,52,-4.701868974049564,-5.976102222324164
51,51,T,V,Round 2,A,51,-5.895895211330906,-6.7245634553282
51,51,T,W,Round 2,A,51,-5.895895211330906,-6.376640151907893
51,51,T,Y,Round 2,A,51,-5.895895211330906,-5.7245634553282
50,50,W,Y,Round 2,A,50,-5.69820453449543,-5.419708873799778
49,49,Q,R,Round 2,A,49,-5.319287123193594,-6.239136628157958
49,49,Q,S,Round 2,A,49,-5.319287123193594,-5.654174127436802
49,49,Q,T,Round 2,A,49,-5.319287123193594,-4.791677651186736
49,49,Q,V,Round 2,A,49,-5.319287123193594,-6.190227027677011
49,49,Q,W,Round 2,A,49,-5.319287123193594,-1.882443115109919
49,49,Q,Y,Round 2,A,49,-5.319287123193594,1.33071898017299
48,48,F,G,Round 2,A,48,-5.886503281075743,-5.917208533270595
48,48,F,H,Round 2,A,48,-5.886503281075743,-6.824099128879114
48,48,F,I,Round 2,A,48,-5.886503281075743,-6.239136628157958
48,48,F,K,Round 2,A,48,-5.886503281075743,-5.502171033991751
48,48,F,L,Round 2,A,48,-5.886503281075743,-5.239136628157958
48,48,F,M,Round 2,A,48,-5.886503281075743,-6.087133534712908
48,48,F,N,Round 2,A,48,-5.886503281075743,-5.976102222324164
48,48,F,P,Round 2,A,48,-5.886503281075743,-5.917208533270595
48,48,F,Q,Round 2,A,48,-5.886503281075743,-5.032685750690532
48,48,F,R,Round 2,A,48,-5.886503281075743,-5.855807988606452
48,48,F,S,Round 2,A,48,-5.886503281075743,-5.419708873799778
48,48,F,T,Round 2,A,48,-5.886503281075743,-6.139600954607043
48,48,F,V,Round 2,A,48,-5.886503281075743,-6.541699398178389
48,48,F,W,Round 2,A,48,-5.886503281075743,-6.502171033991751
48,48,F,Y,Round 2,A,48,-5.886503281075743,-5.855807988606452
47,47,N,P,Round 2,A,47,-6.046850372586177,-5.654174127436802
47,47,N,Q,Round 2,A,47,-6.046850372586177,-5.917208533270595
47,47,N,R,Round 2,A,47,-6.046850372586177,-6.190227027677011
47,47,N,S,Round 2,A,47,-6.046850372586177,-6.976102222324164
47,47,N,T,Round 2,A,47,-6.046850372586177,-6.032685750690532
47,47,N,V,Round 2,A,47,-6.046850372586177,-6.461529049494406
47,47,N,W,Round 2,A,47,-6.046850372586177,-5.139600954607043
47,47,N,Y,Round 2,A,47,-6.046850372586177,-5.7245634553282
46,46,L,M,Round 2,A,46,-5.952968886199412,-6.7245634553282
46,46,L,N,Round 2,A,46,-5.952968886199412,-5.502171033991751
46,46,L,P,Round 2,A,46,-5.952968886199412,-5.976102222324164
46,46,L,Q,Round 2,A,46,-5.952968886199412,-5.654174127436802
46,46,L,R,Round 2,A,46,-5.952968886199412,-6.286442342936315
46,46,L,S,Round 2,A,46,-5.952968886199412,-6.855807988606452
46,46,L,T,Round 2,A,46,-5.952968886199412,-6.239136628157958
46,46,L,V,Round 2,A,46,-5.952968886199412,-6.032685750690532
46,46,L,W,Round 2,A,46,-5.952968886199412,-6.190227027677011
46,46,L,Y,Round 2,A,46,-5.952968886199412,-5.419708873799778
45,45,I,K,Round 2,A,45,-5.946251539374092,-6.332246032549439
45,45,I,L,Round 2,A,45,-5.946251539374092,-6.032685750690532
45,45,I,M,Round 2,A,45,-5.946251539374092,-6.032685750690532
45,45,I,N,Round 2,A,45,-5.946251539374092,-6.617648251411688
45,45,I,P,Round 2,A,45,-5.946251539374092,-6.190227027677011
45,45,I,Q,Round 2,A,45,-5.946251539374092,-6.419708873799778
45,45,I,R,Round 2,A,45,-5.946251539374092,-5.855807988606452
45,45,I,S,Round 2,A,45,-5.946251539374092,-5.976102222324164
45,45,I,T,Round 2,A,45,-5.946251539374092,-5.7245634553282
45,45,I,V,Round 2,A,45,-5.946251539374092,-5.7245634553282
45,45,I,W,Round 2,A,45,-5.946251539374092,-5.791677651186736
45,45,I,Y,Round 2,A,45,-5.946251539374092,-6.617648251411688
44,44,L,M,Round 2,A,44,-5.950676850131142,-6.139600954607043
44,44,L,N,Round 2,A,44,-5.950676850131142,-5.032685750690532
44,44,L,P,Round 2,A,44,-5.950676850131142,-5.032685750690532
44,44,L,Q,Round 2,A,44,-5.950676850131142,-6.502171033991751
44,44,L,R,Round 2,A,44,-5.950676850131142,-6.239136628157958
44,44,L,S,Round 2,A,44,-5.950676850131142,-6.461529049494406
44,44,L,T,Round 2,A,44,-5.950676850131142,-6.239136628157958
44,44,L,V,Round 2,A,44,-5.950676850131142,-6.376640151907893
44,44,L,W,Round 2,A,44,-5.950676850131142,-6.332246032549439
44,44,L,Y,Round 2,A,44,-5.950676850131142,-5.032685750690532
43,43,F,G,Round 2,A,43,-5.656632734877602,-6.946955876664648
43,43,F,H,Round 2,A,43,-5.656632734877602,-6.617648251411688
43,43,F,I,Round 2,A,43,-5.656632734877602,-6.419708873799778
43,43,F,K,Round 2,A,43,-5.656632734877602,-5.239136628157958
43,43,F,L,Round 2,A,43,-5.656632734877602,-5.419708873799778
43,43,F,M,Round 2,A,43,-5.656632734877602,-6.087133534712908
43,43,F,N,Round 2,A,43,-5.656632734877602,-6.286442342936315
43,43,F,P,Round 2,A,43,-5.656632734877602,-5.032685750690532
43,43,F,Q,Round 2,A,43,-5.656632734877602,-5.502171033991751
43,43,F,R,Round 2,A,43,-5.656632734877602,-5.917208533270595
43,43,F,S,Round 2,A,43,-5.656632734877602,-6.541699398178389
43,43,F,T,Round 2,A,43,-5.656632734877602,-5.917208533270595
43,43,F,V,Round 2,A,43,-5.656632734877602,-6.791677651186736
43,43,F,W,Round 2,A,43,-5.656632734877602,-6.286442342936315
43,43,F,Y,Round 2,A,43,-5.656632734877602,-6.032685750690532
42,42,R,S,Round 2,A,42,0.22558478976100282,-3.069211626715646
42,42,R,T,Round 2,A,42,0.22558478976100282,-3.917208533270595
42,42,R,V,Round 2,A,42,0.22558478976100282,6.169093585511957
42,42,R,W,Round 2,A,42,0.22558478976100282,7.549377804448649
42,42,R,Y,Round 2,A,42,0.22558478976100282,6.408199142745256
41,41,T,V,Round 2,A,41,-5.828833121383479,-6.286442342936315
41,41,T,W,Round 2,A,41,-5.828833121383479,-6.286442342936315
41,41,T,Y,Round 2,A,41,-5.828833121383479,-5.855807988606452
39,39,N,P,Round 2,A,39,-5.499093261464627,-0.7472835318282832
39,39,N,Q,Round 2,A,39,-5.499093261464627,-6.502171033991751
39,39,N,R,Round 2,A,39,-5.499093261464627,-6.419708873799778
39,39,N,S,Round 2,A,39,-5.499093261464627,-5.791677651186736
39,39,N,T,Round 2,A,39,-5.499093261464627,-6.139600954607043
39,39,N,V,Round 2,A,39,-5.499093261464627,-5.332246032549439
39,39,N,W,Round 2,A,39,-5.499093261464627,-6.032685750690532
39,39,N,Y,Round 2,A,39,-5.499093261464627,-5.419708873799778
38,38,E,F,Round 2,A,38,-5.758628320749769,-4.917208533270595
38,38,E,G,Round 2,A,38,-5.758628320749769,-5.419708873799778
38,38,E,H,Round 2,A,38,-5.758628320749769,-5.139600954607043
38,38,E,I,Round 2,A,38,-5.758628320749769,-6.239136628157958
38,38,E,K,Round 2,A,38,-5.758628320749769,-5.502171033991751
38,38,E,L,Round 2,A,38,-5.758628320749769,-5.976102222324164
38,38,E,M,Round 2,A,38,-5.758628320749769,-5.239136628157958
38,38,E,N,Round 2,A,38,-5.758628320749769,-5.654174127436802
38,38,E,P,Round 2,A,38,-5.758628320749769,-5.239136628157958
38,38,E,Q,Round 2,A,38,-5.758628320749769,-5.419708873799778
38,38,E,R,Round 2,A,38,-5.758628320749769,-6.239136628157958
38,38,E,S,Round 2,A,38,-5.758628320749769,-6.580173545993025
38,38,E,T,Round 2,A,38,-5.758628320749769,-6.461529049494406
38,38,E,V,Round 2,A,38,-5.758628320749769,-6.541699398178389
38,38,E,W,Round 2,A,38,-5.758628320749769,-5.580173545993025
38,38,E,Y,Round 2,A,38,-5.758628320749769,-6.087133534712908
36,36,D,E,Round 2,A,36,-5.326777980445166,-5.032685750690532
36,36,D,F,Round 2,A,36,-5.326777980445166,-5.976102222324164
36,36,D,G,Round 2,A,36,-5.326777980445166,-6.239136628157958
36,36,D,H,Round 2,A,36,-5.326777980445166,-5.502171033991751
36,36,D,I,Round 2,A,36,-5.326777980445166,-6.139600954607043
36,36,D,K,Round 2,A,36,-5.326777980445166,-6.190227027677011
36,36,D,L,Round 2,A,36,-5.326777980445166,-6.190227027677011
36,36,D,M,Round 2,A,36,-5.326777980445166,-5.855807988606452
36,36,D,N,Round 2,A,36,-5.326777980445166,-5.855807988606452
36,36,D,P,Round 2,A,36,-5.326777980445166,-5.7245634553282
36,36,D,Q,Round 2,A,36,-5.326777980445166,-6.541699398178389
36,36,D,R,Round 2,A,36,-5.326777980445166,-5.976102222324164
36,36,D,S,Round 2,A,36,-5.326777980445166,-5.580173545993025
36,36,D,T,Round 2,A,36,-5.326777980445166,-6.087133534712908
36,36,D,V,Round 2,A,36,-5.326777980445166,-6.419708873799778
36,36,D,W,Round 2,A,36,-5.326777980445166,-6.032685750690532
36,36,D,Y,Round 2,A,36,-5.326777980445166,1.323105796063115
35,35,G,H,Round 2,A,35,-5.940397430519097,-6.461529049494406
35,35,G,I,Round 2,A,35,-5.940397430519097,-6.502171033991751
35,35,G,K,Round 2,A,35,-5.940397430519097,-5.654174127436802
35,35,G,L,Round 2,A,35,-5.940397430519097,-6.087133534712908
35,35,G,M,Round 2,A,35,-5.940397430519097,-5.7245634553282
35,35,G,N,Round 2,A,35,-5.940397430519097,-5.7245634553282
35,35,G,P,Round 2,A,35,-5.940397430519097,-5.791677651186736
35,35,G,Q,Round 2,A,35,-5.940397430519097,-6.139600954607043
35,35,G,R,Round 2,A,35,-5.940397430519097,-6.190227027677011
35,35,G,S,Round 2,A,35,-5.940397430519097,-6.190227027677011
35,35,G,T,Round 2,A,35,-5.940397430519097,-6.190227027677011
35,35,G,V,Round 2,A,35,-5.940397430519097,-6.190227027677011
35,35,G,W,Round 2,A,35,-5.940397430519097,-6.689798037167523
35,35,G,Y,Round 2,A,35,-5.940397430519097,-6.461529049494406
34,34,E,F,Round 2,A,34,-5.814619653101417,-6.239136628157958
34,34,E,G,Round 2,A,34,-5.814619653101417,-5.419708873799778
34,34,E,H,Round 2,A,34,-5.814619653101417,-6.087133534712908
34,34,E,I,Round 2,A,34,-5.814619653101417,-6.139600954607043
34,34,E,K,Round 2,A,34,-5.814619653101417,-5.239136628157958
34,34,E,L,Round 2,A,34,-5.814619653101417,-5.239136628157958
34,34,E,M,Round 2,A,34,-5.814619653101417,-6.087133534712908
34,34,E,N,Round 2,A,34,-5.814619653101417,-6.087133534712908
34,34,E,P,Round 2,A,34,-5.814619653101417,-6.087133534712908
34,34,E,Q,Round 2,A,34,-5.814619653101417,-4.917208533270595
34,34,E,R,Round 2,A,34,-5.814619653101417,-4.502171033991751
34,34,E,S,Round 2,A,34,-5.814619653101417,-5.419708873799778
34,34,E,T,Round 2,A,34,-5.814619653101417,-6.239136628157958
34,34,E,V,Round 2,A,34,-5.814619653101417,-5.791677651186736
34,34,E,W,Round 2,A,34,-5.814619653101417,-6.139600954607043
34,34,E,Y,Round 2,A,34,-5.814619653101417,-6.376640151907893
33,33,E,F,Round 2,A,33,-6.160156582526632,-6.139600954607043
33,33,E,G,Round 2,A,33,-6.160156582526632,-6.541699398178389
33,33,E,H,Round 2,A,33,-6.160156582526632,-6.7245634553282
33,33,E,I,Round 2,A,33,-6.160156582526632,-5.419708873799778
33,33,E,K,Round 2,A,33,-6.160156582526632,-5.7245634553282
33,33,E,L,Round 2,A,33,-6.160156582526632,-6.032685750690532
33,33,E,M,Round 2,A,33,-6.160156582526632,-6.087133534712908
33,33,E,N,Round 2,A,33,-6.160156582526632,-6.617648251411688
33,33,E,P,Round 2,A,33,-6.160156582526632,-5.855807988606452
33,33,E,Q,Round 2,A,33,-6.160156582526632,-6.541699398178389
33,33,E,R,Round 2,A,33,-6.160156582526632,-5.791677651186736
33,33,E,S,Round 2,A,33,-6.160156582526632,-6.419708873799778
33,33,E,T,Round 2,A,33,-6.160156582526632,-5.419708873799778
33,33,E,V,Round 2,A,33,-6.160156582526632,-6.190227027677011
33,33,E,W,Round 2,A,33,-6.160156582526632,-6.917208533270595
33,33,E,Y,Round 2,A,33,-6.160156582526632,-5.7245634553282
32,32,L,M,Round 2,A,32,-5.948136314899778,-4.917208533270595
32,32,L,N,Round 2,A,32,-5.948136314899778,-5.419708873799778
32,32,L,P,Round 2,A,32,-5.948136314899778,-6.419708873799778
32,32,L,Q,Round 2,A,32,-5.948136314899778,-6.190227027677011
32,32,L,R,Round 2,A,32,-5.948136314899778,-5.855807988606452
32,32,L,S,Round 2,A,32,-5.948136314899778,-5.419708873799778
32,32,L,T,Round 2,A,32,-5.948136314899778,-6.332246032549439
32,32,L,V,Round 2,A,32,-5.948136314899778,-5.7245634553282
32,32,L,W,Round 2,A,32,-5.948136314899778,-5.580173545993025
32,32,L,Y,Round 2,A,32,-5.948136314899778,-5.917208533270595
31,31,S,T,Round 2,A,31,-5.817115441358295,-5.239136628157958
31,31,S,V,Round 2,A,31,-5.817115441358295,-4.332246032549439
31,31,S,W,Round 2,A,31,-5.817115441358295,-6.190227027677011
31,31,S,Y,Round 2,A,31,-5.817115441358295,-6.7245634553282
30,30,K,L,Round 2,A,30,-5.966807387607846,-6.376640151907893
30,30,K,M,Round 2,A,30,-5.966807387607846,-5.7245634553282
30,30,K,N,Round 2,A,30,-5.966807387607846,-6.419708873799778
30,30,K,P,Round 2,A,30,-5.966807387607846,-6.461529049494406
30,30,K,Q,Round 2,A,30,-5.966807387607846,-5.855807988606452
30,30,K,R,Round 2,A,30,-5.966807387607846,-4.654174127436802
30,30,K,S,Round 2,A,30,-5.966807387607846,-5.7245634553282
30,30,K,T,Round 2,A,30,-5.966807387607846,-6.332246032549439
30,30,K,V,Round 2,A,30,-5.966807387607846,-5.654174127436802
30,30,K,W,Round 2,A,30,-5.966807387607846,-6.617648251411688
30,30,K,Y,Round 2,A,30,-5.966807387607846,-6.087133534712908
29,29,K,L,Round 2,A,29,-5.881839385778519,-6.286442342936315
29,29,K,M,Round 2,A,29,-5.881839385778519,-5.239136628157958
29,29,K,N,Round 2,A,29,-5.881839385778519,-5.419708873799778
29,29,K,P,Round 2,A,29,-5.881839385778519,-6.139600954607043
29,29,K,Q,Round 2,A,29,-5.881839385778519,-6.689798037167523
29,29,K,R,Round 2,A,29,-5.881839385778519,-4.654174127436802
29,29,K,S,Round 2,A,29,-5.881839385778519,-5.419708873799778
29,29,K,T,Round 2,A,29,-5.881839385778519,-5.917208533270595
29,29,K,V,Round 2,A,29,-5.881839385778519,-5.976102222324164
29,29,K,W,Round 2,A,29,-5.881839385778519,-5.7245634553282
29,29,K,Y,Round 2,A,29,-5.881839385778519,-6.032685750690532
28,28,M,N,Round 2,A,28,-5.865811190332653,-5.654174127436802
28,28,M,P,Round 2,A,28,-5.865811190332653,-6.239136628157958
28,28,M,Q,Round 2,A,28,-5.865811190332653,-5.855807988606452
28,28,M,R,Round 2,A,28,-5.865811190332653,-6.032685750690532
28,28,M,S,Round 2,A,28,-5.865811190332653,-5.654174127436802
28,28,M,T,Round 2,A,28,-5.865811190332653,-4.791677651186736
28,28,M,V,Round 2,A,28,-5.865811190332653,-6.376640151907893
28,28,M,W,Round 2,A,28,-5.865811190332653,-6.190227027677011
28,28,M,Y,Round 2,A,28,-5.865811190332653,-6.541699398178389
27,27,A,D,Round 2,A,27,-5.82866481776066,-5.419708873799778
27,27,A,E,Round 2,A,27,-5.82866481776066,-5.791677651186736
27,27,A,F,Round 2,A,27,-5.82866481776066,-4.791677651186736
27,27,A,G,Round 2,A,27,-5.82866481776066,-5.7245634553282
27,27,A,H,Round 2,A,27,-5.82866481776066,-6.032685750690532
27,27,A,I,Round 2,A,27,-5.82866481776066,-6.541699398178389
27,27,A,K,Round 2,A,27,-5.82866481776066,-6.087133534712908
27,27,A,L,Round 2,A,27,-5.82866481776066,-5.419708873799778
27,27,A,M,Round 2,A,27,-5.82866481776066,-7.190227027677011
27,27,A,N,Round 2,A,27,-5.82866481776066,-5.654174127436802
27,27,A,P,Round 2,A,27,-5.82866481776066,-5.654174127436802
27,27,A,Q,Round 2,A,27,-5.82866481776066,-6.139600954607043
27,27,A,R,Round 2,A,27,-5.82866481776066,-5.791677651186736
27,27,A,S,Round 2,A,27,-5.82866481776066,-5.419708873799778
27,27,A,T,Round 2,A,27,-5.82866481776066,-6.376640151907893
27,27,A,V,Round 2,A,27,-5.82866481776066,-4.654174127436802
27,27,A,W,Round 2,A,27,-5.82866481776066,-6.139600954607043
27,27,A,Y,Round 2,A,27,-5.82866481776066,-6.087133534712908
26,26,E,F,Round 2,A,26,-5.819849819201489,-6.032685750690532
26,26,E,G,Round 2,A,26,-5.819849819201489,-5.580173545993025
26,26,E,H,Round 2,A,26,-5.819849819201489,-6.419708873799778
26,26,E,I,Round 2,A,26,-5.819849819201489,-6.239136628157958
26,26,E,K,Round 2,A,26,-5.819849819201489,-5.791677651186736
26,26,E,L,Round 2,A,26,-5.819849819201489,-5.976102222324164
26,26,E,M,Round 2,A,26,-5.819849819201489,-5.419708873799778
26,26,E,N,Round 2,A,26,-5.819849819201489,-4.502171033991751
26,26,E,P,Round 2,A,26,-5.819849819201489,-6.139600954607043
26,26,E,Q,Round 2,A,26,-5.819849819201489,-6.190227027677011
26,26,E,R,Round 2,A,26,-5.819849819201489,-5.239136628157958
26,26,E,S,Round 2,A,26,-5.819849819201489,-7.060166487112639
26,26,E,T,Round 2,A,26,-5.819849819201489,-5.139600954607043
26,26,E,V,Round 2,A,26,-5.819849819201489,-5.502171033991751
26,26,E,W,Round 2,A,26,-5.819849819201489,-6.239136628157958
26,26,E,Y,Round 2,A,26,-5.819849819201489,-6.461529049494406
25,25,K,L,Round 2,A,25,-5.843381299753058,-5.7245634553282
25,25,K,M,Round 2,A,25,-5.843381299753058,-5.654174127436802
25,25,K,N,Round 2,A,25,-5.843381299753058,-5.502171033991751
25,25,K,P,Round 2,A,25,-5.843381299753058,-6.376640151907893
25,25,K,Q,Round 2,A,25,-5.843381299753058,-5.855807988606452
25,25,K,R,Round 2,A,25,-5.843381299753058,-5.332246032549439
25,25,K,S,Round 2,A,25,-5.843381299753058,-5.917208533270595
25,25,K,T,Round 2,A,25,-5.843381299753058,-6.917208533270595
25,25,K,V,Round 2,A,25,-5.843381299753058,-5.139600954607043
25,25,K,W,Round 2,A,25,-5.843381299753058,-6.032685750690532
25,25,K,Y,Round 2,A,25,-5.843381299753058,-6.139600954607043
24,24,L,M,Round 2,A,24,-5.884716352069414,-6.032685750690532
24,24,L,N,Round 2,A,24,-5.884716352069414,-6.190227027677011
24,24,L,P,Round 2,A,24,-5.884716352069414,-6.332246032549439
24,24,L,Q,Round 2,A,24,-5.884716352069414,-5.855807988606452
24,24,L,R,Round 2,A,24,-5.884716352069414,-6.286442342936315
24,24,L,S,Round 2,A,24,-5.884716352069414,-5.7245634553282
24,24,L,T,Round 2,A,24,-5.884716352069414,-6.139600954607043
24,24,L,V,Round 2,A,24,-5.884716352069414,-5.332246032549439
24,24,L,W,Round 2,A,24,-5.884716352069414,-5.7245634553282
24,24,L,Y,Round 2,A,24,-5.884716352069414,-5.791677651186736
23,23,K,L,Round 2,A,23,-5.890737208012867,-5.580173545993025
23,23,K,M,Round 2,A,23,-5.890737208012867,-5.791677651186736
23,23,K,N,Round 2,A,23,-5.890737208012867,-5.419708873799778
23,23,K,P,Round 2,A,23,-5.890737208012867,-6.032685750690532
23,23,K,Q,Round 2,A,23,-5.890737208012867,-6.580173545993025
23,23,K,R,Round 2,A,23,-5.890737208012867,-5.791677651186736
23,23,K,S,Round 2,A,23,-5.890737208012867,-5.791677651186736
23,23,K,T,Round 2,A,23,-5.890737208012867,-6.286442342936315
23,23,K,V,Round 2,A,23,-5.890737208012867,-5.032685750690532
23,23,K,W,Round 2,A,23,-5.890737208012867,-5.419708873799778
23,23,K,Y,Round 2,A,23,-5.890737208012867,-6.239136628157958
22,22,E,F,Round 2,A,22,-5.763228116227832,-5.791677651186736
22,22,E,G,Round 2,A,22,-5.763228116227832,-6.376640151907893
22,22,E,H,Round 2,A,22,-5.763228116227832,-5.654174127436802
22,22,E,I,Round 2,A,22,-5.763228116227832,-6.419708873799778
22,22,E,K,Round 2,A,22,-5.763228116227832,-5.917208533270595
22,22,E,L,Round 2,A,22,-5.763228116227832,-5.419708873799778
22,22,E,M,Round 2,A,22,-5.763228116227832,-5.917208533270595
22,22,E,N,Round 2,A,22,-5.763228116227832,-5.580173545993025
22,22,E,P,Round 2,A,22,-5.763228116227832,-5.502171033991751
22,22,E,Q,Round 2,A,22,-5.763228116227832,-6.239136628157958
22,22,E,R,Round 2,A,22,-5.763228116227832,-5.7245634553282
22,22,E,S,Round 2,A,22,-5.763228116227832,-5.917208533270595
22,22,E,T,Round 2,A,22,-5.763228116227832,-5.654174127436802
22,22,E,V,Round 2,A,22,-5.763228116227832,-5.032685750690532
22,22,E,W,Round 2,A,22,-5.763228116227832,-5.917208533270595
22,22,E,Y,Round 2,A,22,-5.763228116227832,-5.502171033991751
21,21,S,T,Round 2,A,21,-5.915398803059443,-5.917208533270595
21,21,S,V,Round 2,A,21,-5.915398803059443,-6.332246032549439
21,21,S,W,Round 2,A,21,-5.915398803059443,-6.139600954607043
21,21,S,Y,Round 2,A,21,-5.915398803059443,-5.580173545993025
20,20,A,D,Round 2,A,20,-5.775083864207534,-6.190227027677011
20,20,A,E,Round 2,A,20,-5.775083864207534,-5.239136628157958
20,20,A,F,Round 2,A,20,-5.775083864207534,-6.332246032549439
20,20,A,G,Round 2,A,20,-5.775083864207534,-5.502171033991751
20,20,A,H,Round 2,A,20,-5.775083864207534,-5.791677651186736
20,20,A,I,Round 2,A,20,-5.775083864207534,-5.502171033991751
20,20,A,K,Round 2,A,20,-5.775083864207534,-5.032685750690532
20,20,A,L,Round 2,A,20,-5.775083864207534,-5.791677651186736
20,20,A,M,Round 2,A,20,-5.775083864207534,-6.139600954607043
20,20,A,N,Round 2,A,20,-5.775083864207534,-5.7245634553282
20,20,A,P,Round 2,A,20,-5.775083864207534,-6.239136628157958
20,20,A,Q,Round 2,A,20,-5.775083864207534,-5.419708873799778
20,20,A,R,Round 2,A,20,-5.775083864207534,-5.791677651186736
20,20,A,S,Round 2,A,20,-5.775083864207534,-4.917208533270595
20,20,A,T,Round 2,A,20,-5.775083864207534,-5.139600954607043
20,20,A,V,Round 2,A,20,-5.775083864207534,-6.617648251411688
20,20,A,W,Round 2,A,20,-5.775083864207534,-6.7245634553282
20,20,A,Y,Round 2,A,20,-5.775083864207534,-5.855807988606452
19,19,E,F,Round 2,A,19,-5.946832706708591,-6.791677651186736
19,19,E,G,Round 2,A,19,-5.946832706708591,-6.139600954607043
19,19,E,H,Round 2,A,19,-5.946832706708591,-5.332246032549439
19,19,E,I,Round 2,A,19,-5.946832706708591,-6.190227027677011
19,19,E,K,Round 2,A,19,-5.946832706708591,-6.087133534712908
19,19,E,L,Round 2,A,19,-5.946832706708591,-5.239136628157958
19,19,E,M,Round 2,A,19,-5.946832706708591,-6.654174127436802
19,19,E,N,Round 2,A,19,-5.946832706708591,-5.502171033991751
19,19,E,P,Round 2,A,19,-5.946832706708591,-6.654174127436802
19,19,E,Q,Round 2,A,19,-5.946832706708591,-6.032685750690532
19,19,E,R,Round 2,A,19,-5.946832706708591,-5.332246032549439
19,19,E,S,Round 2,A,19,-5.946832706708591,-5.791677651186736
19,19,E,T,Round 2,A,19,-5.946832706708591,-5.502171033991751
19,19,E,V,Round 2,A,19,-5.946832706708591,-6.376640151907893
19,19,E,W,Round 2,A,19,-5.946832706708591,-5.239136628157958
19,19,E,Y,Round 2,A,19,-5.946832706708591,-6.087133534712908
18,18,E,F,Round 2,A,18,-6.025599948865732,-5.502171033991751
18,18,E,G,Round 2,A,18,-6.025599948865732,-5.917208533270595
18,18,E,H,Round 2,A,18,-6.025599948865732,-5.917208533270595
18,18,E,I,Round 2,A,18,-6.025599948865732,-5.791677651186736
18,18,E,K,Round 2,A,18,-6.025599948865732,-4.654174127436802
18,18,E,L,Round 2,A,18,-6.025599948865732,-5.917208533270595
18,18,E,M,Round 2,A,18,-6.025599948865732,-5.976102222324164
18,18,E,N,Round 2,A,18,-6.025599948865732,-6.376640151907893
18,18,E,P,Round 2,A,18,-6.025599948865732,-6.239136628157958
18,18,E,Q,Round 2,A,18,-6.025599948865732,-6.502171033991751
18,18,E,R,Round 2,A,18,-6.025599948865732,-6.239136628157958
18,18,E,S,Round 2,A,18,-6.025599948865732,-6.791677651186736
18,18,E,T,Round 2,A,18,-6.025599948865732,-6.087133534712908
18,18,E,V,Round 2,A,18,-6.025599948865732,-6.332246032549439
18,18,E,W,Round 2,A,18,-6.025599948865732,-5.791677651186736
18,18,E,Y,Round 2,A,18,-6.025599948865732,-5.239136628157958
17,17,T,V,Round 2,A,17,-5.854074678742679,-7.087133534712908
17,17,T,W,Round 2,A,17,-5.854074678742679,-5.917208533270595
17,17,T,Y,Round 2,A,17,-5.854074678742679,-5.7245634553282
16,16,N,P,Round 2,A,16,-5.871203064349352,-5.791677651186736
16,16,N,Q,Round 2,A,16,-5.871203064349352,-5.580173545993025
16,16,N,R,Round 2,A,16,-5.871203064349352,-5.7245634553282
16,16,N,S,Round 2,A,16,-5.871203064349352,-6.087133534712908
16,16,N,T,Round 2,A,16,-5.871203064349352,-6.376640151907893
16,16,N,V,Round 2,A,16,-5.871203064349352,-5.502171033991751
16,16,N,W,Round 2,A,16,-5.871203064349352,-5.654174127436802
16,16,N,Y,Round 2,A,16,-5.871203064349352,-5.502171033991751
15,15,G,H,Round 2,A,15,-6.0961269434575565,-6.580173545993025
15,15,G,I,Round 2,A,15,-6.0961269434575565,-5.654174127436802
15,15,G,K,Round 2,A,15,-6.0961269434575565,-6.286442342936315
15,15,G,L,Round 2,A,15,-6.0961269434575565,-5.855807988606452
15,15,G,M,Round 2,A,15,-6.0961269434575565,-4.917208533270595
15,15,G,N,Round 2,A,15,-6.0961269434575565,-6.376640151907893
15,15,G,P,Round 2,A,15,-6.0961269434575565,-5.791677651186736
15,15,G,Q,Round 2,A,15,-6.0961269434575565,-6.190227027677011
15,15,G,R,Round 2,A,15,-6.0961269434575565,-6.654174127436802
15,15,G,S,Round 2,A,15,-6.0961269434575565,-6.617648251411688
15,15,G,T,Round 2,A,15,-6.0961269434575565,-6.541699398178389
15,15,G,V,Round 2,A,15,-6.0961269434575565,-5.791677651186736
15,15,G,W,Round 2,A,15,-6.0961269434575565,-5.7245634553282
15,15,G,Y,Round 2,A,15,-6.0961269434575565,-5.139600954607043
14,14,E,F,Round 2,A,14,-5.915290488541029,-5.654174127436802
14,14,E,G,Round 2,A,14,-5.915290488541029,-5.917208533270595
14,14,E,H,Round 2,A,14,-5.915290488541029,-6.541699398178389
14,14,E,I,Round 2,A,14,-5.915290488541029,-5.139600954607043
14,14,E,K,Round 2,A,14,-5.915290488541029,-3.917208533270595
14,14,E,L,Round 2,A,14,-5.915290488541029,-5.917208533270595
14,14,E,M,Round 2,A,14,-5.915290488541029,-5.791677651186736
14,14,E,N,Round 2,A,14,-5.915290488541029,-6.580173545993025
14,14,E,P,Round 2,A,14,-5.915290488541029,-4.332246032549439
14,14,E,Q,Round 2,A,14,-5.915290488541029,-6.419708873799778
14,14,E,R,Round 2,A,14,-5.915290488541029,-6.286442342936315
14,14,E,S,Round 2,A,14,-5.915290488541029,-6.087133534712908
14,14,E,T,Round 2,A,14,-5.915290488541029,-5.791677651186736
14,14,E,V,Round 2,A,14,-5.915290488541029,-6.032685750690532
14,14,E,W,Round 2,A,14,-5.915290488541029,-6.286442342936315
14,14,E,Y,Round 2,A,14,-5.915290488541029,-7.060166487112639
13,13,E,F,Round 2,A,13,-5.631714724364971,-5.976102222324164
13,13,E,G,Round 2,A,13,-5.631714724364971,-5.419708873799778
13,13,E,H,Round 2,A,13,-5.631714724364971,-4.502171033991751
13,13,E,I,Round 2,A,13,-5.631714724364971,-6.286442342936315
13,13,E,K,Round 2,A,13,-5.631714724364971,-5.032685750690532
13,13,E,L,Round 2,A,13,-5.631714724364971,-6.139600954607043
13,13,E,M,Round 2,A,13,-5.631714724364971,-5.7245634553282
13,13,E,N,Round 2,A,13,-5.631714724364971,-5.239136628157958
13,13,E,P,Round 2,A,13,-5.631714724364971,-6.032685750690532
13,13,E,Q,Round 2,A,13,-5.631714724364971,-6.332246032549439
13,13,E,R,Round 2,A,13,-5.631714724364971,-6.461529049494406
13,13,E,S,Round 2,A,13,-5.631714724364971,-5.917208533270595
13,13,E,T,Round 2,A,13,-5.631714724364971,-6.190227027677011
13,13,E,V,Round 2,A,13,-5.631714724364971,-5.502171033991751
13,13,E,W,Round 2,A,13,-5.631714724364971,-6.032685750690532
13,13,E,Y,Round 2,A,13,-5.631714724364971,-4.917208533270595
12,12,K,L,Round 2,A,12,-5.987088019023104,-4.917208533270595
12,12,K,M,Round 2,A,12,-5.987088019023104,-6.689798037167523
12,12,K,N,Round 2,A,12,-5.987088019023104,-6.376640151907893
12,12,K,P,Round 2,A,12,-5.987088019023104,-6.376640151907893
12,12,K,Q,Round 2,A,12,-5.987088019023104,-6.087133534712908
12,12,K,R,Round 2,A,12,-5.987088019023104,-5.032685750690532
12,12,K,S,Round 2,A,12,-5.987088019023104,-5.286442342936315
12,12,K,T,Round 2,A,12,-5.987088019023104,-6.791677651186736
12,12,K,V,Round 2,A,12,-5.987088019023104,-6.654174127436802
12,12,K,W,Round 2,A,12,-5.987088019023104,-5.791677651186736
12,12,K,Y,Round 2,A,12,-5.987088019023104,-5.976102222324164
11,11,L,M,Round 2,A,11,-5.935975526620442,-5.976102222324164
11,11,L,N,Round 2,A,11,-5.935975526620442,-5.976102222324164
11,11,L,P,Round 2,A,11,-5.935975526620442,-5.239136628157958
11,11,L,Q,Round 2,A,11,-5.935975526620442,-5.419708873799778
11,11,L,R,Round 2,A,11,-5.935975526620442,-6.791677651186736
11,11,L,S,Round 2,A,11,-5.935975526620442,-6.502171033991751
11,11,L,T,Round 2,A,11,-5.935975526620442,-5.917208533270595
11,11,L,V,Round 2,A,11,-5.935975526620442,-5.332246032549439
11,11,L,W,Round 2,A,11,-5.935975526620442,-5.855807988606452
11,11,L,Y,Round 2,A,11,-5.935975526620442,-6.087133534712908
10,10,K,L,Round 2,A,10,-6.133871010058733,-7.087133534712908
10,10,K,M,Round 2,A,10,-6.133871010058733,-6.824099128879114
10,10,K,N,Round 2,A,10,-6.133871010058733,-6.032685750690532
10,10,K,P,Round 2,A,10,-6.133871010058733,-6.654174127436802
10,10,K,Q,Round 2,A,10,-6.133871010058733,-6.190227027677011
10,10,K,R,Round 2,A,10,-6.133871010058733,-5.502171033991751
10,10,K,S,Round 2,A,10,-6.133871010058733,-6.286442342936315
10,10,K,T,Round 2,A,10,-6.133871010058733,-4.917208533270595
10,10,K,V,Round 2,A,10,-6.133871010058733,-5.654174127436802
10,10,K,W,Round 2,A,10,-6.133871010058733,-6.419708873799778
10,10,K,Y,Round 2,A,10,-6.133871010058733,-6.087133534712908
9,9,A,D,Round 2,A,9,-5.947895322114132,-6.580173545993025
9,9,A,E,Round 2,A,9,-5.947895322114132,-6.139600954607043
9,9,A,F,Round 2,A,9,-5.947895322114132,-5.654174127436802
9,9,A,G,Round 2,A,9,-5.947895322114132,-5.332246032549439
9,9,A,H,Round 2,A,9,-5.947895322114132,-5.7245634553282
9,9,A,I,Round 2,A,9,-5.947895322114132,-5.654174127436802
9,9,A,K,Round 2,A,9,-5.947895322114132,-5.791677651186736
9,9,A,L,Round 2,A,9,-5.947895322114132,-4.917208533270595
9,9,A,M,Round 2,A,9,-5.947895322114132,-6.190227027677011
9,9,A,N,Round 2,A,9,-5.947895322114132,-5.7245634553282
9,9,A,P,Round 2,A,9,-5.947895322114132,-6.502171033991751
9,9,A,Q,Round 2,A,9,-5.947895322114132,-5.791677651186736
9,9,A,R,Round 2,A,9,-5.947895322114132,-6.502171033991751
9,9,A,S,Round 2,A,9,-5.947895322114132,-5.580173545993025
9,9,A,T,Round 2,A,9,-5.947895322114132,-6.139600954607043
9,9,A,V,Round 2,A,9,-5.947895322114132,-6.190227027677011
9,9,A,W,Round 2,A,9,-5.947895322114132,-6.791677651186736
9,9,A,Y,Round 2,A,9,-5.947895322114132,-5.855807988606452
8,8,A,D,Round 2,A,8,-5.838457062300782,-4.502171033991751
8,8,A,E,Round 2,A,8,-5.838457062300782,-5.139600954607043
8,8,A,F,Round 2,A,8,-5.838457062300782,-5.239136628157958
8,8,A,G,Round 2,A,8,-5.838457062300782,-6.617648251411688
8,8,A,H,Round 2,A,8,-5.838457062300782,-6.332246032549439
8,8,A,I,Round 2,A,8,-5.838457062300782,-6.239136628157958
8,8,A,K,Round 2,A,8,-5.838457062300782,-6.286442342936315
8,8,A,L,Round 2,A,8,-5.838457062300782,-5.580173545993025
8,8,A,M,Round 2,A,8,-5.838457062300782,-6.332246032549439
8,8,A,N,Round 2,A,8,-5.838457062300782,-6.032685750690532
8,8,A,P,Round 2,A,8,-5.838457062300782,-5.580173545993025
8,8,A,Q,Round 2,A,8,-5.838457062300782,-6.032685750690532
8,8,A,R,Round 2,A,8,-5.838457062300782,-5.419708873799778
8,8,A,S,Round 2,A,8,-5.838457062300782,-5.580173545993025
8,8,A,T,Round 2,A,8,-5.838457062300782,-6.286442342936315
8,8,A,V,Round 2,A,8,-5.838457062300782,-6.419708873799778
8,8,A,W,Round 2,A,8,-5.838457062300782,-5.332246032549439
8,8,A,Y,Round 2,A,8,-5.838457062300782,-6.139600954607043
7,7,K,L,Round 2,A,7,-5.894843887407702,-5.976102222324164
7,7,K,M,Round 2,A,7,-5.894843887407702,-5.791677651186736
7,7,K,N,Round 2,A,7,-5.894843887407702,-5.976102222324164
7,7,K,P,Round 2,A,7,-5.894843887407702,-5.791677651186736
7,7,K,Q,Round 2,A,7,-5.894843887407702,-5.976102222324164
7,7,K,R,Round 2,A,7,-5.894843887407702,-5.332246032549439
7,7,K,S,Round 2,A,7,-5.894843887407702,-6.239136628157958
7,7,K,T,Round 2,A,7,-5.894843887407702,-5.855807988606452
7,7,K,V,Round 2,A,7,-5.894843887407702,-6.758510787251537
7,7,K,W,Round 2,A,7,-5.894843887407702,-5.976102222324164
7,7,K,Y,Round 2,A,7,-5.894843887407702,-4.7245634553282
6,6,E,F,Round 2,A,6,-5.839025630667326,-6.502171033991751
6,6,E,G,Round 2,A,6,-5.839025630667326,-5.580173545993025
6,6,E,H,Round 2,A,6,-5.839025630667326,-5.654174127436802
6,6,E,I,Round 2,A,6,-5.839025630667326,-6.461529049494406
6,6,E,K,Round 2,A,6,-5.839025630667326,-6.032685750690532
6,6,E,L,Round 2,A,6,-5.839025630667326,-5.855807988606452
6,6,E,M,Round 2,A,6,-5.839025630667326,-6.190227027677011
6,6,E,N,Round 2,A,6,-5.839025630667326,-5.917208533270595
6,6,E,P,Round 2,A,6,-5.839025630667326,-6.239136628157958
6,6,E,Q,Round 2,A,6,-5.839025630667326,-5.580173545993025
6,6,E,R,Round 2,A,6,-5.839025630667326,-5.7245634553282
6,6,E,S,Round 2,A,6,-5.839025630667326,-5.502171033991751
6,6,E,T,Round 2,A,6,-5.839025630667326,-6.580173545993025
6,6,E,V,Round 2,A,6,-5.839025630667326,-5.139600954607043
6,6,E,W,Round 2,A,6,-5.839025630667326,-5.419708873799778
6,6,E,Y,Round 2,A,6,-5.839025630667326,-5.791677651186736
5,5,L,M,Round 2,A,5,-5.864530850264983,-5.855807988606452
5,5,L,N,Round 2,A,5,-5.864530850264983,-5.976102222324164
5,5,L,P,Round 2,A,5,-5.864530850264983,-6.580173545993025
5,5,L,Q,Round 2,A,5,-5.864530850264983,-5.855807988606452
5,5,L,R,Round 2,A,5,-5.864530850264983,-4.654174127436802
5,5,L,S,Round 2,A,5,-5.864530850264983,-6.190227027677011
5,5,L,T,Round 2,A,5,-5.864530850264983,-5.419708873799778
5,5,L,V,Round 2,A,5,-5.864530850264983,-6.917208533270595
5,5,L,W,Round 2,A,5,-5.864530850264983,-6.190227027677011
5,5,L,Y,Round 2,A,5,-5.864530850264983,-6.239136628157958
4,4,T,V,Round 2,A,4,-5.661285575870462,-5.976102222324164
4,4,T,W,Round 2,A,4,-5.661285575870462,-5.332246032549439
4,4,T,Y,Round 2,A,4,-5.661285575870462,-5.580173545993025
3,3,E,F,Round 2,A,3,-5.821643601328803,-5.502171033991751
3,3,E,G,Round 2,A,3,-5.821643601328803,-5.502171033991751
3,3,E,H,Round 2,A,3,-5.821643601328803,-6.239136628157958
3,3,E,I,Round 2,A,3,-5.821643601328803,-5.032685750690532
3,3,E,K,Round 2,A,3,-5.821643601328803,-5.654174127436802
3,3,E,L,Round 2,A,3,-5.821643601328803,-6.580173545993025
3,3,E,M,Round 2,A,3,-5.821643601328803,-6.239136628157958
3,3,E,N,Round 2,A,3,-5.821643601328803,-4.654174127436802
3,3,E,P,Round 2,A,3,-5.821643601328803,-6.332246032549439
3,3,E,Q,Round 2,A,3,-5.821643601328803,-6.541699398178389
3,3,E,R,Round 2,A,3,-5.821643601328803,-6.286442342936315
3,3,E,S,Round 2,A,3,-5.821643601328803,-6.239136628157958
3,3,E,T,Round 2,A,3,-5.821643601328803,-6.032685750690532
3,3,E,V,Round 2,A,3,-5.821643601328803,-6.791677651186736
3,3,E,W,Round 2,A,3,-5.821643601328803,-5.580173545993025
3,3,E,Y,Round 2,A,3,-5.821643601328803,-5.332246032549439
2,2,E,F,Round 2,A,2,-5.8417012291140935,-6.617648251411688
2,2,E,G,Round 2,A,2,-5.8417012291140935,-5.580173545993025
2,2,E,H,Round 2,A,2,-5.8417012291140935,-5.855807988606452
2,2,E,I,Round 2,A,2,-5.8417012291140935,-5.332246032549439
2,2,E,K,Round 2,A,2,-5.8417012291140935,-5.917208533270595
2,2,E,L,Round 2,A,2,-5.8417012291140935,-5.332246032549439
2,2,E,M,Round 2,A,2,-5.8417012291140935,-6.461529049494406
2,2,E,N,Round 2,A,2,-5.8417012291140935,-5.032685750690532
2,2,E,P,Round 2,A,2,-5.8417012291140935,-5.7245634553282
2,2,E,Q,Round 2,A,2,-5.8417012291140935,-5.976102222324164
2,2,E,R,Round 2,A,2,-5.8417012291140935,-5.419708873799778
2,2,E,S,Round 2,A,2,-5.8417012291140935,-6.239136628157958
2,2,E,T,Round 2,A,2,-5.8417012291140935,-5.7245634553282
2,2,E,V,Round 2,A,2,-5.8417012291140935,-6.032685750690532
2,2,E,W,Round 2,A,2,-5.8417012291140935,-5.976102222324164
2,2,E,Y,Round 2,A,2,-5.8417012291140935,-6.286442342936315
