site,label_site,wildtype,mutation,condition,metric,protein_chain,protein_site
2,2,E,A,Round 1 vs R0,-1.84520389381575,A,2
2,2,E,D,Round 1 vs R0,-3.207773973200459,A,2
3,3,E,A,Round 1 vs R0,-1.622811472479302,A,3
3,3,E,D,Round 1 vs R0,-2.037848971758147,A,3
4,4,T,A,Round 1 vs R0,-2.992045282145022,A,4
4,4,T,D,Round 1 vs R0,-3.0822430911166,A,4
4,4,T,E,Round 1 vs R0,-1.359777066645509,A,4
4,4,T,F,Round 1 vs R0,-2.125311813008486,A,4
4,4,T,G,Round 1 vs R0,-1.359777066645509,A,4
4,4,T,H,Round 1 vs R0,-2.037848971758147,A,4
4,4,T,I,Round 1 vs R0,-2.622811472479302,A,4
4,4,T,K,Round 1 vs R0,-2.497280590395444,A,4
4,4,T,L,Round 1 vs R0,-2.895829966885719,A,4
4,4,T,M,Round 1 vs R0,-2.497280590395444,A,4
4,4,T,N,Round 1 vs R0,-2.622811472479302,A,4
4,4,T,P,Round 1 vs R0,-2.125311813008486,A,4
4,4,T,Q,Round 1 vs R0,0.9621510282418536,A,4
4,4,T,R,Round 1 vs R0,-2.84520389381575,A,4
4,4,T,S,Round 1 vs R0,-2.037848971758147,A,4
5,5,L,A,Round 1 vs R0,-3.167131988703113,A,5
5,5,L,D,Round 1 vs R0,-2.125311813008486,A,5
5,5,L,E,Round 1 vs R0,-1.622811472479302,A,5
5,5,L,F,Round 1 vs R0,-2.738288689899238,A,5
5,5,L,G,Round 1 vs R0,-1.944739567366665,A,5
5,5,L,H,Round 1 vs R0,-2.792736473921615,A,5
5,5,L,I,Round 1 vs R0,-1.944739567366665,A,5
5,5,L,K,Round 1 vs R0,-2.992045282145022,A,5
6,6,E,A,Round 1 vs R0,-2.497280590395444,A,6
6,6,E,D,Round 1 vs R0,-1.84520389381575,A,6
7,7,K,A,Round 1 vs R0,-2.681705161532871,A,7
7,7,K,D,Round 1 vs R0,-2.944739567366665,A,7
7,7,K,E,Round 1 vs R0,-2.561410927815159,A,7
7,7,K,F,Round 1 vs R0,-2.430166394536907,A,7
7,7,K,G,Round 1 vs R0,-2.285776485201732,A,7
7,7,K,H,Round 1 vs R0,-2.497280590395444,A,7
7,7,K,I,Round 1 vs R0,-3.247302337387096,A,7
10,10,K,A,Round 1 vs R0,-2.992045282145022,A,10
10,10,K,D,Round 1 vs R0,-2.359777066645509,A,10
10,10,K,E,Round 1 vs R0,-3.037848971758147,A,10
10,10,K,F,Round 1 vs R0,-3.0822430911166,A,10
10,10,K,G,Round 1 vs R0,-2.430166394536907,A,10
10,10,K,H,Round 1 vs R0,-2.895829966885719,A,10
10,10,K,I,Round 1 vs R0,-2.895829966885719,A,10
11,11,L,A,Round 1 vs R0,-2.944739567366665,A,11
11,11,L,D,Round 1 vs R0,-2.207773973200459,A,11
11,11,L,E,Round 1 vs R0,-2.125311813008486,A,11
11,11,L,F,Round 1 vs R0,-2.430166394536907,A,11
11,11,L,G,Round 1 vs R0,-3.430166394536907,A,11
11,11,L,H,Round 1 vs R0,-2.622811472479302,A,11
11,11,L,I,Round 1 vs R0,1.274095034556594,A,11
11,11,L,K,Round 1 vs R0,-2.738288689899238,A,11
12,12,K,A,Round 1 vs R0,-2.792736473921615,A,12
12,12,K,D,Round 1 vs R0,-3.037848971758147,A,12
12,12,K,E,Round 1 vs R0,-1.84520389381575,A,12
12,12,K,F,Round 1 vs R0,-3.207773973200459,A,12
12,12,K,G,Round 1 vs R0,-3.592437823435784,A,12
12,12,K,H,Round 1 vs R0,-2.125311813008486,A,12
12,12,K,I,Round 1 vs R0,-2.125311813008486,A,12
13,13,E,A,Round 1 vs R0,-1.037848971758146,A,13
13,13,E,D,Round 1 vs R0,-1.037848971758146,A,13
14,14,E,A,Round 1 vs R0,-2.84520389381575,A,14
14,14,E,D,Round 1 vs R0,-3.285776485201732,A,14
15,15,G,A,Round 1 vs R0,-3.285776485201732,A,15
15,15,G,D,Round 1 vs R0,-3.0822430911166,A,15
15,15,G,E,Round 1 vs R0,-2.895829966885719,A,15
15,15,G,F,Round 1 vs R0,-3.167131988703113,A,15
16,16,N,A,Round 1 vs R0,2.215907620487637,A,16
16,16,N,D,Round 1 vs R0,-2.992045282145022,A,16
16,16,N,E,Round 1 vs R0,-2.944739567366665,A,16
16,16,N,F,Round 1 vs R0,-3.359777066645509,A,16
16,16,N,G,Round 1 vs R0,-2.84520389381575,A,16
16,16,N,H,Round 1 vs R0,1.874688186991514,A,16
16,16,N,I,Round 1 vs R0,-2.944739567366665,A,16
16,16,N,K,Round 1 vs R0,2.734740532138781,A,16
16,16,N,L,Round 1 vs R0,-1.207773973200459,A,16
16,16,N,M,Round 1 vs R0,-2.738288689899238,A,16
17,17,T,A,Round 1 vs R0,-2.84520389381575,A,17
17,17,T,D,Round 1 vs R0,-2.359777066645509,A,17
17,17,T,E,Round 1 vs R0,-3.125311813008486,A,17
17,17,T,F,Round 1 vs R0,-1.738288689899239,A,17
17,17,T,G,Round 1 vs R0,-1.497280590395444,A,17
17,17,T,H,Round 1 vs R0,-2.622811472479302,A,17
17,17,T,I,Round 1 vs R0,-2.895829966885719,A,17
17,17,T,K,Round 1 vs R0,-2.561410927815159,A,17
17,17,T,L,Round 1 vs R0,-2.944739567366665,A,17
17,17,T,M,Round 1 vs R0,-3.247302337387096,A,17
17,17,T,N,Round 1 vs R0,-1.738288689899239,A,17
17,17,T,P,Round 1 vs R0,3.614227724821547,A,17
17,17,T,Q,Round 1 vs R0,-0.03784897175814651,A,17
17,17,T,R,Round 1 vs R0,-2.561410927815159,A,17
17,17,T,S,Round 1 vs R0,-2.207773973200459,A,17
18,18,E,A,Round 1 vs R0,-3.167131988703113,A,18
18,18,E,D,Round 1 vs R0,-3.430166394536907,A,18
19,19,E,A,Round 1 vs R0,-3.464113726460244,A,19
19,19,E,D,Round 1 vs R0,-2.037848971758147,A,19
21,21,S,A,Round 1 vs R0,-2.84520389381575,A,21
21,21,S,D,Round 1 vs R0,-2.622811472479302,A,21
21,21,S,E,Round 1 vs R0,-2.895829966885719,A,21
21,21,S,F,Round 1 vs R0,-2.430166394536907,A,21
21,21,S,G,Round 1 vs R0,-1.944739567366665,A,21
21,21,S,H,Round 1 vs R0,-2.895829966885719,A,21
21,21,S,I,Round 1 vs R0,-2.359777066645509,A,21
21,21,S,K,Round 1 vs R0,-2.944739567366665,A,21
21,21,S,L,Round 1 vs R0,-3.037848971758147,A,21
21,21,S,M,Round 1 vs R0,-1.622811472479302,A,21
21,21,S,N,Round 1 vs R0,-2.738288689899238,A,21
21,21,S,P,Round 1 vs R0,-2.359777066645509,A,21
21,21,S,Q,Round 1 vs R0,-2.895829966885719,A,21
21,21,S,R,Round 1 vs R0,-2.792736473921615,A,21
22,22,E,A,Round 1 vs R0,-2.84520389381575,A,22
22,22,E,D,Round 1 vs R0,-1.738288689899239,A,22
23,23,K,A,Round 1 vs R0,-2.430166394536907,A,23
23,23,K,D,Round 1 vs R0,-2.895829966885719,A,23
23,23,K,E,Round 1 vs R0,-2.359777066645509,A,23
23,23,K,F,Round 1 vs R0,-2.430166394536907,A,23
23,23,K,G,Round 1 vs R0,-3.323251190620395,A,23
23,23,K,H,Round 1 vs R0,-3.359777066645509,A,23
23,23,K,I,Round 1 vs R0,-2.207773973200459,A,23
24,24,L,A,Round 1 vs R0,-2.497280590395444,A,24
24,24,L,D,Round 1 vs R0,-1.497280590395444,A,24
24,24,L,E,Round 1 vs R0,-2.895829966885719,A,24
24,24,L,F,Round 1 vs R0,-1.622811472479302,A,24
24,24,L,G,Round 1 vs R0,-3.652558815873355,A,24
24,24,L,H,Round 1 vs R0,-2.359777066645509,A,24
24,24,L,I,Round 1 vs R0,-2.738288689899238,A,24
24,24,L,K,Round 1 vs R0,-2.895829966885719,A,24
25,25,K,A,Round 1 vs R0,-1.497280590395444,A,25
25,25,K,D,Round 1 vs R0,-3.0822430911166,A,25
25,25,K,E,Round 1 vs R0,-2.561410927815159,A,25
25,25,K,F,Round 1 vs R0,-2.430166394536907,A,25
25,25,K,G,Round 1 vs R0,-1.681705161532871,A,25
25,25,K,H,Round 1 vs R0,-2.430166394536907,A,25
25,25,K,I,Round 1 vs R0,-2.84520389381575,A,25
26,26,E,A,Round 1 vs R0,-2.497280590395444,A,26
26,26,E,D,Round 1 vs R0,-1.738288689899239,A,26
28,28,M,A,Round 1 vs R0,-2.681705161532871,A,28
28,28,M,D,Round 1 vs R0,-2.359777066645509,A,28
28,28,M,E,Round 1 vs R0,-2.681705161532871,A,28
28,28,M,F,Round 1 vs R0,-2.561410927815159,A,28
28,28,M,G,Round 1 vs R0,-2.430166394536907,A,28
28,28,M,H,Round 1 vs R0,-2.681705161532871,A,28
28,28,M,I,Round 1 vs R0,-3.0822430911166,A,28
28,28,M,K,Round 1 vs R0,-2.622811472479302,A,28
28,28,M,L,Round 1 vs R0,-1.497280590395444,A,28
29,29,K,A,Round 1 vs R0,-2.738288689899238,A,29
29,29,K,D,Round 1 vs R0,-3.285776485201732,A,29
29,29,K,E,Round 1 vs R0,1.125649760524733,A,29
29,29,K,F,Round 1 vs R0,-2.992045282145022,A,29
29,29,K,G,Round 1 vs R0,-2.681705161532871,A,29
29,29,K,H,Round 1 vs R0,-2.895829966885719,A,29
29,29,K,I,Round 1 vs R0,-2.037848971758147,A,29
30,30,K,A,Round 1 vs R0,-2.561410927815159,A,30
30,30,K,D,Round 1 vs R0,-2.285776485201732,A,30
30,30,K,E,Round 1 vs R0,-1.738288689899239,A,30
30,30,K,F,Round 1 vs R0,-3.652558815873355,A,30
30,30,K,G,Round 1 vs R0,-2.738288689899238,A,30
30,30,K,H,Round 1 vs R0,-2.561410927815159,A,30
30,30,K,I,Round 1 vs R0,-2.895829966885719,A,30
31,31,S,A,Round 1 vs R0,-2.359777066645509,A,31
31,31,S,D,Round 1 vs R0,-2.944739567366665,A,31
31,31,S,E,Round 1 vs R0,-1.359777066645509,A,31
31,31,S,F,Round 1 vs R0,-2.792736473921615,A,31
31,31,S,G,Round 1 vs R0,-2.681705161532871,A,31
31,31,S,H,Round 1 vs R0,-2.738288689899238,A,31
31,31,S,I,Round 1 vs R0,-2.895829966885719,A,31
31,31,S,K,Round 1 vs R0,-2.895829966885719,A,31
31,31,S,L,Round 1 vs R0,-2.944739567366665,A,31
31,31,S,M,Round 1 vs R0,-2.792736473921615,A,31
31,31,S,N,Round 1 vs R0,-2.125311813008486,A,31
31,31,S,P,Round 1 vs R0,-2.622811472479302,A,31
31,31,S,Q,Round 1 vs R0,-2.738288689899238,A,31
31,31,S,R,Round 1 vs R0,-2.207773973200459,A,31
32,32,L,A,Round 1 vs R0,-2.792736473921615,A,32
32,32,L,D,Round 1 vs R0,-2.895829966885719,A,32
32,32,L,E,Round 1 vs R0,-2.359777066645509,A,32
32,32,L,F,Round 1 vs R0,-2.497280590395444,A,32
32,32,L,G,Round 1 vs R0,-3.207773973200459,A,32
32,32,L,H,Round 1 vs R0,-2.622811472479302,A,32
32,32,L,I,Round 1 vs R0,-3.765769426321346,A,32
32,32,L,K,Round 1 vs R0,-2.792736473921615,A,32
33,33,E,A,Round 1 vs R0,-3.464113726460244,A,33
33,33,E,D,Round 1 vs R0,-2.681705161532871,A,33
34,34,E,A,Round 1 vs R0,-3.167131988703113,A,34
34,34,E,D,Round 1 vs R0,-2.895829966885719,A,34
35,35,G,A,Round 1 vs R0,-3.125311813008486,A,35
35,35,G,C,Round 1 vs R0,0.9621510282418535,A,35
35,35,G,D,Round 1 vs R0,-3.0822430911166,A,35
35,35,G,E,Round 1 vs R0,-2.359777066645509,A,35
35,35,G,F,Round 1 vs R0,-2.792736473921615,A,35
36,36,D,A,Round 1 vs R0,-2.561410927815159,A,36
36,36,D,C,Round 1 vs R0,2.962151028241853,A,36
37,37,Y,A,Round 1 vs R0,-2.895829966885719,A,37
37,37,Y,D,Round 1 vs R0,-2.84520389381575,A,37
37,37,Y,E,Round 1 vs R0,-2.792736473921615,A,37
37,37,Y,F,Round 1 vs R0,-3.167131988703113,A,37
37,37,Y,G,Round 1 vs R0,-2.207773973200459,A,37
37,37,Y,H,Round 1 vs R0,-3.125311813008486,A,37
37,37,Y,I,Round 1 vs R0,-2.738288689899238,A,37
37,37,Y,K,Round 1 vs R0,-2.497280590395444,A,37
37,37,Y,L,Round 1 vs R0,-2.125311813008486,A,37
37,37,Y,M,Round 1 vs R0,-2.944739567366665,A,37
37,37,Y,N,Round 1 vs R0,-1.84520389381575,A,37
37,37,Y,P,Round 1 vs R0,-2.497280590395444,A,37
37,37,Y,Q,Round 1 vs R0,-2.792736473921615,A,37
37,37,Y,R,Round 1 vs R0,-2.497280590395444,A,37
37,37,Y,S,Round 1 vs R0,-2.738288689899238,A,37
37,37,Y,T,Round 1 vs R0,-3.207773973200459,A,37
37,37,Y,V,Round 1 vs R0,-2.561410927815159,A,37
37,37,Y,W,Round 1 vs R0,-3.39540097637623,A,37
38,38,E,A,Round 1 vs R0,-2.207773973200459,A,38
38,38,E,D,Round 1 vs R0,-2.622811472479302,A,38
39,39,N,A,Round 1 vs R0,-1.622811472479302,A,39
39,39,N,D,Round 1 vs R0,-2.622811472479302,A,39
39,39,N,E,Round 1 vs R0,-1.84520389381575,A,39
39,39,N,F,Round 1 vs R0,3.306105429459215,A,39
39,39,N,G,Round 1 vs R0,-2.84520389381575,A,39
39,39,N,H,Round 1 vs R0,-3.359777066645509,A,39
39,39,N,I,Round 1 vs R0,-0.8452038938157505,A,39
39,39,N,K,Round 1 vs R0,-1.944739567366665,A,39
39,39,N,L,Round 1 vs R0,-3.622811472479302,A,39
39,39,N,M,Round 1 vs R0,-3.207773973200459,A,39
40,40,Y,A,Round 1 vs R0,-1.84520389381575,A,40
40,40,Y,D,Round 1 vs R0,-3.125311813008486,A,40
40,40,Y,E,Round 1 vs R0,-2.430166394536907,A,40
40,40,Y,F,Round 1 vs R0,-2.497280590395444,A,40
40,40,Y,G,Round 1 vs R0,-2.285776485201732,A,40
40,40,Y,H,Round 1 vs R0,-1.84520389381575,A,40
40,40,Y,I,Round 1 vs R0,-2.125311813008486,A,40
40,40,Y,K,Round 1 vs R0,-2.681705161532871,A,40
40,40,Y,L,Round 1 vs R0,-2.681705161532871,A,40
40,40,Y,M,Round 1 vs R0,-3.430166394536907,A,40
40,40,Y,N,Round 1 vs R0,-2.497280590395444,A,40
40,40,Y,P,Round 1 vs R0,-2.359777066645509,A,40
40,40,Y,Q,Round 1 vs R0,-2.285776485201732,A,40
40,40,Y,R,Round 1 vs R0,-2.681705161532871,A,40
40,40,Y,S,Round 1 vs R0,-2.944739567366665,A,40
40,40,Y,T,Round 1 vs R0,-2.561410927815159,A,40
40,40,Y,V,Round 1 vs R0,-2.792736473921615,A,40
40,40,Y,W,Round 1 vs R0,-2.207773973200459,A,40
41,41,T,A,Round 1 vs R0,-3.037848971758147,A,41
41,41,T,C,Round 1 vs R0,0.9621510282418535,A,41
41,41,T,D,Round 1 vs R0,-2.561410927815159,A,41
41,41,T,E,Round 1 vs R0,-2.681705161532871,A,41
41,41,T,F,Round 1 vs R0,-2.430166394536907,A,41
41,41,T,G,Round 1 vs R0,-1.738288689899239,A,41
41,41,T,H,Round 1 vs R0,-2.738288689899238,A,41
41,41,T,I,Round 1 vs R0,-3.125311813008486,A,41
41,41,T,K,Round 1 vs R0,-2.992045282145022,A,41
41,41,T,L,Round 1 vs R0,-2.992045282145022,A,41
41,41,T,M,Round 1 vs R0,-3.323251190620395,A,41
41,41,T,N,Round 1 vs R0,-2.561410927815159,A,41
41,41,T,P,Round 1 vs R0,3.299186015519424,A,41
41,41,T,Q,Round 1 vs R0,-2.125311813008486,A,41
41,41,T,R,Round 1 vs R0,-3.0822430911166,A,41
41,41,T,S,Round 1 vs R0,-2.895829966885719,A,41
42,42,R,A,Round 1 vs R0,-1.037848971758146,A,42
42,42,R,C,Round 1 vs R0,1.962151028241854,A,42
42,42,R,D,Round 1 vs R0,-3.285776485201732,A,42
42,42,R,E,Round 1 vs R0,-3.944739567366665,A,42
42,42,R,F,Round 1 vs R0,5.410909145364699,A,42
42,42,R,G,Round 1 vs R0,6.736938087843027,A,42
42,42,R,H,Round 1 vs R0,2.762842220018447,A,42
42,42,R,I,Round 1 vs R0,6.158548241045357,A,42
42,42,R,K,Round 1 vs R0,-2.622811472479302,A,42
42,42,R,L,Round 1 vs R0,6.506471544465664,A,42
42,42,R,M,Round 1 vs R0,5.433456747167443,A,42
42,42,R,N,Round 1 vs R0,-3.622811472479302,A,42
42,42,R,P,Round 1 vs R0,-1.738288689899239,A,42
42,42,R,Q,Round 1 vs R0,4.703618014643,A,42
43,43,F,A,Round 1 vs R0,-1.622811472479302,A,43
43,43,F,C,Round 1 vs R0,1.962151028241854,A,43
43,43,F,D,Round 1 vs R0,-2.561410927815159,A,43
43,43,F,E,Round 1 vs R0,-2.622811472479302,A,43
44,44,L,A,Round 1 vs R0,-0.6228114724793025,A,44
44,44,L,D,Round 1 vs R0,-3.323251190620395,A,44
44,44,L,E,Round 1 vs R0,-3.464113726460244,A,44
44,44,L,F,Round 1 vs R0,-3.0822430911166,A,44
44,44,L,G,Round 1 vs R0,-2.285776485201732,A,44
44,44,L,H,Round 1 vs R0,-2.622811472479302,A,44
44,44,L,I,Round 1 vs R0,3.272491148854004,A,44
44,44,L,K,Round 1 vs R0,-2.285776485201732,A,44
45,45,I,A,Round 1 vs R0,-1.359777066645509,A,45
45,45,I,D,Round 1 vs R0,-2.285776485201732,A,45
45,45,I,E,Round 1 vs R0,-3.529702068087821,A,45
45,45,I,F,Round 1 vs R0,-0.3597770666455088,A,45
45,45,I,G,Round 1 vs R0,-3.207773973200459,A,45
45,45,I,H,Round 1 vs R0,-3.207773973200459,A,45
46,46,L,A,Round 1 vs R0,-2.207773973200459,A,46
46,46,L,D,Round 1 vs R0,-2.792736473921615,A,46
46,46,L,E,Round 1 vs R0,-2.497280590395444,A,46
46,46,L,F,Round 1 vs R0,-2.84520389381575,A,46
46,46,L,G,Round 1 vs R0,-3.285776485201732,A,46
46,46,L,H,Round 1 vs R0,-2.125311813008486,A,46
46,46,L,I,Round 1 vs R0,-2.037848971758147,A,46
46,46,L,K,Round 1 vs R0,-2.125311813008486,A,46
47,47,N,A,Round 1 vs R0,-2.944739567366665,A,47
47,47,N,D,Round 1 vs R0,-3.710274313729642,A,47
47,47,N,E,Round 1 vs R0,-3.207773973200459,A,47
47,47,N,F,Round 1 vs R0,-2.895829966885719,A,47
47,47,N,G,Round 1 vs R0,-2.359777066645509,A,47
47,47,N,H,Round 1 vs R0,-1.497280590395444,A,47
47,47,N,I,Round 1 vs R0,2.727685774604831,A,47
47,47,N,K,Round 1 vs R0,-2.622811472479302,A,47
47,47,N,L,Round 1 vs R0,-2.359777066645509,A,47
47,47,N,M,Round 1 vs R0,-3.84520389381575,A,47
48,48,F,A,Round 1 vs R0,-1.497280590395444,A,48
48,48,F,D,Round 1 vs R0,-2.681705161532871,A,48
48,48,F,E,Round 1 vs R0,-2.84520389381575,A,48
49,49,Q,A,Round 1 vs R0,-1.992045282145022,A,49
49,49,Q,D,Round 1 vs R0,-2.792736473921615,A,49
49,49,Q,E,Round 1 vs R0,-2.84520389381575,A,49
49,49,Q,F,Round 1 vs R0,4.192448647663648,A,49
49,49,Q,G,Round 1 vs R0,-2.622811472479302,A,49
49,49,Q,H,Round 1 vs R0,-3.285776485201732,A,49
49,49,Q,I,Round 1 vs R0,-2.497280590395444,A,49
49,49,Q,K,Round 1 vs R0,-3.037848971758147,A,49
49,49,Q,L,Round 1 vs R0,-2.681705161532871,A,49
49,49,Q,M,Round 1 vs R0,-2.430166394536907,A,49
49,49,Q,N,Round 1 vs R0,-1.738288689899239,A,49
49,49,Q,P,Round 1 vs R0,-3.125311813008486,A,49
50,50,W,A,Round 1 vs R0,-2.681705161532871,A,50
50,50,W,D,Round 1 vs R0,-2.207773973200459,A,50
50,50,W,E,Round 1 vs R0,-1.359777066645509,A,50
50,50,W,F,Round 1 vs R0,-2.738288689899238,A,50
50,50,W,G,Round 1 vs R0,-2.738288689899238,A,50
50,50,W,H,Round 1 vs R0,-1.84520389381575,A,50
50,50,W,I,Round 1 vs R0,-2.285776485201732,A,50
50,50,W,K,Round 1 vs R0,-2.792736473921615,A,50
50,50,W,L,Round 1 vs R0,-3.125311813008486,A,50
50,50,W,M,Round 1 vs R0,-2.84520389381575,A,50
50,50,W,N,Round 1 vs R0,-3.167131988703113,A,50
50,50,W,P,Round 1 vs R0,-3.167131988703113,A,50
50,50,W,Q,Round 1 vs R0,-2.037848971758147,A,50
50,50,W,R,Round 1 vs R0,-2.207773973200459,A,50
50,50,W,S,Round 1 vs R0,-2.84520389381575,A,50
50,50,W,T,Round 1 vs R0,-1.738288689899239,A,50
50,50,W,V,Round 1 vs R0,-2.359777066645509,A,50
51,51,T,A,Round 1 vs R0,-0.3597770666455088,A,51
51,51,T,D,Round 1 vs R0,-3.359777066645509,A,51
51,51,T,E,Round 1 vs R0,-1.944739567366665,A,51
51,51,T,F,Round 1 vs R0,-2.561410927815159,A,51
51,51,T,G,Round 1 vs R0,-2.681705161532871,A,51
51,51,T,H,Round 1 vs R0,-2.895829966885719,A,51
51,51,T,I,Round 1 vs R0,-3.125311813008486,A,51
51,51,T,K,Round 1 vs R0,-2.125311813008486,A,51
51,51,T,L,Round 1 vs R0,-3.037848971758147,A,51
51,51,T,M,Round 1 vs R0,-2.792736473921615,A,51
51,51,T,N,Round 1 vs R0,-2.561410927815159,A,51
51,51,T,P,Round 1 vs R0,-2.622811472479302,A,51
51,51,T,Q,Round 1 vs R0,-2.84520389381575,A,51
51,51,T,R,Round 1 vs R0,-1.84520389381575,A,51
51,51,T,S,Round 1 vs R0,-3.125311813008486,A,51
52,52,G,A,Round 1 vs R0,-2.497280590395444,A,52
52,52,G,C,Round 1 vs R0,0.9621510282418535,A,52
52,52,G,D,Round 1 vs R0,-2.207773973200459,A,52
52,52,G,E,Round 1 vs R0,-1.497280590395444,A,52
52,52,G,F,Round 1 vs R0,3.769505950299458,A,52
53,53,S,A,Round 1 vs R0,-2.622811472479302,A,53
53,53,S,D,Round 1 vs R0,-3.0822430911166,A,53
53,53,S,E,Round 1 vs R0,-2.359777066645509,A,53
53,53,S,F,Round 1 vs R0,-2.792736473921615,A,53
53,53,S,G,Round 1 vs R0,-0.9447395673666651,A,53
53,53,S,H,Round 1 vs R0,-2.430166394536907,A,53
53,53,S,I,Round 1 vs R0,-2.681705161532871,A,53
53,53,S,K,Round 1 vs R0,-1.84520389381575,A,53
53,53,S,L,Round 1 vs R0,-1.497280590395444,A,53
53,53,S,M,Round 1 vs R0,-2.430166394536907,A,53
53,53,S,N,Round 1 vs R0,-3.430166394536907,A,53
53,53,S,P,Round 1 vs R0,-3.285776485201732,A,53
53,53,S,Q,Round 1 vs R0,-1.84520389381575,A,53
53,53,S,R,Round 1 vs R0,-2.792736473921615,A,53
54,54,S,A,Round 1 vs R0,-3.247302337387096,A,54
54,54,S,D,Round 1 vs R0,-2.738288689899238,A,54
54,54,S,E,Round 1 vs R0,-2.944739567366665,A,54
54,54,S,F,Round 1 vs R0,-1.84520389381575,A,54
54,54,S,G,Round 1 vs R0,-2.622811472479302,A,54
54,54,S,H,Round 1 vs R0,-3.0822430911166,A,54
54,54,S,I,Round 1 vs R0,-2.738288689899238,A,54
54,54,S,K,Round 1 vs R0,-2.561410927815159,A,54
54,54,S,L,Round 1 vs R0,-2.738288689899238,A,54
54,54,S,M,Round 1 vs R0,-2.359777066645509,A,54
54,54,S,N,Round 1 vs R0,-2.207773973200459,A,54
54,54,S,P,Round 1 vs R0,-2.207773973200459,A,54
54,54,S,Q,Round 1 vs R0,-2.359777066645509,A,54
54,54,S,R,Round 1 vs R0,-1.497280590395444,A,54
55,55,E,A,Round 1 vs R0,-2.622811472479302,A,55
55,55,E,D,Round 1 vs R0,-2.792736473921615,A,55
56,56,T,A,Round 1 vs R0,-2.992045282145022,A,56
56,56,T,D,Round 1 vs R0,-2.285776485201732,A,56
56,56,T,E,Round 1 vs R0,-2.497280590395444,A,56
56,56,T,F,Round 1 vs R0,-3.0822430911166,A,56
56,56,T,G,Round 1 vs R0,-2.497280590395444,A,56
56,56,T,H,Round 1 vs R0,-3.285776485201732,A,56
56,56,T,I,Round 1 vs R0,-2.207773973200459,A,56
56,56,T,K,Round 1 vs R0,-2.037848971758147,A,56
56,56,T,L,Round 1 vs R0,-1.622811472479302,A,56
56,56,T,M,Round 1 vs R0,-2.285776485201732,A,56
56,56,T,N,Round 1 vs R0,-2.792736473921615,A,56
56,56,T,P,Round 1 vs R0,-2.792736473921615,A,56
56,56,T,Q,Round 1 vs R0,-2.497280590395444,A,56
56,56,T,R,Round 1 vs R0,-2.84520389381575,A,56
56,56,T,S,Round 1 vs R0,-3.323251190620395,A,56
59,59,E,A,Round 1 vs R0,-2.792736473921615,A,59
59,59,E,D,Round 1 vs R0,-2.738288689899238,A,59
60,60,N,A,Round 1 vs R0,-2.792736473921615,A,60
60,60,N,D,Round 1 vs R0,-2.037848971758147,A,60
60,60,N,E,Round 1 vs R0,-2.430166394536907,A,60
60,60,N,F,Round 1 vs R0,-3.207773973200459,A,60
60,60,N,G,Round 1 vs R0,-2.792736473921615,A,60
60,60,N,H,Round 1 vs R0,2.629575689154983,A,60
60,60,N,I,Round 1 vs R0,-3.592437823435784,A,60
60,60,N,K,Round 1 vs R0,-2.285776485201732,A,60
60,60,N,L,Round 1 vs R0,-2.792736473921615,A,60
60,60,N,M,Round 1 vs R0,-2.992045282145022,A,60
62,62,K,A,Round 1 vs R0,-2.792736473921615,A,62
62,62,K,D,Round 1 vs R0,-1.944739567366665,A,62
62,62,K,E,Round 1 vs R0,-1.359777066645509,A,62
62,62,K,F,Round 1 vs R0,2.606007218016578,A,62
62,62,K,G,Round 1 vs R0,-2.84520389381575,A,62
62,62,K,H,Round 1 vs R0,-2.125311813008486,A,62
62,62,K,I,Round 1 vs R0,-2.285776485201732,A,62
63,63,E,A,Round 1 vs R0,-2.285776485201732,A,63
63,63,E,D,Round 1 vs R0,-2.125311813008486,A,63
65,65,E,A,Round 1 vs R0,-2.125311813008486,A,65
65,65,E,D,Round 1 vs R0,-2.992045282145022,A,65
65,65,E,F,Round 1 vs R0,-2.561410927815159,A,65
65,65,E,G,Round 1 vs R0,-2.622811472479302,A,65
65,65,E,H,Round 1 vs R0,-2.430166394536907,A,65
65,65,E,I,Round 1 vs R0,-2.125311813008486,A,65
65,65,E,K,Round 1 vs R0,-1.622811472479302,A,65
65,65,E,L,Round 1 vs R0,2.16145983646526,A,65
65,65,E,M,Round 1 vs R0,-3.359777066645509,A,65
65,65,E,N,Round 1 vs R0,-2.84520389381575,A,65
65,65,E,P,Round 1 vs R0,-3.125311813008486,A,65
65,65,E,Q,Round 1 vs R0,-1.944739567366665,A,65
65,65,E,R,Round 1 vs R0,-2.285776485201732,A,65
65,65,E,S,Round 1 vs R0,-3.285776485201732,A,65
65,65,E,T,Round 1 vs R0,-3.0822430911166,A,65
65,65,E,V,Round 1 vs R0,-2.207773973200459,A,65
65,65,E,W,Round 1 vs R0,-3.125311813008486,A,65
65,65,E,Y,Round 1 vs R0,-2.125311813008486,A,65
64,64,A,D,Round 1 vs R0,-2.430166394536907,A,64
64,64,A,E,Round 1 vs R0,-2.430166394536907,A,64
64,64,A,F,Round 1 vs R0,-3.0822430911166,A,64
64,64,A,G,Round 1 vs R0,-3.0822430911166,A,64
64,64,A,H,Round 1 vs R0,-1.622811472479302,A,64
64,64,A,I,Round 1 vs R0,-3.652558815873355,A,64
64,64,A,K,Round 1 vs R0,-2.207773973200459,A,64
64,64,A,L,Round 1 vs R0,-2.681705161532871,A,64
64,64,A,M,Round 1 vs R0,-2.207773973200459,A,64
64,64,A,N,Round 1 vs R0,-1.622811472479302,A,64
64,64,A,P,Round 1 vs R0,-2.207773973200459,A,64
64,64,A,Q,Round 1 vs R0,-3.0822430911166,A,64
64,64,A,R,Round 1 vs R0,1.801686356048607,A,64
64,64,A,S,Round 1 vs R0,-1.738288689899239,A,64
64,64,A,T,Round 1 vs R0,-3.39540097637623,A,64
64,64,A,V,Round 1 vs R0,-2.622811472479302,A,64
64,64,A,W,Round 1 vs R0,-2.84520389381575,A,64
64,64,A,Y,Round 1 vs R0,-2.359777066645509,A,64
63,63,E,F,Round 1 vs R0,-2.285776485201732,A,63
63,63,E,G,Round 1 vs R0,-2.207773973200459,A,63
63,63,E,H,Round 1 vs R0,-3.464113726460244,A,63
63,63,E,I,Round 1 vs R0,-1.622811472479302,A,63
63,63,E,K,Round 1 vs R0,-2.285776485201732,A,63
63,63,E,L,Round 1 vs R0,-3.125311813008486,A,63
63,63,E,M,Round 1 vs R0,-3.0822430911166,A,63
63,63,E,N,Round 1 vs R0,-3.037848971758147,A,63
63,63,E,P,Round 1 vs R0,-3.39540097637623,A,63
63,63,E,Q,Round 1 vs R0,-2.561410927815159,A,63
63,63,E,R,Round 1 vs R0,-1.944739567366665,A,63
63,63,E,S,Round 1 vs R0,-2.681705161532871,A,63
63,63,E,T,Round 1 vs R0,-2.681705161532871,A,63
63,63,E,V,Round 1 vs R0,-2.430166394536907,A,63
63,63,E,W,Round 1 vs R0,-2.895829966885719,A,63
63,63,E,Y,Round 1 vs R0,-2.622811472479302,A,63
62,62,K,L,Round 1 vs R0,-3.0822430911166,A,62
62,62,K,M,Round 1 vs R0,-2.430166394536907,A,62
62,62,K,N,Round 1 vs R0,-1.944739567366665,A,62
62,62,K,P,Round 1 vs R0,-2.359777066645509,A,62
62,62,K,Q,Round 1 vs R0,-3.39540097637623,A,62
62,62,K,R,Round 1 vs R0,-2.681705161532871,A,62
62,62,K,S,Round 1 vs R0,-3.247302337387096,A,62
62,62,K,T,Round 1 vs R0,-3.207773973200459,A,62
62,62,K,V,Round 1 vs R0,-3.167131988703113,A,62
62,62,K,W,Round 1 vs R0,-3.125311813008486,A,62
62,62,K,Y,Round 1 vs R0,-3.037848971758147,A,62
61,61,A,D,Round 1 vs R0,-2.84520389381575,A,61
61,61,A,E,Round 1 vs R0,-3.167131988703113,A,61
61,61,A,F,Round 1 vs R0,-2.497280590395444,A,61
61,61,A,G,Round 1 vs R0,-2.430166394536907,A,61
61,61,A,H,Round 1 vs R0,-2.992045282145022,A,61
61,61,A,I,Round 1 vs R0,-3.323251190620395,A,61
61,61,A,K,Round 1 vs R0,-2.037848971758147,A,61
61,61,A,L,Round 1 vs R0,-2.497280590395444,A,61
61,61,A,M,Round 1 vs R0,-2.359777066645509,A,61
61,61,A,N,Round 1 vs R0,-3.497280590395444,A,61
61,61,A,P,Round 1 vs R0,-2.125311813008486,A,61
61,61,A,Q,Round 1 vs R0,-2.207773973200459,A,61
61,61,A,R,Round 1 vs R0,-2.622811472479302,A,61
61,61,A,S,Round 1 vs R0,-1.738288689899239,A,61
61,61,A,T,Round 1 vs R0,-2.944739567366665,A,61
61,61,A,V,Round 1 vs R0,-2.497280590395444,A,61
61,61,A,W,Round 1 vs R0,-2.430166394536907,A,61
61,61,A,Y,Round 1 vs R0,-3.0822430911166,A,61
60,60,N,P,Round 1 vs R0,-2.497280590395444,A,60
60,60,N,Q,Round 1 vs R0,-1.497280590395444,A,60
60,60,N,R,Round 1 vs R0,-2.497280590395444,A,60
60,60,N,S,Round 1 vs R0,-1.359777066645509,A,60
60,60,N,T,Round 1 vs R0,-1.207773973200459,A,60
60,60,N,V,Round 1 vs R0,-2.207773973200459,A,60
60,60,N,W,Round 1 vs R0,-2.037848971758147,A,60
60,60,N,Y,Round 1 vs R0,-2.895829966885719,A,60
59,59,E,F,Round 1 vs R0,-2.497280590395444,A,59
59,59,E,G,Round 1 vs R0,-3.167131988703113,A,59
59,59,E,H,Round 1 vs R0,-2.622811472479302,A,59
59,59,E,I,Round 1 vs R0,-2.895829966885719,A,59
59,59,E,K,Round 1 vs R0,-2.430166394536907,A,59
59,59,E,L,Round 1 vs R0,-3.323251190620395,A,59
59,59,E,M,Round 1 vs R0,-2.681705161532871,A,59
59,59,E,N,Round 1 vs R0,-3.285776485201732,A,59
59,59,E,P,Round 1 vs R0,-2.430166394536907,A,59
59,59,E,Q,Round 1 vs R0,-2.430166394536907,A,59
59,59,E,R,Round 1 vs R0,-3.430166394536907,A,59
59,59,E,S,Round 1 vs R0,-2.285776485201732,A,59
59,59,E,T,Round 1 vs R0,-2.207773973200459,A,59
59,59,E,V,Round 1 vs R0,-3.125311813008486,A,59
59,59,E,W,Round 1 vs R0,-1.622811472479302,A,59
59,59,E,Y,Round 1 vs R0,-1.622811472479302,A,59
58,58,A,D,Round 1 vs R0,-2.738288689899238,A,58
58,58,A,E,Round 1 vs R0,-2.037848971758147,A,58
58,58,A,F,Round 1 vs R0,-1.84520389381575,A,58
58,58,A,G,Round 1 vs R0,-2.738288689899238,A,58
58,58,A,H,Round 1 vs R0,-3.0822430911166,A,58
58,58,A,I,Round 1 vs R0,-2.895829966885719,A,58
58,58,A,K,Round 1 vs R0,-1.207773973200459,A,58
58,58,A,L,Round 1 vs R0,-3.0822430911166,A,58
58,58,A,M,Round 1 vs R0,-2.622811472479302,A,58
58,58,A,N,Round 1 vs R0,-2.944739567366665,A,58
58,58,A,P,Round 1 vs R0,-2.430166394536907,A,58
58,58,A,Q,Round 1 vs R0,-1.497280590395444,A,58
58,58,A,R,Round 1 vs R0,-2.944739567366665,A,58
58,58,A,S,Round 1 vs R0,-2.992045282145022,A,58
58,58,A,T,Round 1 vs R0,-2.622811472479302,A,58
58,58,A,V,Round 1 vs R0,-2.497280590395444,A,58
58,58,A,W,Round 1 vs R0,-2.430166394536907,A,58
58,58,A,Y,Round 1 vs R0,-3.529702068087821,A,58
57,57,A,D,Round 1 vs R0,-2.738288689899238,A,57
57,57,A,E,Round 1 vs R0,-1.207773973200459,A,57
57,57,A,F,Round 1 vs R0,-2.561410927815159,A,57
57,57,A,G,Round 1 vs R0,-1.207773973200459,A,57
57,57,A,H,Round 1 vs R0,-3.430166394536907,A,57
57,57,A,I,Round 1 vs R0,-2.84520389381575,A,57
57,57,A,K,Round 1 vs R0,-2.681705161532871,A,57
57,57,A,L,Round 1 vs R0,-1.944739567366665,A,57
57,57,A,M,Round 1 vs R0,-3.359777066645509,A,57
57,57,A,N,Round 1 vs R0,-2.992045282145022,A,57
57,57,A,P,Round 1 vs R0,-2.561410927815159,A,57
57,57,A,Q,Round 1 vs R0,-3.037848971758147,A,57
57,57,A,R,Round 1 vs R0,-2.497280590395444,A,57
57,57,A,S,Round 1 vs R0,-1.84520389381575,A,57
57,57,A,T,Round 1 vs R0,-1.700813984480576,A,57
57,57,A,V,Round 1 vs R0,-3.125311813008486,A,57
57,57,A,W,Round 1 vs R0,-3.247302337387096,A,57
57,57,A,Y,Round 1 vs R0,-2.944739567366665,A,57
56,56,T,V,Round 1 vs R0,-1.944739567366665,A,56
56,56,T,W,Round 1 vs R0,-2.285776485201732,A,56
56,56,T,Y,Round 1 vs R0,-2.681705161532871,A,56
55,55,E,F,Round 1 vs R0,-2.037848971758147,A,55
55,55,E,G,Round 1 vs R0,-2.497280590395444,A,55
55,55,E,H,Round 1 vs R0,-2.497280590395444,A,55
55,55,E,I,Round 1 vs R0,-1.125311813008486,A,55
55,55,E,K,Round 1 vs R0,-2.792736473921615,A,55
55,55,E,L,Round 1 vs R0,-3.0822430911166,A,55
55,55,E,M,Round 1 vs R0,-2.497280590395444,A,55
55,55,E,N,Round 1 vs R0,-2.430166394536907,A,55
55,55,E,P,Round 1 vs R0,-2.622811472479302,A,55
55,55,E,Q,Round 1 vs R0,-3.0822430911166,A,55
55,55,E,R,Round 1 vs R0,-2.359777066645509,A,55
55,55,E,S,Round 1 vs R0,-3.0822430911166,A,55
55,55,E,T,Round 1 vs R0,-2.992045282145022,A,55
55,55,E,V,Round 1 vs R0,-2.792736473921615,A,55
55,55,E,W,Round 1 vs R0,-3.125311813008486,A,55
55,55,E,Y,Round 1 vs R0,-3.037848971758147,A,55
54,54,S,T,Round 1 vs R0,-2.738288689899238,A,54
54,54,S,V,Round 1 vs R0,3.140488269500366,A,54
54,54,S,W,Round 1 vs R0,-3.529702068087821,A,54
54,54,S,Y,Round 1 vs R0,-2.497280590395444,A,54
53,53,S,T,Round 1 vs R0,-2.792736473921615,A,53
53,53,S,V,Round 1 vs R0,-2.497280590395444,A,53
53,53,S,W,Round 1 vs R0,4.105108982083896,A,53
53,53,S,Y,Round 1 vs R0,-2.792736473921615,A,53
52,52,G,H,Round 1 vs R0,-3.285776485201732,A,52
52,52,G,I,Round 1 vs R0,3.315787982856554,A,52
52,52,G,K,Round 1 vs R0,-3.125311813008486,A,52
52,52,G,L,Round 1 vs R0,0.9077032442194771,A,52
52,52,G,M,Round 1 vs R0,1.207263526078385,A,52
52,52,G,N,Round 1 vs R0,-3.39540097637623,A,52
52,52,G,P,Round 1 vs R0,-2.895829966885719,A,52
52,52,G,Q,Round 1 vs R0,-2.359777066645509,A,52
52,52,G,R,Round 1 vs R0,-2.561410927815159,A,52
52,52,G,S,Round 1 vs R0,-2.497280590395444,A,52
52,52,G,T,Round 1 vs R0,-1.84520389381575,A,52
52,52,G,V,Round 1 vs R0,-3.207773973200459,A,52
52,52,G,W,Round 1 vs R0,6.100151262287929,A,52
52,52,G,Y,Round 1 vs R0,5.039394027174314,A,52
51,51,T,V,Round 1 vs R0,-3.430166394536907,A,51
51,51,T,W,Round 1 vs R0,2.940124721911855,A,51
51,51,T,Y,Round 1 vs R0,-2.430166394536907,A,51
50,50,W,Y,Round 1 vs R0,-2.125311813008486,A,50
49,49,Q,R,Round 1 vs R0,-2.944739567366665,A,49
49,49,Q,S,Round 1 vs R0,-2.359777066645509,A,49
49,49,Q,T,Round 1 vs R0,-1.497280590395444,A,49
49,49,Q,V,Round 1 vs R0,3.332988723610163,A,49
49,49,Q,W,Round 1 vs R0,4.769505950299458,A,49
49,49,Q,Y,Round 1 vs R0,5.873043554407868,A,49
48,48,F,G,Round 1 vs R0,-2.622811472479302,A,48
48,48,F,H,Round 1 vs R0,-3.529702068087821,A,48
48,48,F,I,Round 1 vs R0,-2.944739567366665,A,48
48,48,F,K,Round 1 vs R0,-2.207773973200459,A,48
48,48,F,L,Round 1 vs R0,-1.944739567366665,A,48
48,48,F,M,Round 1 vs R0,-2.792736473921615,A,48
48,48,F,N,Round 1 vs R0,-2.681705161532871,A,48
48,48,F,P,Round 1 vs R0,-2.622811472479302,A,48
48,48,F,Q,Round 1 vs R0,-1.738288689899239,A,48
48,48,F,R,Round 1 vs R0,-2.561410927815159,A,48
48,48,F,S,Round 1 vs R0,-2.125311813008486,A,48
48,48,F,T,Round 1 vs R0,-2.84520389381575,A,48
48,48,F,V,Round 1 vs R0,-3.247302337387096,A,48
48,48,F,W,Round 1 vs R0,-3.207773973200459,A,48
48,48,F,Y,Round 1 vs R0,-2.561410927815159,A,48
47,47,N,P,Round 1 vs R0,-2.359777066645509,A,47
47,47,N,Q,Round 1 vs R0,-2.622811472479302,A,47
47,47,N,R,Round 1 vs R0,-2.895829966885719,A,47
47,47,N,S,Round 1 vs R0,-3.681705161532871,A,47
47,47,N,T,Round 1 vs R0,-2.738288689899238,A,47
47,47,N,V,Round 1 vs R0,4.061686701792768,A,47
47,47,N,W,Round 1 vs R0,-1.84520389381575,A,47
47,47,N,Y,Round 1 vs R0,-2.430166394536907,A,47
46,46,L,M,Round 1 vs R0,-3.430166394536907,A,46
46,46,L,N,Round 1 vs R0,-2.207773973200459,A,46
46,46,L,P,Round 1 vs R0,-2.681705161532871,A,46
46,46,L,Q,Round 1 vs R0,-2.359777066645509,A,46
46,46,L,R,Round 1 vs R0,-2.992045282145022,A,46
46,46,L,S,Round 1 vs R0,-3.561410927815159,A,46
46,46,L,T,Round 1 vs R0,-1.944739567366665,A,46
46,46,L,V,Round 1 vs R0,-2.738288689899238,A,46
46,46,L,W,Round 1 vs R0,-2.895829966885719,A,46
46,46,L,Y,Round 1 vs R0,-2.125311813008486,A,46
45,45,I,K,Round 1 vs R0,-3.037848971758147,A,45
45,45,I,L,Round 1 vs R0,-2.738288689899238,A,45
45,45,I,M,Round 1 vs R0,-2.738288689899238,A,45
45,45,I,N,Round 1 vs R0,-3.323251190620395,A,45
45,45,I,P,Round 1 vs R0,-2.895829966885719,A,45
45,45,I,Q,Round 1 vs R0,-3.125311813008486,A,45
45,45,I,R,Round 1 vs R0,-2.561410927815159,A,45
45,45,I,S,Round 1 vs R0,-2.681705161532871,A,45
45,45,I,T,Round 1 vs R0,-2.430166394536907,A,45
45,45,I,V,Round 1 vs R0,-2.430166394536907,A,45
45,45,I,W,Round 1 vs R0,-2.497280590395444,A,45
45,45,I,Y,Round 1 vs R0,-3.323251190620395,A,45
44,44,L,M,Round 1 vs R0,-2.84520389381575,A,44
44,44,L,N,Round 1 vs R0,-1.738288689899239,A,44
44,44,L,P,Round 1 vs R0,-1.738288689899239,A,44
44,44,L,Q,Round 1 vs R0,-3.207773973200459,A,44
44,44,L,R,Round 1 vs R0,-2.944739567366665,A,44
44,44,L,S,Round 1 vs R0,-3.167131988703113,A,44
44,44,L,T,Round 1 vs R0,-2.944739567366665,A,44
44,44,L,V,Round 1 vs R0,-3.0822430911166,A,44
44,44,L,W,Round 1 vs R0,-3.037848971758147,A,44
44,44,L,Y,Round 1 vs R0,-1.738288689899239,A,44
43,43,F,G,Round 1 vs R0,-3.652558815873355,A,43
43,43,F,H,Round 1 vs R0,-3.323251190620395,A,43
43,43,F,I,Round 1 vs R0,-3.125311813008486,A,43
43,43,F,K,Round 1 vs R0,-1.944739567366665,A,43
43,43,F,L,Round 1 vs R0,-2.125311813008486,A,43
43,43,F,M,Round 1 vs R0,-2.792736473921615,A,43
43,43,F,N,Round 1 vs R0,-2.992045282145022,A,43
43,43,F,P,Round 1 vs R0,-1.738288689899239,A,43
43,43,F,Q,Round 1 vs R0,-2.207773973200459,A,43
43,43,F,R,Round 1 vs R0,-2.622811472479302,A,43
43,43,F,S,Round 1 vs R0,-3.247302337387096,A,43
43,43,F,T,Round 1 vs R0,-2.622811472479302,A,43
43,43,F,V,Round 1 vs R0,-3.497280590395444,A,43
43,43,F,W,Round 1 vs R0,-2.992045282145022,A,43
43,43,F,Y,Round 1 vs R0,-2.738288689899238,A,43
42,42,R,S,Round 1 vs R0,1.54711352896301,A,42
42,42,R,T,Round 1 vs R0,3.44327771797847,A,42
42,42,R,V,Round 1 vs R0,5.52184677035258,A,42
42,42,R,W,Round 1 vs R0,5.861899554606352,A,42
42,42,R,Y,Round 1 vs R0,4.344021663585498,A,42
41,41,T,V,Round 1 vs R0,-2.992045282145022,A,41
41,41,T,W,Round 1 vs R0,-2.992045282145022,A,41
41,41,T,Y,Round 1 vs R0,-2.561410927815159,A,41
39,39,N,P,Round 1 vs R0,2.492665744940633,A,39
39,39,N,Q,Round 1 vs R0,-3.207773973200459,A,39
39,39,N,R,Round 1 vs R0,-3.125311813008486,A,39
39,39,N,S,Round 1 vs R0,-2.497280590395444,A,39
39,39,N,T,Round 1 vs R0,-2.84520389381575,A,39
39,39,N,V,Round 1 vs R0,3.606007218016578,A,39
39,39,N,W,Round 1 vs R0,-2.738288689899238,A,39
39,39,N,Y,Round 1 vs R0,-2.125311813008486,A,39
38,38,E,F,Round 1 vs R0,5.634576370213349,A,38
38,38,E,G,Round 1 vs R0,-1.125311813008486,A,38
38,38,E,H,Round 1 vs R0,-1.84520389381575,A,38
38,38,E,I,Round 1 vs R0,-2.944739567366665,A,38
38,38,E,K,Round 1 vs R0,-2.207773973200459,A,38
38,38,E,L,Round 1 vs R0,-2.681705161532871,A,38
38,38,E,M,Round 1 vs R0,-1.944739567366665,A,38
38,38,E,N,Round 1 vs R0,-2.359777066645509,A,38
38,38,E,P,Round 1 vs R0,-1.944739567366665,A,38
38,38,E,Q,Round 1 vs R0,-2.125311813008486,A,38
38,38,E,R,Round 1 vs R0,-2.944739567366665,A,38
38,38,E,S,Round 1 vs R0,1.668419825185143,A,38
38,38,E,T,Round 1 vs R0,-3.167131988703113,A,38
38,38,E,V,Round 1 vs R0,-3.247302337387096,A,38
38,38,E,W,Round 1 vs R0,2.521578436855872,A,38
38,38,E,Y,Round 1 vs R0,-2.792736473921615,A,38
36,36,D,E,Round 1 vs R0,-1.738288689899239,A,36
36,36,D,F,Round 1 vs R0,-2.681705161532871,A,36
36,36,D,G,Round 1 vs R0,-2.944739567366665,A,36
36,36,D,H,Round 1 vs R0,-2.207773973200459,A,36
36,36,D,I,Round 1 vs R0,-2.84520389381575,A,36
36,36,D,K,Round 1 vs R0,-2.895829966885719,A,36
36,36,D,L,Round 1 vs R0,-2.895829966885719,A,36
36,36,D,M,Round 1 vs R0,-2.561410927815159,A,36
36,36,D,N,Round 1 vs R0,-2.561410927815159,A,36
36,36,D,P,Round 1 vs R0,-2.430166394536907,A,36
36,36,D,Q,Round 1 vs R0,-3.247302337387096,A,36
36,36,D,R,Round 1 vs R0,-2.681705161532871,A,36
36,36,D,S,Round 1 vs R0,-2.285776485201732,A,36
36,36,D,T,Round 1 vs R0,-2.792736473921615,A,36
36,36,D,V,Round 1 vs R0,-3.125311813008486,A,36
36,36,D,W,Round 1 vs R0,-2.738288689899238,A,36
36,36,D,Y,Round 1 vs R0,4.92562515221674,A,36
35,35,G,H,Round 1 vs R0,-3.167131988703113,A,35
35,35,G,I,Round 1 vs R0,-3.207773973200459,A,35
35,35,G,K,Round 1 vs R0,-2.359777066645509,A,35
35,35,G,L,Round 1 vs R0,2.564815530696469,A,35
35,35,G,M,Round 1 vs R0,-2.430166394536907,A,35
35,35,G,N,Round 1 vs R0,-2.430166394536907,A,35
35,35,G,P,Round 1 vs R0,-2.497280590395444,A,35
35,35,G,Q,Round 1 vs R0,-2.84520389381575,A,35
35,35,G,R,Round 1 vs R0,-2.895829966885719,A,35
35,35,G,S,Round 1 vs R0,-2.895829966885719,A,35
35,35,G,T,Round 1 vs R0,-2.895829966885719,A,35
35,35,G,V,Round 1 vs R0,-2.895829966885719,A,35
35,35,G,W,Round 1 vs R0,-3.39540097637623,A,35
35,35,G,Y,Round 1 vs R0,-3.167131988703113,A,35
34,34,E,F,Round 1 vs R0,-2.944739567366665,A,34
34,34,E,G,Round 1 vs R0,-2.125311813008486,A,34
34,34,E,H,Round 1 vs R0,-2.792736473921615,A,34
34,34,E,I,Round 1 vs R0,-2.84520389381575,A,34
34,34,E,K,Round 1 vs R0,-1.944739567366665,A,34
34,34,E,L,Round 1 vs R0,-1.944739567366665,A,34
34,34,E,M,Round 1 vs R0,-2.792736473921615,A,34
34,34,E,N,Round 1 vs R0,-2.792736473921615,A,34
34,34,E,P,Round 1 vs R0,-2.792736473921615,A,34
34,34,E,Q,Round 1 vs R0,-1.622811472479302,A,34
34,34,E,R,Round 1 vs R0,-1.207773973200459,A,34
34,34,E,S,Round 1 vs R0,-2.125311813008486,A,34
34,34,E,T,Round 1 vs R0,-2.944739567366665,A,34
34,34,E,V,Round 1 vs R0,-2.497280590395444,A,34
34,34,E,W,Round 1 vs R0,-2.84520389381575,A,34
34,34,E,Y,Round 1 vs R0,-3.0822430911166,A,34
33,33,E,F,Round 1 vs R0,-2.84520389381575,A,33
33,33,E,G,Round 1 vs R0,-2.247302337387096,A,33
33,33,E,H,Round 1 vs R0,-3.430166394536907,A,33
33,33,E,I,Round 1 vs R0,-2.125311813008486,A,33
33,33,E,K,Round 1 vs R0,-2.430166394536907,A,33
33,33,E,L,Round 1 vs R0,-2.738288689899238,A,33
33,33,E,M,Round 1 vs R0,-2.792736473921615,A,33
33,33,E,N,Round 1 vs R0,-3.323251190620395,A,33
33,33,E,P,Round 1 vs R0,-2.561410927815159,A,33
33,33,E,Q,Round 1 vs R0,-3.247302337387096,A,33
33,33,E,R,Round 1 vs R0,-2.497280590395444,A,33
33,33,E,S,Round 1 vs R0,-3.125311813008486,A,33
33,33,E,T,Round 1 vs R0,-2.125311813008486,A,33
33,33,E,V,Round 1 vs R0,-2.895829966885719,A,33
33,33,E,W,Round 1 vs R0,-3.622811472479302,A,33
33,33,E,Y,Round 1 vs R0,-2.430166394536907,A,33
32,32,L,M,Round 1 vs R0,-1.622811472479302,A,32
32,32,L,N,Round 1 vs R0,-2.125311813008486,A,32
32,32,L,P,Round 1 vs R0,-3.125311813008486,A,32
32,32,L,Q,Round 1 vs R0,-2.895829966885719,A,32
32,32,L,R,Round 1 vs R0,-2.561410927815159,A,32
32,32,L,S,Round 1 vs R0,-2.125311813008486,A,32
32,32,L,T,Round 1 vs R0,-3.037848971758147,A,32
32,32,L,V,Round 1 vs R0,-2.430166394536907,A,32
32,32,L,W,Round 1 vs R0,-2.285776485201732,A,32
32,32,L,Y,Round 1 vs R0,-2.622811472479302,A,32
31,31,S,T,Round 1 vs R0,-1.944739567366665,A,31
31,31,S,V,Round 1 vs R0,-1.037848971758146,A,31
31,31,S,W,Round 1 vs R0,-2.895829966885719,A,31
31,31,S,Y,Round 1 vs R0,-3.430166394536907,A,31
30,30,K,L,Round 1 vs R0,-3.0822430911166,A,30
30,30,K,M,Round 1 vs R0,-1.430166394536907,A,30
30,30,K,N,Round 1 vs R0,-3.125311813008486,A,30
30,30,K,P,Round 1 vs R0,-3.167131988703113,A,30
30,30,K,Q,Round 1 vs R0,-2.561410927815159,A,30
30,30,K,R,Round 1 vs R0,-1.359777066645509,A,30
30,30,K,S,Round 1 vs R0,-2.430166394536907,A,30
30,30,K,T,Round 1 vs R0,-3.037848971758147,A,30
30,30,K,V,Round 1 vs R0,-2.359777066645509,A,30
30,30,K,W,Round 1 vs R0,-3.323251190620395,A,30
30,30,K,Y,Round 1 vs R0,-2.792736473921615,A,30
29,29,K,L,Round 1 vs R0,-2.992045282145022,A,29
29,29,K,M,Round 1 vs R0,-1.944739567366665,A,29
29,29,K,N,Round 1 vs R0,-2.125311813008486,A,29
29,29,K,P,Round 1 vs R0,-2.84520389381575,A,29
29,29,K,Q,Round 1 vs R0,-3.39540097637623,A,29
29,29,K,R,Round 1 vs R0,-1.359777066645509,A,29
29,29,K,S,Round 1 vs R0,-2.125311813008486,A,29
29,29,K,T,Round 1 vs R0,-2.622811472479302,A,29
29,29,K,V,Round 1 vs R0,-2.681705161532871,A,29
29,29,K,W,Round 1 vs R0,-2.430166394536907,A,29
29,29,K,Y,Round 1 vs R0,-2.738288689899238,A,29
28,28,M,N,Round 1 vs R0,-2.359777066645509,A,28
28,28,M,P,Round 1 vs R0,-2.944739567366665,A,28
28,28,M,Q,Round 1 vs R0,-2.561410927815159,A,28
28,28,M,R,Round 1 vs R0,-2.738288689899238,A,28
28,28,M,S,Round 1 vs R0,3.925625152216739,A,28
28,28,M,T,Round 1 vs R0,-1.497280590395444,A,28
28,28,M,V,Round 1 vs R0,-3.0822430911166,A,28
28,28,M,W,Round 1 vs R0,-2.895829966885719,A,28
28,28,M,Y,Round 1 vs R0,-3.247302337387096,A,28
27,27,A,D,Round 1 vs R0,-2.125311813008486,A,27
27,27,A,E,Round 1 vs R0,-2.497280590395444,A,27
27,27,A,F,Round 1 vs R0,-1.497280590395444,A,27
27,27,A,G,Round 1 vs R0,-2.430166394536907,A,27
27,27,A,H,Round 1 vs R0,-2.738288689899238,A,27
27,27,A,I,Round 1 vs R0,-3.247302337387096,A,27
27,27,A,K,Round 1 vs R0,-2.792736473921615,A,27
27,27,A,L,Round 1 vs R0,-2.125311813008486,A,27
27,27,A,M,Round 1 vs R0,-3.895829966885719,A,27
27,27,A,N,Round 1 vs R0,4.447577855412095,A,27
27,27,A,P,Round 1 vs R0,-2.359777066645509,A,27
27,27,A,Q,Round 1 vs R0,-2.84520389381575,A,27
27,27,A,R,Round 1 vs R0,-2.497280590395444,A,27
27,27,A,S,Round 1 vs R0,-2.125311813008486,A,27
27,27,A,T,Round 1 vs R0,-3.0822430911166,A,27
27,27,A,V,Round 1 vs R0,-1.359777066645509,A,27
27,27,A,W,Round 1 vs R0,-2.84520389381575,A,27
27,27,A,Y,Round 1 vs R0,-2.792736473921615,A,27
26,26,E,F,Round 1 vs R0,-2.738288689899238,A,26
26,26,E,G,Round 1 vs R0,-2.285776485201732,A,26
26,26,E,H,Round 1 vs R0,2.45965068771267,A,26
26,26,E,I,Round 1 vs R0,-2.944739567366665,A,26
26,26,E,K,Round 1 vs R0,-2.497280590395444,A,26
26,26,E,L,Round 1 vs R0,-2.681705161532871,A,26
26,26,E,M,Round 1 vs R0,-2.125311813008486,A,26
26,26,E,N,Round 1 vs R0,-1.207773973200459,A,26
26,26,E,P,Round 1 vs R0,-2.84520389381575,A,26
26,26,E,Q,Round 1 vs R0,-2.895829966885719,A,26
26,26,E,R,Round 1 vs R0,-1.944739567366665,A,26
26,26,E,S,Round 1 vs R0,-3.765769426321346,A,26
26,26,E,T,Round 1 vs R0,-1.84520389381575,A,26
26,26,E,V,Round 1 vs R0,-2.207773973200459,A,26
26,26,E,W,Round 1 vs R0,-2.944739567366665,A,26
26,26,E,Y,Round 1 vs R0,-3.167131988703113,A,26
25,25,K,L,Round 1 vs R0,-2.430166394536907,A,25
25,25,K,M,Round 1 vs R0,-2.359777066645509,A,25
25,25,K,N,Round 1 vs R0,-2.207773973200459,A,25
25,25,K,P,Round 1 vs R0,-3.0822430911166,A,25
25,25,K,Q,Round 1 vs R0,-2.561410927815159,A,25
25,25,K,R,Round 1 vs R0,-2.037848971758147,A,25
25,25,K,S,Round 1 vs R0,-2.622811472479302,A,25
25,25,K,T,Round 1 vs R0,-3.622811472479302,A,25
25,25,K,V,Round 1 vs R0,-1.84520389381575,A,25
25,25,K,W,Round 1 vs R0,-2.738288689899238,A,25
25,25,K,Y,Round 1 vs R0,-2.84520389381575,A,25
24,24,L,M,Round 1 vs R0,-2.738288689899238,A,24
24,24,L,N,Round 1 vs R0,-2.895829966885719,A,24
24,24,L,P,Round 1 vs R0,-3.037848971758147,A,24
24,24,L,Q,Round 1 vs R0,-2.561410927815159,A,24
24,24,L,R,Round 1 vs R0,-2.992045282145022,A,24
24,24,L,S,Round 1 vs R0,-2.430166394536907,A,24
24,24,L,T,Round 1 vs R0,-2.84520389381575,A,24
24,24,L,V,Round 1 vs R0,-2.037848971758147,A,24
24,24,L,W,Round 1 vs R0,-2.430166394536907,A,24
24,24,L,Y,Round 1 vs R0,-2.497280590395444,A,24
23,23,K,L,Round 1 vs R0,-2.285776485201732,A,23
23,23,K,M,Round 1 vs R0,-2.497280590395444,A,23
23,23,K,N,Round 1 vs R0,-2.125311813008486,A,23
23,23,K,P,Round 1 vs R0,-2.738288689899238,A,23
23,23,K,Q,Round 1 vs R0,-3.285776485201732,A,23
23,23,K,R,Round 1 vs R0,-2.497280590395444,A,23
23,23,K,S,Round 1 vs R0,-2.497280590395444,A,23
23,23,K,T,Round 1 vs R0,-2.992045282145022,A,23
23,23,K,V,Round 1 vs R0,-1.738288689899239,A,23
23,23,K,W,Round 1 vs R0,-2.125311813008486,A,23
23,23,K,Y,Round 1 vs R0,-2.944739567366665,A,23
22,22,E,F,Round 1 vs R0,-2.497280590395444,A,22
22,22,E,G,Round 1 vs R0,-3.0822430911166,A,22
22,22,E,H,Round 1 vs R0,-2.359777066645509,A,22
22,22,E,I,Round 1 vs R0,-3.125311813008486,A,22
22,22,E,K,Round 1 vs R0,-2.622811472479302,A,22
22,22,E,L,Round 1 vs R0,-2.125311813008486,A,22
22,22,E,M,Round 1 vs R0,-2.622811472479302,A,22
22,22,E,N,Round 1 vs R0,-2.285776485201732,A,22
22,22,E,P,Round 1 vs R0,-2.207773973200459,A,22
22,22,E,Q,Round 1 vs R0,-2.944739567366665,A,22
22,22,E,R,Round 1 vs R0,-2.430166394536907,A,22
22,22,E,S,Round 1 vs R0,-2.622811472479302,A,22
22,22,E,T,Round 1 vs R0,-2.359777066645509,A,22
22,22,E,V,Round 1 vs R0,-1.738288689899239,A,22
22,22,E,W,Round 1 vs R0,-2.622811472479302,A,22
22,22,E,Y,Round 1 vs R0,-2.207773973200459,A,22
21,21,S,T,Round 1 vs R0,-2.622811472479302,A,21
21,21,S,V,Round 1 vs R0,-3.037848971758147,A,21
21,21,S,W,Round 1 vs R0,-2.84520389381575,A,21
21,21,S,Y,Round 1 vs R0,-2.285776485201732,A,21
20,20,A,D,Round 1 vs R0,-2.895829966885719,A,20
20,20,A,E,Round 1 vs R0,-1.944739567366665,A,20
20,20,A,F,Round 1 vs R0,-2.037848971758147,A,20
20,20,A,G,Round 1 vs R0,-2.207773973200459,A,20
20,20,A,H,Round 1 vs R0,-2.497280590395444,A,20
20,20,A,I,Round 1 vs R0,1.792226026799541,A,20
20,20,A,K,Round 1 vs R0,-1.738288689899239,A,20
20,20,A,L,Round 1 vs R0,-2.497280590395444,A,20
20,20,A,M,Round 1 vs R0,-2.84520389381575,A,20
20,20,A,N,Round 1 vs R0,-2.430166394536907,A,20
20,20,A,P,Round 1 vs R0,-1.944739567366665,A,20
20,20,A,Q,Round 1 vs R0,-2.125311813008486,A,20
20,20,A,R,Round 1 vs R0,-2.497280590395444,A,20
20,20,A,S,Round 1 vs R0,-1.622811472479302,A,20
20,20,A,T,Round 1 vs R0,-1.84520389381575,A,20
20,20,A,V,Round 1 vs R0,-3.323251190620395,A,20
20,20,A,W,Round 1 vs R0,-3.430166394536907,A,20
20,20,A,Y,Round 1 vs R0,-2.561410927815159,A,20
19,19,E,F,Round 1 vs R0,-3.497280590395444,A,19
19,19,E,G,Round 1 vs R0,-2.84520389381575,A,19
19,19,E,H,Round 1 vs R0,-2.037848971758147,A,19
19,19,E,I,Round 1 vs R0,-2.895829966885719,A,19
19,19,E,K,Round 1 vs R0,-2.792736473921615,A,19
19,19,E,L,Round 1 vs R0,-1.944739567366665,A,19
19,19,E,M,Round 1 vs R0,-3.359777066645509,A,19
19,19,E,N,Round 1 vs R0,-2.207773973200459,A,19
19,19,E,P,Round 1 vs R0,-3.359777066645509,A,19
19,19,E,Q,Round 1 vs R0,-2.738288689899238,A,19
19,19,E,R,Round 1 vs R0,-2.037848971758147,A,19
19,19,E,S,Round 1 vs R0,-2.497280590395444,A,19
19,19,E,T,Round 1 vs R0,-2.207773973200459,A,19
19,19,E,V,Round 1 vs R0,-3.0822430911166,A,19
19,19,E,W,Round 1 vs R0,-1.944739567366665,A,19
19,19,E,Y,Round 1 vs R0,-2.792736473921615,A,19
18,18,E,F,Round 1 vs R0,-2.207773973200459,A,18
18,18,E,G,Round 1 vs R0,-2.622811472479302,A,18
18,18,E,H,Round 1 vs R0,-2.622811472479302,A,18
18,18,E,I,Round 1 vs R0,-2.497280590395444,A,18
18,18,E,K,Round 1 vs R0,-0.3597770666455088,A,18
18,18,E,L,Round 1 vs R0,-2.622811472479302,A,18
18,18,E,M,Round 1 vs R0,-1.681705161532871,A,18
18,18,E,N,Round 1 vs R0,-3.0822430911166,A,18
18,18,E,P,Round 1 vs R0,-2.944739567366665,A,18
18,18,E,Q,Round 1 vs R0,-3.207773973200459,A,18
18,18,E,R,Round 1 vs R0,-1.944739567366665,A,18
18,18,E,S,Round 1 vs R0,-3.497280590395444,A,18
18,18,E,T,Round 1 vs R0,-2.792736473921615,A,18
18,18,E,V,Round 1 vs R0,-3.037848971758147,A,18
18,18,E,W,Round 1 vs R0,-2.497280590395444,A,18
18,18,E,Y,Round 1 vs R0,-1.944739567366665,A,18
17,17,T,V,Round 1 vs R0,-3.792736473921615,A,17
17,17,T,W,Round 1 vs R0,-2.622811472479302,A,17
17,17,T,Y,Round 1 vs R0,-2.430166394536907,A,17
16,16,N,P,Round 1 vs R0,-2.497280590395444,A,16
16,16,N,Q,Round 1 vs R0,-2.285776485201732,A,16
16,16,N,R,Round 1 vs R0,-2.430166394536907,A,16
16,16,N,S,Round 1 vs R0,-2.792736473921615,A,16
16,16,N,T,Round 1 vs R0,-3.0822430911166,A,16
16,16,N,V,Round 1 vs R0,-2.207773973200459,A,16
16,16,N,W,Round 1 vs R0,-2.359777066645509,A,16
16,16,N,Y,Round 1 vs R0,-2.207773973200459,A,16
15,15,G,H,Round 1 vs R0,-3.285776485201732,A,15
15,15,G,I,Round 1 vs R0,-2.359777066645509,A,15
15,15,G,K,Round 1 vs R0,-2.992045282145022,A,15
15,15,G,L,Round 1 vs R0,-2.561410927815159,A,15
15,15,G,M,Round 1 vs R0,-1.622811472479302,A,15
15,15,G,N,Round 1 vs R0,-3.0822430911166,A,15
15,15,G,P,Round 1 vs R0,-2.497280590395444,A,15
15,15,G,Q,Round 1 vs R0,-2.895829966885719,A,15
15,15,G,R,Round 1 vs R0,-3.359777066645509,A,15
15,15,G,S,Round 1 vs R0,-3.323251190620395,A,15
15,15,G,T,Round 1 vs R0,-3.247302337387096,A,15
15,15,G,V,Round 1 vs R0,-2.497280590395444,A,15
15,15,G,W,Round 1 vs R0,-2.430166394536907,A,15
15,15,G,Y,Round 1 vs R0,-1.84520389381575,A,15
14,14,E,F,Round 1 vs R0,-2.359777066645509,A,14
14,14,E,G,Round 1 vs R0,-2.622811472479302,A,14
14,14,E,H,Round 1 vs R0,-3.247302337387096,A,14
14,14,E,I,Round 1 vs R0,-1.84520389381575,A,14
14,14,E,K,Round 1 vs R0,-0.6228114724793025,A,14
14,14,E,L,Round 1 vs R0,-2.622811472479302,A,14
14,14,E,M,Round 1 vs R0,-2.497280590395444,A,14
14,14,E,N,Round 1 vs R0,-3.285776485201732,A,14
14,14,E,P,Round 1 vs R0,-1.037848971758146,A,14
14,14,E,Q,Round 1 vs R0,-3.125311813008486,A,14
14,14,E,R,Round 1 vs R0,-2.992045282145022,A,14
14,14,E,S,Round 1 vs R0,-2.792736473921615,A,14
14,14,E,T,Round 1 vs R0,-2.497280590395444,A,14
14,14,E,V,Round 1 vs R0,-2.738288689899238,A,14
14,14,E,W,Round 1 vs R0,-2.992045282145022,A,14
14,14,E,Y,Round 1 vs R0,-3.765769426321346,A,14
13,13,E,F,Round 1 vs R0,-2.681705161532871,A,13
13,13,E,G,Round 1 vs R0,-2.125311813008486,A,13
13,13,E,H,Round 1 vs R0,-1.207773973200459,A,13
13,13,E,I,Round 1 vs R0,-2.992045282145022,A,13
13,13,E,K,Round 1 vs R0,-1.738288689899239,A,13
13,13,E,L,Round 1 vs R0,-2.84520389381575,A,13
13,13,E,M,Round 1 vs R0,-2.430166394536907,A,13
13,13,E,N,Round 1 vs R0,-1.944739567366665,A,13
13,13,E,P,Round 1 vs R0,-2.738288689899238,A,13
13,13,E,Q,Round 1 vs R0,-3.037848971758147,A,13
13,13,E,R,Round 1 vs R0,-3.167131988703113,A,13
13,13,E,S,Round 1 vs R0,-2.622811472479302,A,13
13,13,E,T,Round 1 vs R0,-2.895829966885719,A,13
13,13,E,V,Round 1 vs R0,-2.207773973200459,A,13
13,13,E,W,Round 1 vs R0,-2.738288689899238,A,13
13,13,E,Y,Round 1 vs R0,-1.622811472479302,A,13
12,12,K,L,Round 1 vs R0,-1.622811472479302,A,12
12,12,K,M,Round 1 vs R0,-3.39540097637623,A,12
12,12,K,N,Round 1 vs R0,-3.0822430911166,A,12
12,12,K,P,Round 1 vs R0,-3.0822430911166,A,12
12,12,K,Q,Round 1 vs R0,-2.792736473921615,A,12
12,12,K,R,Round 1 vs R0,-1.738288689899239,A,12
12,12,K,S,Round 1 vs R0,-2.992045282145022,A,12
12,12,K,T,Round 1 vs R0,-3.497280590395444,A,12
12,12,K,V,Round 1 vs R0,-3.359777066645509,A,12
12,12,K,W,Round 1 vs R0,-2.497280590395444,A,12
12,12,K,Y,Round 1 vs R0,-2.681705161532871,A,12
11,11,L,M,Round 1 vs R0,-2.681705161532871,A,11
11,11,L,N,Round 1 vs R0,-2.681705161532871,A,11
11,11,L,P,Round 1 vs R0,-1.944739567366665,A,11
11,11,L,Q,Round 1 vs R0,-2.125311813008486,A,11
11,11,L,R,Round 1 vs R0,-3.497280590395444,A,11
11,11,L,S,Round 1 vs R0,-3.207773973200459,A,11
11,11,L,T,Round 1 vs R0,-2.622811472479302,A,11
11,11,L,V,Round 1 vs R0,-2.037848971758147,A,11
11,11,L,W,Round 1 vs R0,-2.561410927815159,A,11
11,11,L,Y,Round 1 vs R0,-2.792736473921615,A,11
10,10,K,L,Round 1 vs R0,-2.792736473921615,A,10
10,10,K,M,Round 1 vs R0,-3.529702068087821,A,10
10,10,K,N,Round 1 vs R0,-2.738288689899238,A,10
10,10,K,P,Round 1 vs R0,-3.359777066645509,A,10
10,10,K,Q,Round 1 vs R0,-2.895829966885719,A,10
10,10,K,R,Round 1 vs R0,-2.207773973200459,A,10
10,10,K,S,Round 1 vs R0,-2.992045282145022,A,10
10,10,K,T,Round 1 vs R0,-1.622811472479302,A,10
10,10,K,V,Round 1 vs R0,-2.359777066645509,A,10
10,10,K,W,Round 1 vs R0,-3.125311813008486,A,10
10,10,K,Y,Round 1 vs R0,-2.792736473921615,A,10
9,9,A,D,Round 1 vs R0,-3.285776485201732,A,9
9,9,A,E,Round 1 vs R0,-2.84520389381575,A,9
9,9,A,F,Round 1 vs R0,-2.359777066645509,A,9
9,9,A,G,Round 1 vs R0,-2.037848971758147,A,9
9,9,A,H,Round 1 vs R0,-2.430166394536907,A,9
9,9,A,I,Round 1 vs R0,-2.359777066645509,A,9
9,9,A,K,Round 1 vs R0,-2.497280590395444,A,9
9,9,A,L,Round 1 vs R0,-1.622811472479302,A,9
9,9,A,M,Round 1 vs R0,-2.895829966885719,A,9
9,9,A,N,Round 1 vs R0,-2.430166394536907,A,9
9,9,A,P,Round 1 vs R0,-3.207773973200459,A,9
9,9,A,Q,Round 1 vs R0,-2.497280590395444,A,9
9,9,A,R,Round 1 vs R0,-3.207773973200459,A,9
9,9,A,S,Round 1 vs R0,-2.285776485201732,A,9
9,9,A,T,Round 1 vs R0,-2.84520389381575,A,9
9,9,A,V,Round 1 vs R0,-2.895829966885719,A,9
9,9,A,W,Round 1 vs R0,-3.497280590395444,A,9
9,9,A,Y,Round 1 vs R0,-2.561410927815159,A,9
8,8,A,D,Round 1 vs R0,-1.207773973200459,A,8
8,8,A,E,Round 1 vs R0,3.402723619627835,A,8
8,8,A,F,Round 1 vs R0,-1.944739567366665,A,8
8,8,A,G,Round 1 vs R0,-3.323251190620395,A,8
8,8,A,H,Round 1 vs R0,-3.037848971758147,A,8
8,8,A,I,Round 1 vs R0,-2.944739567366665,A,8
8,8,A,K,Round 1 vs R0,-2.992045282145022,A,8
8,8,A,L,Round 1 vs R0,-2.285776485201732,A,8
8,8,A,M,Round 1 vs R0,-3.037848971758147,A,8
8,8,A,N,Round 1 vs R0,-2.738288689899238,A,8
8,8,A,P,Round 1 vs R0,-2.285776485201732,A,8
8,8,A,Q,Round 1 vs R0,-2.738288689899238,A,8
8,8,A,R,Round 1 vs R0,-2.125311813008486,A,8
8,8,A,S,Round 1 vs R0,-3.285776485201732,A,8
8,8,A,T,Round 1 vs R0,-2.992045282145022,A,8
8,8,A,V,Round 1 vs R0,-3.125311813008486,A,8
8,8,A,W,Round 1 vs R0,-2.037848971758147,A,8
8,8,A,Y,Round 1 vs R0,-2.84520389381575,A,8
7,7,K,L,Round 1 vs R0,-2.681705161532871,A,7
7,7,K,M,Round 1 vs R0,-2.497280590395444,A,7
7,7,K,N,Round 1 vs R0,-2.681705161532871,A,7
7,7,K,P,Round 1 vs R0,-2.497280590395444,A,7
7,7,K,Q,Round 1 vs R0,-2.681705161532871,A,7
7,7,K,R,Round 1 vs R0,-2.037848971758147,A,7
7,7,K,S,Round 1 vs R0,-2.944739567366665,A,7
7,7,K,T,Round 1 vs R0,-2.561410927815159,A,7
7,7,K,V,Round 1 vs R0,-3.464113726460244,A,7
7,7,K,W,Round 1 vs R0,-2.681705161532871,A,7
7,7,K,Y,Round 1 vs R0,-2.430166394536907,A,7
6,6,E,F,Round 1 vs R0,-3.207773973200459,A,6
6,6,E,G,Round 1 vs R0,-2.285776485201732,A,6
6,6,E,H,Round 1 vs R0,-2.359777066645509,A,6
6,6,E,I,Round 1 vs R0,-3.167131988703113,A,6
6,6,E,K,Round 1 vs R0,-2.738288689899238,A,6
6,6,E,L,Round 1 vs R0,-2.561410927815159,A,6
6,6,E,M,Round 1 vs R0,-2.895829966885719,A,6
6,6,E,N,Round 1 vs R0,-2.622811472479302,A,6
6,6,E,P,Round 1 vs R0,-2.944739567366665,A,6
6,6,E,Q,Round 1 vs R0,-2.285776485201732,A,6
6,6,E,R,Round 1 vs R0,-2.430166394536907,A,6
6,6,E,S,Round 1 vs R0,-2.207773973200459,A,6
6,6,E,T,Round 1 vs R0,-0.7008139844805757,A,6
6,6,E,V,Round 1 vs R0,-1.84520389381575,A,6
6,6,E,W,Round 1 vs R0,-2.125311813008486,A,6
6,6,E,Y,Round 1 vs R0,-2.497280590395444,A,6
5,5,L,M,Round 1 vs R0,-2.561410927815159,A,5
5,5,L,N,Round 1 vs R0,-2.681705161532871,A,5
5,5,L,P,Round 1 vs R0,-3.285776485201732,A,5
5,5,L,Q,Round 1 vs R0,-2.561410927815159,A,5
5,5,L,R,Round 1 vs R0,-1.359777066645509,A,5
5,5,L,S,Round 1 vs R0,-2.895829966885719,A,5
5,5,L,T,Round 1 vs R0,-2.125311813008486,A,5
5,5,L,V,Round 1 vs R0,2.606007218016579,A,5
5,5,L,W,Round 1 vs R0,-2.895829966885719,A,5
5,5,L,Y,Round 1 vs R0,-2.944739567366665,A,5
4,4,T,V,Round 1 vs R0,-2.681705161532871,A,4
4,4,T,W,Round 1 vs R0,-2.037848971758147,A,4
4,4,T,Y,Round 1 vs R0,-2.285776485201732,A,4
3,3,E,F,Round 1 vs R0,-2.207773973200459,A,3
3,3,E,G,Round 1 vs R0,-2.207773973200459,A,3
3,3,E,H,Round 1 vs R0,-2.944739567366665,A,3
3,3,E,I,Round 1 vs R0,-1.738288689899239,A,3
3,3,E,K,Round 1 vs R0,-2.359777066645509,A,3
3,3,E,L,Round 1 vs R0,-3.285776485201732,A,3
3,3,E,M,Round 1 vs R0,-2.944739567366665,A,3
3,3,E,N,Round 1 vs R0,-1.359777066645509,A,3
3,3,E,P,Round 1 vs R0,-3.037848971758147,A,3
3,3,E,Q,Round 1 vs R0,-3.247302337387096,A,3
3,3,E,R,Round 1 vs R0,-2.992045282145022,A,3
3,3,E,S,Round 1 vs R0,-2.944739567366665,A,3
3,3,E,T,Round 1 vs R0,-2.738288689899238,A,3
3,3,E,V,Round 1 vs R0,-3.497280590395444,A,3
3,3,E,W,Round 1 vs R0,-2.285776485201732,A,3
3,3,E,Y,Round 1 vs R0,-2.037848971758147,A,3
2,2,E,F,Round 1 vs R0,-3.323251190620395,A,2
2,2,E,G,Round 1 vs R0,-1.285776485201732,A,2
2,2,E,H,Round 1 vs R0,-2.561410927815159,A,2
2,2,E,I,Round 1 vs R0,-2.037848971758147,A,2
2,2,E,K,Round 1 vs R0,-2.622811472479302,A,2
2,2,E,L,Round 1 vs R0,-2.037848971758147,A,2
2,2,E,M,Round 1 vs R0,-3.167131988703113,A,2
2,2,E,N,Round 1 vs R0,-1.738288689899239,A,2
2,2,E,P,Round 1 vs R0,-2.430166394536907,A,2
2,2,E,Q,Round 1 vs R0,-2.681705161532871,A,2
2,2,E,R,Round 1 vs R0,-2.125311813008486,A,2
2,2,E,S,Round 1 vs R0,-2.944739567366665,A,2
2,2,E,T,Round 1 vs R0,-2.430166394536907,A,2
2,2,E,V,Round 1 vs R0,-2.738288689899238,A,2
2,2,E,W,Round 1 vs R0,-2.681705161532871,A,2
2,2,E,Y,Round 1 vs R0,-2.992045282145022,A,2
2,2,E,A,Round 2 vs R0,-5.139600954607043,A,2
2,2,E,D,Round 2 vs R0,-6.502171033991751,A,2
3,3,E,A,Round 2 vs R0,-4.917208533270595,A,3
3,3,E,D,Round 2 vs R0,-5.332246032549439,A,3
4,4,T,A,Round 2 vs R0,-6.286442342936315,A,4
4,4,T,D,Round 2 vs R0,-6.376640151907893,A,4
4,4,T,E,Round 2 vs R0,-4.654174127436802,A,4
4,4,T,F,Round 2 vs R0,-5.419708873799778,A,4
4,4,T,G,Round 2 vs R0,-4.654174127436802,A,4
4,4,T,H,Round 2 vs R0,-5.332246032549439,A,4
4,4,T,I,Round 2 vs R0,-5.917208533270595,A,4
4,4,T,K,Round 2 vs R0,-5.791677651186736,A,4
4,4,T,L,Round 2 vs R0,-6.190227027677011,A,4
4,4,T,M,Round 2 vs R0,-5.791677651186736,A,4
4,4,T,N,Round 2 vs R0,-5.917208533270595,A,4
4,4,T,P,Round 2 vs R0,-5.419708873799778,A,4
4,4,T,Q,Round 2 vs R0,-5.791677651186736,A,4
4,4,T,R,Round 2 vs R0,-6.139600954607043,A,4
4,4,T,S,Round 2 vs R0,-5.332246032549439,A,4
5,5,L,A,Round 2 vs R0,-6.461529049494406,A,5
5,5,L,D,Round 2 vs R0,-5.419708873799778,A,5
5,5,L,E,Round 2 vs R0,-4.917208533270595,A,5
5,5,L,F,Round 2 vs R0,-6.032685750690532,A,5
5,5,L,G,Round 2 vs R0,-5.239136628157958,A,5
5,5,L,H,Round 2 vs R0,-6.087133534712908,A,5
5,5,L,I,Round 2 vs R0,-5.239136628157958,A,5
5,5,L,K,Round 2 vs R0,-6.286442342936315,A,5
6,6,E,A,Round 2 vs R0,-5.791677651186736,A,6
6,6,E,D,Round 2 vs R0,-5.139600954607043,A,6
7,7,K,A,Round 2 vs R0,-5.976102222324164,A,7
7,7,K,D,Round 2 vs R0,-6.239136628157958,A,7
7,7,K,E,Round 2 vs R0,-5.855807988606452,A,7
7,7,K,F,Round 2 vs R0,-5.7245634553282,A,7
7,7,K,G,Round 2 vs R0,-5.580173545993025,A,7
7,7,K,H,Round 2 vs R0,-5.791677651186736,A,7
7,7,K,I,Round 2 vs R0,-6.541699398178389,A,7
10,10,K,A,Round 2 vs R0,-6.286442342936315,A,10
10,10,K,D,Round 2 vs R0,-5.654174127436802,A,10
10,10,K,E,Round 2 vs R0,-6.332246032549439,A,10
10,10,K,F,Round 2 vs R0,-6.376640151907893,A,10
10,10,K,G,Round 2 vs R0,-5.7245634553282,A,10
10,10,K,H,Round 2 vs R0,-6.190227027677011,A,10
10,10,K,I,Round 2 vs R0,-6.190227027677011,A,10
11,11,L,A,Round 2 vs R0,-6.239136628157958,A,11
11,11,L,D,Round 2 vs R0,-5.502171033991751,A,11
11,11,L,E,Round 2 vs R0,-5.419708873799778,A,11
11,11,L,F,Round 2 vs R0,-5.7245634553282,A,11
11,11,L,G,Round 2 vs R0,-6.7245634553282,A,11
11,11,L,H,Round 2 vs R0,-5.917208533270595,A,11
11,11,L,I,Round 2 vs R0,-6.190227027677011,A,11
11,11,L,K,Round 2 vs R0,-6.032685750690532,A,11
12,12,K,A,Round 2 vs R0,-6.087133534712908,A,12
12,12,K,D,Round 2 vs R0,-6.332246032549439,A,12
12,12,K,E,Round 2 vs R0,-5.139600954607043,A,12
12,12,K,F,Round 2 vs R0,-6.502171033991751,A,12
12,12,K,G,Round 2 vs R0,-6.886834884227077,A,12
12,12,K,H,Round 2 vs R0,-5.419708873799778,A,12
12,12,K,I,Round 2 vs R0,-5.419708873799778,A,12
13,13,E,A,Round 2 vs R0,-4.332246032549439,A,13
13,13,E,D,Round 2 vs R0,-5.332246032549439,A,13
14,14,E,A,Round 2 vs R0,-6.139600954607043,A,14
14,14,E,D,Round 2 vs R0,-6.580173545993025,A,14
15,15,G,A,Round 2 vs R0,-6.580173545993025,A,15
15,15,G,D,Round 2 vs R0,-6.376640151907893,A,15
15,15,G,E,Round 2 vs R0,-6.190227027677011,A,15
15,15,G,F,Round 2 vs R0,-6.461529049494406,A,15
16,16,N,A,Round 2 vs R0,-6.032685750690532,A,16
16,16,N,D,Round 2 vs R0,-6.286442342936315,A,16
16,16,N,E,Round 2 vs R0,-6.239136628157958,A,16
16,16,N,F,Round 2 vs R0,-6.654174127436802,A,16
16,16,N,G,Round 2 vs R0,-6.139600954607043,A,16
16,16,N,H,Round 2 vs R0,-5.419708873799778,A,16
16,16,N,I,Round 2 vs R0,-6.239136628157958,A,16
16,16,N,K,Round 2 vs R0,-5.917208533270595,A,16
16,16,N,L,Round 2 vs R0,-4.502171033991751,A,16
16,16,N,M,Round 2 vs R0,-6.032685750690532,A,16
17,17,T,A,Round 2 vs R0,-6.139600954607043,A,17
17,17,T,D,Round 2 vs R0,-5.654174127436802,A,17
17,17,T,E,Round 2 vs R0,-6.419708873799778,A,17
17,17,T,F,Round 2 vs R0,-5.032685750690532,A,17
17,17,T,G,Round 2 vs R0,-5.791677651186736,A,17
17,17,T,H,Round 2 vs R0,-5.917208533270595,A,17
17,17,T,I,Round 2 vs R0,-6.190227027677011,A,17
17,17,T,K,Round 2 vs R0,-5.855807988606452,A,17
17,17,T,L,Round 2 vs R0,-6.239136628157958,A,17
17,17,T,M,Round 2 vs R0,-6.541699398178389,A,17
17,17,T,N,Round 2 vs R0,-5.032685750690532,A,17
17,17,T,P,Round 2 vs R0,-6.139600954607043,A,17
17,17,T,Q,Round 2 vs R0,-4.332246032549439,A,17
17,17,T,R,Round 2 vs R0,-5.855807988606452,A,17
17,17,T,S,Round 2 vs R0,-5.502171033991751,A,17
18,18,E,A,Round 2 vs R0,-6.461529049494406,A,18
18,18,E,D,Round 2 vs R0,-6.7245634553282,A,18
19,19,E,A,Round 2 vs R0,-6.758510787251537,A,19
19,19,E,D,Round 2 vs R0,-5.332246032549439,A,19
21,21,S,A,Round 2 vs R0,-6.139600954607043,A,21
21,21,S,D,Round 2 vs R0,-5.917208533270595,A,21
21,21,S,E,Round 2 vs R0,-6.190227027677011,A,21
21,21,S,F,Round 2 vs R0,-5.7245634553282,A,21
21,21,S,G,Round 2 vs R0,-5.239136628157958,A,21
21,21,S,H,Round 2 vs R0,-6.190227027677011,A,21
21,21,S,I,Round 2 vs R0,-5.654174127436802,A,21
21,21,S,K,Round 2 vs R0,-6.239136628157958,A,21
21,21,S,L,Round 2 vs R0,-6.332246032549439,A,21
21,21,S,M,Round 2 vs R0,-4.917208533270595,A,21
21,21,S,N,Round 2 vs R0,-6.032685750690532,A,21
21,21,S,P,Round 2 vs R0,-5.654174127436802,A,21
21,21,S,Q,Round 2 vs R0,-6.190227027677011,A,21
21,21,S,R,Round 2 vs R0,-6.087133534712908,A,21
22,22,E,A,Round 2 vs R0,-6.139600954607043,A,22
22,22,E,D,Round 2 vs R0,-5.032685750690532,A,22
23,23,K,A,Round 2 vs R0,-5.7245634553282,A,23
23,23,K,D,Round 2 vs R0,-6.190227027677011,A,23
23,23,K,E,Round 2 vs R0,-5.654174127436802,A,23
23,23,K,F,Round 2 vs R0,-5.7245634553282,A,23
23,23,K,G,Round 2 vs R0,-6.617648251411688,A,23
23,23,K,H,Round 2 vs R0,-6.654174127436802,A,23
23,23,K,I,Round 2 vs R0,-5.502171033991751,A,23
24,24,L,A,Round 2 vs R0,-5.791677651186736,A,24
24,24,L,D,Round 2 vs R0,-4.791677651186736,A,24
24,24,L,E,Round 2 vs R0,-6.190227027677011,A,24
24,24,L,F,Round 2 vs R0,-4.917208533270595,A,24
24,24,L,G,Round 2 vs R0,-6.946955876664648,A,24
24,24,L,H,Round 2 vs R0,-5.654174127436802,A,24
24,24,L,I,Round 2 vs R0,-6.032685750690532,A,24
24,24,L,K,Round 2 vs R0,-6.190227027677011,A,24
25,25,K,A,Round 2 vs R0,-4.791677651186736,A,25
25,25,K,D,Round 2 vs R0,-6.376640151907893,A,25
25,25,K,E,Round 2 vs R0,-5.855807988606452,A,25
25,25,K,F,Round 2 vs R0,-5.7245634553282,A,25
25,25,K,G,Round 2 vs R0,-5.976102222324164,A,25
25,25,K,H,Round 2 vs R0,-5.7245634553282,A,25
25,25,K,I,Round 2 vs R0,-6.139600954607043,A,25
26,26,E,A,Round 2 vs R0,-5.791677651186736,A,26
26,26,E,D,Round 2 vs R0,-5.032685750690532,A,26
28,28,M,A,Round 2 vs R0,-5.976102222324164,A,28
28,28,M,D,Round 2 vs R0,-5.654174127436802,A,28
28,28,M,E,Round 2 vs R0,-5.976102222324164,A,28
28,28,M,F,Round 2 vs R0,-5.855807988606452,A,28
28,28,M,G,Round 2 vs R0,-5.7245634553282,A,28
28,28,M,H,Round 2 vs R0,-5.976102222324164,A,28
28,28,M,I,Round 2 vs R0,-6.376640151907893,A,28
28,28,M,K,Round 2 vs R0,-5.917208533270595,A,28
28,28,M,L,Round 2 vs R0,-4.791677651186736,A,28
29,29,K,A,Round 2 vs R0,-6.032685750690532,A,29
29,29,K,D,Round 2 vs R0,-6.580173545993025,A,29
29,29,K,E,Round 2 vs R0,-5.976102222324164,A,29
29,29,K,F,Round 2 vs R0,-6.286442342936315,A,29
29,29,K,G,Round 2 vs R0,-5.976102222324164,A,29
29,29,K,H,Round 2 vs R0,-6.190227027677011,A,29
29,29,K,I,Round 2 vs R0,-5.332246032549439,A,29
30,30,K,A,Round 2 vs R0,-5.855807988606452,A,30
30,30,K,D,Round 2 vs R0,-5.580173545993025,A,30
30,30,K,E,Round 2 vs R0,-5.032685750690532,A,30
30,30,K,F,Round 2 vs R0,-6.946955876664648,A,30
30,30,K,G,Round 2 vs R0,-6.032685750690532,A,30
30,30,K,H,Round 2 vs R0,-5.855807988606452,A,30
30,30,K,I,Round 2 vs R0,-6.190227027677011,A,30
31,31,S,A,Round 2 vs R0,-5.654174127436802,A,31
31,31,S,D,Round 2 vs R0,-6.239136628157958,A,31
31,31,S,E,Round 2 vs R0,-4.654174127436802,A,31
31,31,S,F,Round 2 vs R0,-6.087133534712908,A,31
31,31,S,G,Round 2 vs R0,-5.976102222324164,A,31
31,31,S,H,Round 2 vs R0,-6.032685750690532,A,31
31,31,S,I,Round 2 vs R0,-6.190227027677011,A,31
31,31,S,K,Round 2 vs R0,-6.190227027677011,A,31
31,31,S,L,Round 2 vs R0,-6.239136628157958,A,31
31,31,S,M,Round 2 vs R0,-6.087133534712908,A,31
31,31,S,N,Round 2 vs R0,-5.419708873799778,A,31
31,31,S,P,Round 2 vs R0,-5.917208533270595,A,31
31,31,S,Q,Round 2 vs R0,-6.032685750690532,A,31
31,31,S,R,Round 2 vs R0,-5.502171033991751,A,31
32,32,L,A,Round 2 vs R0,-6.087133534712908,A,32
32,32,L,D,Round 2 vs R0,-6.190227027677011,A,32
32,32,L,E,Round 2 vs R0,-5.654174127436802,A,32
32,32,L,F,Round 2 vs R0,-5.791677651186736,A,32
32,32,L,G,Round 2 vs R0,-6.502171033991751,A,32
32,32,L,H,Round 2 vs R0,-5.917208533270595,A,32
32,32,L,I,Round 2 vs R0,-7.060166487112639,A,32
32,32,L,K,Round 2 vs R0,-6.087133534712908,A,32
33,33,E,A,Round 2 vs R0,-6.758510787251537,A,33
33,33,E,D,Round 2 vs R0,-5.976102222324164,A,33
34,34,E,A,Round 2 vs R0,-6.461529049494406,A,34
34,34,E,D,Round 2 vs R0,-6.190227027677011,A,34
35,35,G,A,Round 2 vs R0,-6.419708873799778,A,35
35,35,G,C,Round 2 vs R0,-2.332246032549439,A,35
35,35,G,D,Round 2 vs R0,-6.376640151907893,A,35
35,35,G,E,Round 2 vs R0,-5.654174127436802,A,35
35,35,G,F,Round 2 vs R0,-6.087133534712908,A,35
36,36,D,A,Round 2 vs R0,-5.855807988606452,A,36
36,36,D,C,Round 2 vs R0,-1.332246032549439,A,36
37,37,Y,A,Round 2 vs R0,-6.190227027677011,A,37
37,37,Y,D,Round 2 vs R0,-6.139600954607043,A,37
37,37,Y,E,Round 2 vs R0,-6.087133534712908,A,37
37,37,Y,F,Round 2 vs R0,-6.461529049494406,A,37
37,37,Y,G,Round 2 vs R0,-5.502171033991751,A,37
37,37,Y,H,Round 2 vs R0,-6.419708873799778,A,37
37,37,Y,I,Round 2 vs R0,-6.032685750690532,A,37
37,37,Y,K,Round 2 vs R0,-5.791677651186736,A,37
37,37,Y,L,Round 2 vs R0,-5.419708873799778,A,37
37,37,Y,M,Round 2 vs R0,-6.239136628157958,A,37
37,37,Y,N,Round 2 vs R0,-5.139600954607043,A,37
37,37,Y,P,Round 2 vs R0,-5.791677651186736,A,37
37,37,Y,Q,Round 2 vs R0,-6.087133534712908,A,37
37,37,Y,R,Round 2 vs R0,-5.791677651186736,A,37
37,37,Y,S,Round 2 vs R0,-6.032685750690532,A,37
37,37,Y,T,Round 2 vs R0,-6.502171033991751,A,37
37,37,Y,V,Round 2 vs R0,-5.855807988606452,A,37
37,37,Y,W,Round 2 vs R0,-6.689798037167523,A,37
38,38,E,A,Round 2 vs R0,-5.502171033991751,A,38
38,38,E,D,Round 2 vs R0,-5.917208533270595,A,38
39,39,N,A,Round 2 vs R0,-4.917208533270595,A,39
39,39,N,D,Round 2 vs R0,-5.917208533270595,A,39
39,39,N,E,Round 2 vs R0,-5.139600954607043,A,39
39,39,N,F,Round 2 vs R0,-5.032685750690532,A,39
39,39,N,G,Round 2 vs R0,-6.139600954607043,A,39
39,39,N,H,Round 2 vs R0,-6.654174127436802,A,39
39,39,N,I,Round 2 vs R0,-4.139600954607043,A,39
39,39,N,K,Round 2 vs R0,-5.239136628157958,A,39
39,39,N,L,Round 2 vs R0,-6.917208533270595,A,39
39,39,N,M,Round 2 vs R0,-6.502171033991751,A,39
40,40,Y,A,Round 2 vs R0,-5.139600954607043,A,40
40,40,Y,D,Round 2 vs R0,-6.419708873799778,A,40
40,40,Y,E,Round 2 vs R0,-5.7245634553282,A,40
40,40,Y,F,Round 2 vs R0,-5.791677651186736,A,40
40,40,Y,G,Round 2 vs R0,-5.580173545993025,A,40
40,40,Y,H,Round 2 vs R0,-5.139600954607043,A,40
40,40,Y,I,Round 2 vs R0,-5.419708873799778,A,40
40,40,Y,K,Round 2 vs R0,-5.976102222324164,A,40
40,40,Y,L,Round 2 vs R0,-5.976102222324164,A,40
40,40,Y,M,Round 2 vs R0,-6.7245634553282,A,40
40,40,Y,N,Round 2 vs R0,-5.791677651186736,A,40
40,40,Y,P,Round 2 vs R0,-5.654174127436802,A,40
40,40,Y,Q,Round 2 vs R0,-5.580173545993025,A,40
40,40,Y,R,Round 2 vs R0,-5.976102222324164,A,40
40,40,Y,S,Round 2 vs R0,-6.239136628157958,A,40
40,40,Y,T,Round 2 vs R0,-5.855807988606452,A,40
40,40,Y,V,Round 2 vs R0,-6.087133534712908,A,40
40,40,Y,W,Round 2 vs R0,-5.502171033991751,A,40
41,41,T,A,Round 2 vs R0,-6.332246032549439,A,41
41,41,T,C,Round 2 vs R0,-2.332246032549439,A,41
41,41,T,D,Round 2 vs R0,-5.855807988606452,A,41
41,41,T,E,Round 2 vs R0,-5.976102222324164,A,41
41,41,T,F,Round 2 vs R0,-5.7245634553282,A,41
41,41,T,G,Round 2 vs R0,-5.032685750690532,A,41
41,41,T,H,Round 2 vs R0,-6.032685750690532,A,41
41,41,T,I,Round 2 vs R0,-6.419708873799778,A,41
41,41,T,K,Round 2 vs R0,-6.286442342936315,A,41
41,41,T,L,Round 2 vs R0,-6.286442342936315,A,41
41,41,T,M,Round 2 vs R0,-6.617648251411688,A,41
41,41,T,N,Round 2 vs R0,-5.855807988606452,A,41
41,41,T,P,Round 2 vs R0,-5.580173545993025,A,41
41,41,T,Q,Round 2 vs R0,-5.419708873799778,A,41
41,41,T,R,Round 2 vs R0,-6.376640151907893,A,41
41,41,T,S,Round 2 vs R0,-6.190227027677011,A,41
42,42,R,A,Round 2 vs R0,-3.332246032549439,A,42
42,42,R,C,Round 2 vs R0,-0.3322460325494394,A,42
42,42,R,D,Round 2 vs R0,-3.772818623935421,A,42
42,42,R,E,Round 2 vs R0,-7.239136628157958,A,42
42,42,R,F,Round 2 vs R0,7.163932989183025,A,42
42,42,R,G,Round 2 vs R0,0.5257349625781327,A,42
42,42,R,H,Round 2 vs R0,-3.964514248048952,A,42
42,42,R,I,Round 2 vs R0,6.675248503997484,A,42
42,42,R,K,Round 2 vs R0,-5.917208533270595,A,42
42,42,R,L,Round 2 vs R0,7.291722526780615,A,42
42,42,R,M,Round 2 vs R0,6.159607063780236,A,42
42,42,R,N,Round 2 vs R0,-6.917208533270595,A,42
42,42,R,P,Round 2 vs R0,-2.447723249969375,A,42
42,42,R,Q,Round 2 vs R0,-2.747283531828284,A,42
43,43,F,A,Round 2 vs R0,-4.917208533270595,A,43
43,43,F,C,Round 2 vs R0,0.2527164681717165,A,43
43,43,F,D,Round 2 vs R0,-5.855807988606452,A,43
43,43,F,E,Round 2 vs R0,-5.917208533270595,A,43
44,44,L,A,Round 2 vs R0,-4.917208533270595,A,44
44,44,L,D,Round 2 vs R0,-6.617648251411688,A,44
44,44,L,E,Round 2 vs R0,-6.758510787251537,A,44
44,44,L,F,Round 2 vs R0,-6.376640151907893,A,44
44,44,L,G,Round 2 vs R0,-5.580173545993025,A,44
44,44,L,H,Round 2 vs R0,-5.917208533270595,A,44
44,44,L,I,Round 2 vs R0,-5.976102222324164,A,44
44,44,L,K,Round 2 vs R0,-5.580173545993025,A,44
45,45,I,A,Round 2 vs R0,-4.654174127436802,A,45
45,45,I,D,Round 2 vs R0,-5.580173545993025,A,45
45,45,I,E,Round 2 vs R0,-6.824099128879114,A,45
45,45,I,F,Round 2 vs R0,-3.654174127436802,A,45
45,45,I,G,Round 2 vs R0,-6.502171033991751,A,45
45,45,I,H,Round 2 vs R0,-6.502171033991751,A,45
46,46,L,A,Round 2 vs R0,-5.502171033991751,A,46
46,46,L,D,Round 2 vs R0,-6.087133534712908,A,46
46,46,L,E,Round 2 vs R0,-5.791677651186736,A,46
46,46,L,F,Round 2 vs R0,-6.139600954607043,A,46
46,46,L,G,Round 2 vs R0,-6.580173545993025,A,46
46,46,L,H,Round 2 vs R0,-5.419708873799778,A,46
46,46,L,I,Round 2 vs R0,-5.332246032549439,A,46
46,46,L,K,Round 2 vs R0,-5.419708873799778,A,46
47,47,N,A,Round 2 vs R0,-6.239136628157958,A,47
47,47,N,D,Round 2 vs R0,-7.004671374520935,A,47
47,47,N,E,Round 2 vs R0,-6.502171033991751,A,47
47,47,N,F,Round 2 vs R0,-6.190227027677011,A,47
47,47,N,G,Round 2 vs R0,-5.654174127436802,A,47
47,47,N,H,Round 2 vs R0,-4.791677651186736,A,47
47,47,N,I,Round 2 vs R0,-5.654174127436802,A,47
47,47,N,K,Round 2 vs R0,-5.917208533270595,A,47
47,47,N,L,Round 2 vs R0,-5.654174127436802,A,47
47,47,N,M,Round 2 vs R0,-7.139600954607043,A,47
48,48,F,A,Round 2 vs R0,-4.791677651186736,A,48
48,48,F,D,Round 2 vs R0,-5.976102222324164,A,48
48,48,F,E,Round 2 vs R0,-6.139600954607043,A,48
49,49,Q,A,Round 2 vs R0,-6.286442342936315,A,49
49,49,Q,D,Round 2 vs R0,-6.087133534712908,A,49
49,49,Q,E,Round 2 vs R0,-6.139600954607043,A,49
49,49,Q,F,Round 2 vs R0,-6.032685750690532,A,49
49,49,Q,G,Round 2 vs R0,-5.917208533270595,A,49
49,49,Q,H,Round 2 vs R0,-6.580173545993025,A,49
49,49,Q,I,Round 2 vs R0,-5.791677651186736,A,49
49,49,Q,K,Round 2 vs R0,-6.332246032549439,A,49
49,49,Q,L,Round 2 vs R0,-5.976102222324164,A,49
49,49,Q,M,Round 2 vs R0,-5.7245634553282,A,49
49,49,Q,N,Round 2 vs R0,-5.032685750690532,A,49
49,49,Q,P,Round 2 vs R0,-6.419708873799778,A,49
50,50,W,A,Round 2 vs R0,-5.976102222324164,A,50
50,50,W,D,Round 2 vs R0,-5.502171033991751,A,50
50,50,W,E,Round 2 vs R0,-4.654174127436802,A,50
50,50,W,F,Round 2 vs R0,-6.032685750690532,A,50
50,50,W,G,Round 2 vs R0,-6.032685750690532,A,50
50,50,W,H,Round 2 vs R0,-5.139600954607043,A,50
50,50,W,I,Round 2 vs R0,-5.580173545993025,A,50
50,50,W,K,Round 2 vs R0,-6.087133534712908,A,50
50,50,W,L,Round 2 vs R0,-6.419708873799778,A,50
50,50,W,M,Round 2 vs R0,-6.139600954607043,A,50
50,50,W,N,Round 2 vs R0,-6.461529049494406,A,50
50,50,W,P,Round 2 vs R0,-6.461529049494406,A,50
50,50,W,Q,Round 2 vs R0,-5.332246032549439,A,50
50,50,W,R,Round 2 vs R0,-5.502171033991751,A,50
50,50,W,S,Round 2 vs R0,-6.139600954607043,A,50
50,50,W,T,Round 2 vs R0,-5.032685750690532,A,50
50,50,W,V,Round 2 vs R0,-4.654174127436802,A,50
51,51,T,A,Round 2 vs R0,-3.654174127436802,A,51
51,51,T,D,Round 2 vs R0,-6.654174127436802,A,51
51,51,T,E,Round 2 vs R0,-5.239136628157958,A,51
51,51,T,F,Round 2 vs R0,-5.855807988606452,A,51
51,51,T,G,Round 2 vs R0,-5.976102222324164,A,51
51,51,T,H,Round 2 vs R0,-6.190227027677011,A,51
51,51,T,I,Round 2 vs R0,-6.419708873799778,A,51
51,51,T,K,Round 2 vs R0,-5.419708873799778,A,51
51,51,T,L,Round 2 vs R0,-6.332246032549439,A,51
51,51,T,M,Round 2 vs R0,-6.087133534712908,A,51
51,51,T,N,Round 2 vs R0,-5.855807988606452,A,51
51,51,T,P,Round 2 vs R0,-5.917208533270595,A,51
51,51,T,Q,Round 2 vs R0,-6.139600954607043,A,51
51,51,T,R,Round 2 vs R0,-5.139600954607043,A,51
51,51,T,S,Round 2 vs R0,-6.419708873799778,A,51
52,52,G,A,Round 2 vs R0,-5.791677651186736,A,52
52,52,G,C,Round 2 vs R0,-2.332246032549439,A,52
52,52,G,D,Round 2 vs R0,-5.502171033991751,A,52
52,52,G,E,Round 2 vs R0,-4.791677651186736,A,52
52,52,G,F,Round 2 vs R0,-0.5128182781912602,A,52
53,53,S,A,Round 2 vs R0,-5.917208533270595,A,53
53,53,S,D,Round 2 vs R0,-6.376640151907893,A,53
53,53,S,E,Round 2 vs R0,-5.654174127436802,A,53
53,53,S,F,Round 2 vs R0,-6.087133534712908,A,53
53,53,S,G,Round 2 vs R0,-5.239136628157958,A,53
53,53,S,H,Round 2 vs R0,-5.7245634553282,A,53
53,53,S,I,Round 2 vs R0,-5.976102222324164,A,53
53,53,S,K,Round 2 vs R0,-5.139600954607043,A,53
53,53,S,L,Round 2 vs R0,-4.791677651186736,A,53
53,53,S,M,Round 2 vs R0,-5.7245634553282,A,53
53,53,S,N,Round 2 vs R0,-6.7245634553282,A,53
53,53,S,P,Round 2 vs R0,-6.580173545993025,A,53
53,53,S,Q,Round 2 vs R0,-5.139600954607043,A,53
53,53,S,R,Round 2 vs R0,-6.087133534712908,A,53
54,54,S,A,Round 2 vs R0,-6.541699398178389,A,54
54,54,S,D,Round 2 vs R0,-6.032685750690532,A,54
54,54,S,E,Round 2 vs R0,-6.239136628157958,A,54
54,54,S,F,Round 2 vs R0,-5.139600954607043,A,54
54,54,S,G,Round 2 vs R0,-5.917208533270595,A,54
54,54,S,H,Round 2 vs R0,-6.376640151907893,A,54
54,54,S,I,Round 2 vs R0,-6.032685750690532,A,54
54,54,S,K,Round 2 vs R0,-5.855807988606452,A,54
54,54,S,L,Round 2 vs R0,-6.032685750690532,A,54
54,54,S,M,Round 2 vs R0,-5.654174127436802,A,54
54,54,S,N,Round 2 vs R0,-5.502171033991751,A,54
54,54,S,P,Round 2 vs R0,-5.502171033991751,A,54
54,54,S,Q,Round 2 vs R0,-5.654174127436802,A,54
54,54,S,R,Round 2 vs R0,-4.791677651186736,A,54
55,55,E,A,Round 2 vs R0,-5.917208533270595,A,55
55,55,E,D,Round 2 vs R0,-6.087133534712908,A,55
56,56,T,A,Round 2 vs R0,-6.286442342936315,A,56
56,56,T,D,Round 2 vs R0,-5.580173545993025,A,56
56,56,T,E,Round 2 vs R0,-5.791677651186736,A,56
56,56,T,F,Round 2 vs R0,-6.376640151907893,A,56
56,56,T,G,Round 2 vs R0,-5.791677651186736,A,56
56,56,T,H,Round 2 vs R0,-6.580173545993025,A,56
56,56,T,I,Round 2 vs R0,-5.502171033991751,A,56
56,56,T,K,Round 2 vs R0,-5.332246032549439,A,56
56,56,T,L,Round 2 vs R0,-4.917208533270595,A,56
56,56,T,M,Round 2 vs R0,-5.580173545993025,A,56
56,56,T,N,Round 2 vs R0,-6.087133534712908,A,56
56,56,T,P,Round 2 vs R0,-6.087133534712908,A,56
56,56,T,Q,Round 2 vs R0,-5.791677651186736,A,56
56,56,T,R,Round 2 vs R0,-6.139600954607043,A,56
56,56,T,S,Round 2 vs R0,-6.617648251411688,A,56
59,59,E,A,Round 2 vs R0,-6.087133534712908,A,59
59,59,E,D,Round 2 vs R0,-6.032685750690532,A,59
60,60,N,A,Round 2 vs R0,-6.087133534712908,A,60
60,60,N,D,Round 2 vs R0,-5.332246032549439,A,60
60,60,N,E,Round 2 vs R0,-5.7245634553282,A,60
60,60,N,F,Round 2 vs R0,-6.502171033991751,A,60
60,60,N,G,Round 2 vs R0,-6.087133534712908,A,60
60,60,N,H,Round 2 vs R0,-5.419708873799778,A,60
60,60,N,I,Round 2 vs R0,-6.886834884227077,A,60
60,60,N,K,Round 2 vs R0,-5.580173545993025,A,60
60,60,N,L,Round 2 vs R0,-6.087133534712908,A,60
60,60,N,M,Round 2 vs R0,-6.286442342936315,A,60
62,62,K,A,Round 2 vs R0,-6.087133534712908,A,62
62,62,K,D,Round 2 vs R0,-5.239136628157958,A,62
62,62,K,E,Round 2 vs R0,-4.654174127436802,A,62
62,62,K,F,Round 2 vs R0,-5.332246032549439,A,62
62,62,K,G,Round 2 vs R0,-6.139600954607043,A,62
62,62,K,H,Round 2 vs R0,-5.419708873799778,A,62
62,62,K,I,Round 2 vs R0,-5.580173545993025,A,62
63,63,E,A,Round 2 vs R0,-5.580173545993025,A,63
63,63,E,D,Round 2 vs R0,-5.419708873799778,A,63
65,65,E,A,Round 2 vs R0,-5.419708873799778,A,65
65,65,E,D,Round 2 vs R0,-6.286442342936315,A,65
65,65,E,F,Round 2 vs R0,-5.855807988606452,A,65
65,65,E,G,Round 2 vs R0,-5.917208533270595,A,65
65,65,E,H,Round 2 vs R0,-5.7245634553282,A,65
65,65,E,I,Round 2 vs R0,-5.419708873799778,A,65
65,65,E,K,Round 2 vs R0,-4.917208533270595,A,65
65,65,E,L,Round 2 vs R0,-6.087133534712908,A,65
65,65,E,M,Round 2 vs R0,-6.654174127436802,A,65
65,65,E,N,Round 2 vs R0,-6.139600954607043,A,65
65,65,E,P,Round 2 vs R0,-6.419708873799778,A,65
65,65,E,Q,Round 2 vs R0,-5.239136628157958,A,65
65,65,E,R,Round 2 vs R0,-5.580173545993025,A,65
65,65,E,S,Round 2 vs R0,-6.580173545993025,A,65
65,65,E,T,Round 2 vs R0,-6.376640151907893,A,65
65,65,E,V,Round 2 vs R0,-5.502171033991751,A,65
65,65,E,W,Round 2 vs R0,-6.419708873799778,A,65
65,65,E,Y,Round 2 vs R0,-5.419708873799778,A,65
64,64,A,D,Round 2 vs R0,-5.7245634553282,A,64
64,64,A,E,Round 2 vs R0,-5.7245634553282,A,64
64,64,A,F,Round 2 vs R0,-6.376640151907893,A,64
64,64,A,G,Round 2 vs R0,-6.376640151907893,A,64
64,64,A,H,Round 2 vs R0,-4.917208533270595,A,64
64,64,A,I,Round 2 vs R0,-6.946955876664648,A,64
64,64,A,K,Round 2 vs R0,-5.502171033991751,A,64
64,64,A,L,Round 2 vs R0,-5.976102222324164,A,64
64,64,A,M,Round 2 vs R0,-5.502171033991751,A,64
64,64,A,N,Round 2 vs R0,-4.917208533270595,A,64
64,64,A,P,Round 2 vs R0,-5.502171033991751,A,64
64,64,A,Q,Round 2 vs R0,-6.376640151907893,A,64
64,64,A,R,Round 2 vs R0,-5.580173545993025,A,64
64,64,A,S,Round 2 vs R0,-5.032685750690532,A,64
64,64,A,T,Round 2 vs R0,-6.689798037167523,A,64
64,64,A,V,Round 2 vs R0,-5.917208533270595,A,64
64,64,A,W,Round 2 vs R0,-6.139600954607043,A,64
64,64,A,Y,Round 2 vs R0,-5.654174127436802,A,64
63,63,E,F,Round 2 vs R0,-5.580173545993025,A,63
63,63,E,G,Round 2 vs R0,-4.502171033991751,A,63
63,63,E,H,Round 2 vs R0,-6.758510787251537,A,63
63,63,E,I,Round 2 vs R0,-4.917208533270595,A,63
63,63,E,K,Round 2 vs R0,-5.580173545993025,A,63
63,63,E,L,Round 2 vs R0,-6.419708873799778,A,63
63,63,E,M,Round 2 vs R0,-6.376640151907893,A,63
63,63,E,N,Round 2 vs R0,-6.332246032549439,A,63
63,63,E,P,Round 2 vs R0,-6.689798037167523,A,63
63,63,E,Q,Round 2 vs R0,-5.855807988606452,A,63
63,63,E,R,Round 2 vs R0,-5.239136628157958,A,63
63,63,E,S,Round 2 vs R0,-5.976102222324164,A,63
63,63,E,T,Round 2 vs R0,-5.976102222324164,A,63
63,63,E,V,Round 2 vs R0,-5.7245634553282,A,63
63,63,E,W,Round 2 vs R0,-6.190227027677011,A,63
63,63,E,Y,Round 2 vs R0,-5.917208533270595,A,63
62,62,K,L,Round 2 vs R0,-6.376640151907893,A,62
62,62,K,M,Round 2 vs R0,-5.7245634553282,A,62
62,62,K,N,Round 2 vs R0,-5.239136628157958,A,62
62,62,K,P,Round 2 vs R0,-5.654174127436802,A,62
62,62,K,Q,Round 2 vs R0,-6.689798037167523,A,62
62,62,K,R,Round 2 vs R0,-5.976102222324164,A,62
62,62,K,S,Round 2 vs R0,-6.541699398178389,A,62
62,62,K,T,Round 2 vs R0,-6.502171033991751,A,62
62,62,K,V,Round 2 vs R0,-6.461529049494406,A,62
62,62,K,W,Round 2 vs R0,-6.419708873799778,A,62
62,62,K,Y,Round 2 vs R0,-6.332246032549439,A,62
61,61,A,D,Round 2 vs R0,-6.139600954607043,A,61
61,61,A,E,Round 2 vs R0,-6.461529049494406,A,61
61,61,A,F,Round 2 vs R0,-5.791677651186736,A,61
61,61,A,G,Round 2 vs R0,-5.7245634553282,A,61
61,61,A,H,Round 2 vs R0,-6.286442342936315,A,61
61,61,A,I,Round 2 vs R0,-6.617648251411688,A,61
61,61,A,K,Round 2 vs R0,-5.332246032549439,A,61
61,61,A,L,Round 2 vs R0,-5.791677651186736,A,61
61,61,A,M,Round 2 vs R0,-5.654174127436802,A,61
61,61,A,N,Round 2 vs R0,-6.791677651186736,A,61
61,61,A,P,Round 2 vs R0,-5.419708873799778,A,61
61,61,A,Q,Round 2 vs R0,-5.502171033991751,A,61
61,61,A,R,Round 2 vs R0,-5.917208533270595,A,61
61,61,A,S,Round 2 vs R0,-5.032685750690532,A,61
61,61,A,T,Round 2 vs R0,-6.239136628157958,A,61
61,61,A,V,Round 2 vs R0,-5.791677651186736,A,61
61,61,A,W,Round 2 vs R0,-5.7245634553282,A,61
61,61,A,Y,Round 2 vs R0,-6.376640151907893,A,61
60,60,N,P,Round 2 vs R0,-5.791677651186736,A,60
60,60,N,Q,Round 2 vs R0,-4.791677651186736,A,60
60,60,N,R,Round 2 vs R0,-5.791677651186736,A,60
60,60,N,S,Round 2 vs R0,-4.654174127436802,A,60
60,60,N,T,Round 2 vs R0,-4.502171033991751,A,60
60,60,N,V,Round 2 vs R0,-5.502171033991751,A,60
60,60,N,W,Round 2 vs R0,-5.332246032549439,A,60
60,60,N,Y,Round 2 vs R0,-6.190227027677011,A,60
59,59,E,F,Round 2 vs R0,-5.791677651186736,A,59
59,59,E,G,Round 2 vs R0,-6.461529049494406,A,59
59,59,E,H,Round 2 vs R0,-5.917208533270595,A,59
59,59,E,I,Round 2 vs R0,-6.190227027677011,A,59
59,59,E,K,Round 2 vs R0,-5.7245634553282,A,59
59,59,E,L,Round 2 vs R0,-6.617648251411688,A,59
59,59,E,M,Round 2 vs R0,-5.976102222324164,A,59
59,59,E,N,Round 2 vs R0,-6.580173545993025,A,59
59,59,E,P,Round 2 vs R0,-5.7245634553282,A,59
59,59,E,Q,Round 2 vs R0,-5.7245634553282,A,59
59,59,E,R,Round 2 vs R0,-6.7245634553282,A,59
59,59,E,S,Round 2 vs R0,-5.580173545993025,A,59
59,59,E,T,Round 2 vs R0,-5.502171033991751,A,59
59,59,E,V,Round 2 vs R0,-6.419708873799778,A,59
59,59,E,W,Round 2 vs R0,-4.917208533270595,A,59
59,59,E,Y,Round 2 vs R0,-4.917208533270595,A,59
58,58,A,D,Round 2 vs R0,-6.032685750690532,A,58
58,58,A,E,Round 2 vs R0,-5.332246032549439,A,58
58,58,A,F,Round 2 vs R0,-5.139600954607043,A,58
58,58,A,G,Round 2 vs R0,-6.032685750690532,A,58
58,58,A,H,Round 2 vs R0,-6.376640151907893,A,58
58,58,A,I,Round 2 vs R0,-6.190227027677011,A,58
58,58,A,K,Round 2 vs R0,-4.502171033991751,A,58
58,58,A,L,Round 2 vs R0,-6.376640151907893,A,58
58,58,A,M,Round 2 vs R0,-5.917208533270595,A,58
58,58,A,N,Round 2 vs R0,-6.239136628157958,A,58
58,58,A,P,Round 2 vs R0,-5.7245634553282,A,58
58,58,A,Q,Round 2 vs R0,-4.791677651186736,A,58
58,58,A,R,Round 2 vs R0,-6.239136628157958,A,58
58,58,A,S,Round 2 vs R0,-6.286442342936315,A,58
58,58,A,T,Round 2 vs R0,-5.917208533270595,A,58
58,58,A,V,Round 2 vs R0,-5.791677651186736,A,58
58,58,A,W,Round 2 vs R0,-5.7245634553282,A,58
58,58,A,Y,Round 2 vs R0,-6.824099128879114,A,58
57,57,A,D,Round 2 vs R0,-6.032685750690532,A,57
57,57,A,E,Round 2 vs R0,-4.502171033991751,A,57
57,57,A,F,Round 2 vs R0,-5.855807988606452,A,57
57,57,A,G,Round 2 vs R0,-4.502171033991751,A,57
57,57,A,H,Round 2 vs R0,-6.7245634553282,A,57
57,57,A,I,Round 2 vs R0,-6.139600954607043,A,57
57,57,A,K,Round 2 vs R0,-5.976102222324164,A,57
57,57,A,L,Round 2 vs R0,-5.239136628157958,A,57
57,57,A,M,Round 2 vs R0,-6.654174127436802,A,57
57,57,A,N,Round 2 vs R0,-6.286442342936315,A,57
57,57,A,P,Round 2 vs R0,-5.855807988606452,A,57
57,57,A,Q,Round 2 vs R0,-6.332246032549439,A,57
57,57,A,R,Round 2 vs R0,-5.791677651186736,A,57
57,57,A,S,Round 2 vs R0,-5.139600954607043,A,57
57,57,A,T,Round 2 vs R0,-6.580173545993025,A,57
57,57,A,V,Round 2 vs R0,-6.419708873799778,A,57
57,57,A,W,Round 2 vs R0,-6.541699398178389,A,57
57,57,A,Y,Round 2 vs R0,-6.239136628157958,A,57
56,56,T,V,Round 2 vs R0,-5.239136628157958,A,56
56,56,T,W,Round 2 vs R0,-5.580173545993025,A,56
56,56,T,Y,Round 2 vs R0,-5.976102222324164,A,56
55,55,E,F,Round 2 vs R0,-5.332246032549439,A,55
55,55,E,G,Round 2 vs R0,-5.791677651186736,A,55
55,55,E,H,Round 2 vs R0,-5.791677651186736,A,55
55,55,E,I,Round 2 vs R0,-5.419708873799778,A,55
55,55,E,K,Round 2 vs R0,-6.087133534712908,A,55
55,55,E,L,Round 2 vs R0,-6.376640151907893,A,55
55,55,E,M,Round 2 vs R0,-5.791677651186736,A,55
55,55,E,N,Round 2 vs R0,-5.7245634553282,A,55
55,55,E,P,Round 2 vs R0,-5.917208533270595,A,55
55,55,E,Q,Round 2 vs R0,-6.376640151907893,A,55
55,55,E,R,Round 2 vs R0,-5.654174127436802,A,55
55,55,E,S,Round 2 vs R0,-6.376640151907893,A,55
55,55,E,T,Round 2 vs R0,-6.286442342936315,A,55
55,55,E,V,Round 2 vs R0,-6.087133534712908,A,55
55,55,E,W,Round 2 vs R0,-6.419708873799778,A,55
55,55,E,Y,Round 2 vs R0,-6.332246032549439,A,55
54,54,S,T,Round 2 vs R0,-6.032685750690532,A,54
54,54,S,V,Round 2 vs R0,-5.580173545993025,A,54
54,54,S,W,Round 2 vs R0,-6.824099128879114,A,54
54,54,S,Y,Round 2 vs R0,-5.791677651186736,A,54
53,53,S,T,Round 2 vs R0,-6.087133534712908,A,53
53,53,S,V,Round 2 vs R0,-5.791677651186736,A,53
53,53,S,W,Round 2 vs R0,-5.917208533270595,A,53
53,53,S,Y,Round 2 vs R0,-6.087133534712908,A,53
52,52,G,H,Round 2 vs R0,-6.580173545993025,A,52
52,52,G,I,Round 2 vs R0,-4.502171033991751,A,52
52,52,G,K,Round 2 vs R0,-6.419708873799778,A,52
52,52,G,L,Round 2 vs R0,-6.087133534712908,A,52
52,52,G,M,Round 2 vs R0,-6.087133534712908,A,52
52,52,G,N,Round 2 vs R0,-6.689798037167523,A,52
52,52,G,P,Round 2 vs R0,-6.190227027677011,A,52
52,52,G,Q,Round 2 vs R0,-5.654174127436802,A,52
52,52,G,R,Round 2 vs R0,-5.855807988606452,A,52
52,52,G,S,Round 2 vs R0,-4.791677651186736,A,52
52,52,G,T,Round 2 vs R0,-5.139600954607043,A,52
52,52,G,V,Round 2 vs R0,-6.502171033991751,A,52
52,52,G,W,Round 2 vs R0,6.070959706372057,A,52
52,52,G,Y,Round 2 vs R0,-5.976102222324164,A,52
51,51,T,V,Round 2 vs R0,-6.7245634553282,A,51
51,51,T,W,Round 2 vs R0,-6.376640151907893,A,51
51,51,T,Y,Round 2 vs R0,-5.7245634553282,A,51
50,50,W,Y,Round 2 vs R0,-5.419708873799778,A,50
49,49,Q,R,Round 2 vs R0,-6.239136628157958,A,49
49,49,Q,S,Round 2 vs R0,-5.654174127436802,A,49
49,49,Q,T,Round 2 vs R0,-4.791677651186736,A,49
49,49,Q,V,Round 2 vs R0,-6.190227027677011,A,49
49,49,Q,W,Round 2 vs R0,-1.882443115109919,A,49
49,49,Q,Y,Round 2 vs R0,1.33071898017299,A,49
48,48,F,G,Round 2 vs R0,-5.917208533270595,A,48
48,48,F,H,Round 2 vs R0,-6.824099128879114,A,48
48,48,F,I,Round 2 vs R0,-6.239136628157958,A,48
48,48,F,K,Round 2 vs R0,-5.502171033991751,A,48
48,48,F,L,Round 2 vs R0,-5.239136628157958,A,48
48,48,F,M,Round 2 vs R0,-6.087133534712908,A,48
48,48,F,N,Round 2 vs R0,-5.976102222324164,A,48
48,48,F,P,Round 2 vs R0,-5.917208533270595,A,48
48,48,F,Q,Round 2 vs R0,-5.032685750690532,A,48
48,48,F,R,Round 2 vs R0,-5.855807988606452,A,48
48,48,F,S,Round 2 vs R0,-5.419708873799778,A,48
48,48,F,T,Round 2 vs R0,-6.139600954607043,A,48
48,48,F,V,Round 2 vs R0,-6.541699398178389,A,48
48,48,F,W,Round 2 vs R0,-6.502171033991751,A,48
48,48,F,Y,Round 2 vs R0,-5.855807988606452,A,48
47,47,N,P,Round 2 vs R0,-5.654174127436802,A,47
47,47,N,Q,Round 2 vs R0,-5.917208533270595,A,47
47,47,N,R,Round 2 vs R0,-6.190227027677011,A,47
47,47,N,S,Round 2 vs R0,-6.976102222324164,A,47
47,47,N,T,Round 2 vs R0,-6.032685750690532,A,47
47,47,N,V,Round 2 vs R0,-6.461529049494406,A,47
47,47,N,W,Round 2 vs R0,-5.139600954607043,A,47
47,47,N,Y,Round 2 vs R0,-5.7245634553282,A,47
46,46,L,M,Round 2 vs R0,-6.7245634553282,A,46
46,46,L,N,Round 2 vs R0,-5.502171033991751,A,46
46,46,L,P,Round 2 vs R0,-5.976102222324164,A,46
46,46,L,Q,Round 2 vs R0,-5.654174127436802,A,46
46,46,L,R,Round 2 vs R0,-6.286442342936315,A,46
46,46,L,S,Round 2 vs R0,-6.855807988606452,A,46
46,46,L,T,Round 2 vs R0,-6.239136628157958,A,46
46,46,L,V,Round 2 vs R0,-6.032685750690532,A,46
46,46,L,W,Round 2 vs R0,-6.190227027677011,A,46
46,46,L,Y,Round 2 vs R0,-5.419708873799778,A,46
45,45,I,K,Round 2 vs R0,-6.332246032549439,A,45
45,45,I,L,Round 2 vs R0,-6.032685750690532,A,45
45,45,I,M,Round 2 vs R0,-6.032685750690532,A,45
45,45,I,N,Round 2 vs R0,-6.617648251411688,A,45
45,45,I,P,Round 2 vs R0,-6.190227027677011,A,45
45,45,I,Q,Round 2 vs R0,-6.419708873799778,A,45
45,45,I,R,Round 2 vs R0,-5.855807988606452,A,45
45,45,I,S,Round 2 vs R0,-5.976102222324164,A,45
45,45,I,T,Round 2 vs R0,-5.7245634553282,A,45
45,45,I,V,Round 2 vs R0,-5.7245634553282,A,45
45,45,I,W,Round 2 vs R0,-5.791677651186736,A,45
45,45,I,Y,Round 2 vs R0,-6.617648251411688,A,45
44,44,L,M,Round 2 vs R0,-6.139600954607043,A,44
44,44,L,N,Round 2 vs R0,-5.032685750690532,A,44
44,44,L,P,Round 2 vs R0,-5.032685750690532,A,44
44,44,L,Q,Round 2 vs R0,-6.502171033991751,A,44
44,44,L,R,Round 2 vs R0,-6.239136628157958,A,44
44,44,L,S,Round 2 vs R0,-6.461529049494406,A,44
44,44,L,T,Round 2 vs R0,-6.239136628157958,A,44
44,44,L,V,Round 2 vs R0,-6.376640151907893,A,44
44,44,L,W,Round 2 vs R0,-6.332246032549439,A,44
44,44,L,Y,Round 2 vs R0,-5.032685750690532,A,44
43,43,F,G,Round 2 vs R0,-6.946955876664648,A,43
43,43,F,H,Round 2 vs R0,-6.617648251411688,A,43
43,43,F,I,Round 2 vs R0,-6.419708873799778,A,43
43,43,F,K,Round 2 vs R0,-5.239136628157958,A,43
43,43,F,L,Round 2 vs R0,-5.419708873799778,A,43
43,43,F,M,Round 2 vs R0,-6.087133534712908,A,43
43,43,F,N,Round 2 vs R0,-6.286442342936315,A,43
43,43,F,P,Round 2 vs R0,-5.032685750690532,A,43
43,43,F,Q,Round 2 vs R0,-5.502171033991751,A,43
43,43,F,R,Round 2 vs R0,-5.917208533270595,A,43
43,43,F,S,Round 2 vs R0,-6.541699398178389,A,43
43,43,F,T,Round 2 vs R0,-5.917208533270595,A,43
43,43,F,V,Round 2 vs R0,-6.791677651186736,A,43
43,43,F,W,Round 2 vs R0,-6.286442342936315,A,43
43,43,F,Y,Round 2 vs R0,-6.032685750690532,A,43
42,42,R,S,Round 2 vs R0,-3.069211626715646,A,42
42,42,R,T,Round 2 vs R0,-3.917208533270595,A,42
42,42,R,V,Round 2 vs R0,6.169093585511957,A,42
42,42,R,W,Round 2 vs R0,7.549377804448649,A,42
42,42,R,Y,Round 2 vs R0,6.408199142745256,A,42
41,41,T,V,Round 2 vs R0,-6.286442342936315,A,41
41,41,T,W,Round 2 vs R0,-6.286442342936315,A,41
41,41,T,Y,Round 2 vs R0,-5.855807988606452,A,41
39,39,N,P,Round 2 vs R0,-0.7472835318282832,A,39
39,39,N,Q,Round 2 vs R0,-6.502171033991751,A,39
39,39,N,R,Round 2 vs R0,-6.419708873799778,A,39
39,39,N,S,Round 2 vs R0,-5.791677651186736,A,39
39,39,N,T,Round 2 vs R0,-6.139600954607043,A,39
39,39,N,V,Round 2 vs R0,-5.332246032549439,A,39
39,39,N,W,Round 2 vs R0,-6.032685750690532,A,39
39,39,N,Y,Round 2 vs R0,-5.419708873799778,A,39
38,38,E,F,Round 2 vs R0,-4.917208533270595,A,38
38,38,E,G,Round 2 vs R0,-5.419708873799778,A,38
38,38,E,H,Round 2 vs R0,-5.139600954607043,A,38
38,38,E,I,Round 2 vs R0,-6.239136628157958,A,38
38,38,E,K,Round 2 vs R0,-5.502171033991751,A,38
38,38,E,L,Round 2 vs R0,-5.976102222324164,A,38
38,38,E,M,Round 2 vs R0,-5.239136628157958,A,38
38,38,E,N,Round 2 vs R0,-5.654174127436802,A,38
38,38,E,P,Round 2 vs R0,-5.239136628157958,A,38
38,38,E,Q,Round 2 vs R0,-5.419708873799778,A,38
38,38,E,R,Round 2 vs R0,-6.239136628157958,A,38
38,38,E,S,Round 2 vs R0,-6.580173545993025,A,38
38,38,E,T,Round 2 vs R0,-6.461529049494406,A,38
38,38,E,V,Round 2 vs R0,-6.541699398178389,A,38
38,38,E,W,Round 2 vs R0,-5.580173545993025,A,38
38,38,E,Y,Round 2 vs R0,-6.087133534712908,A,38
36,36,D,E,Round 2 vs R0,-5.032685750690532,A,36
36,36,D,F,Round 2 vs R0,-5.976102222324164,A,36
36,36,D,G,Round 2 vs R0,-6.239136628157958,A,36
36,36,D,H,Round 2 vs R0,-5.502171033991751,A,36
36,36,D,I,Round 2 vs R0,-6.139600954607043,A,36
36,36,D,K,Round 2 vs R0,-6.190227027677011,A,36
36,36,D,L,Round 2 vs R0,-6.190227027677011,A,36
36,36,D,M,Round 2 vs R0,-5.855807988606452,A,36
36,36,D,N,Round 2 vs R0,-5.855807988606452,A,36
36,36,D,P,Round 2 vs R0,-5.7245634553282,A,36
36,36,D,Q,Round 2 vs R0,-6.541699398178389,A,36
36,36,D,R,Round 2 vs R0,-5.976102222324164,A,36
36,36,D,S,Round 2 vs R0,-5.580173545993025,A,36
36,36,D,T,Round 2 vs R0,-6.087133534712908,A,36
36,36,D,V,Round 2 vs R0,-6.419708873799778,A,36
36,36,D,W,Round 2 vs R0,-6.032685750690532,A,36
36,36,D,Y,Round 2 vs R0,1.323105796063115,A,36
35,35,G,H,Round 2 vs R0,-6.461529049494406,A,35
35,35,G,I,Round 2 vs R0,-6.502171033991751,A,35
35,35,G,K,Round 2 vs R0,-5.654174127436802,A,35
35,35,G,L,Round 2 vs R0,-6.087133534712908,A,35
35,35,G,M,Round 2 vs R0,-5.7245634553282,A,35
35,35,G,N,Round 2 vs R0,-5.7245634553282,A,35
35,35,G,P,Round 2 vs R0,-5.791677651186736,A,35
35,35,G,Q,Round 2 vs R0,-6.139600954607043,A,35
35,35,G,R,Round 2 vs R0,-6.190227027677011,A,35
35,35,G,S,Round 2 vs R0,-6.190227027677011,A,35
35,35,G,T,Round 2 vs R0,-6.190227027677011,A,35
35,35,G,V,Round 2 vs R0,-6.190227027677011,A,35
35,35,G,W,Round 2 vs R0,-6.689798037167523,A,35
35,35,G,Y,Round 2 vs R0,-6.461529049494406,A,35
34,34,E,F,Round 2 vs R0,-6.239136628157958,A,34
34,34,E,G,Round 2 vs R0,-5.419708873799778,A,34
34,34,E,H,Round 2 vs R0,-6.087133534712908,A,34
34,34,E,I,Round 2 vs R0,-6.139600954607043,A,34
34,34,E,K,Round 2 vs R0,-5.239136628157958,A,34
34,34,E,L,Round 2 vs R0,-5.239136628157958,A,34
34,34,E,M,Round 2 vs R0,-6.087133534712908,A,34
34,34,E,N,Round 2 vs R0,-6.087133534712908,A,34
34,34,E,P,Round 2 vs R0,-6.087133534712908,A,34
34,34,E,Q,Round 2 vs R0,-4.917208533270595,A,34
34,34,E,R,Round 2 vs R0,-4.502171033991751,A,34
34,34,E,S,Round 2 vs R0,-5.419708873799778,A,34
34,34,E,T,Round 2 vs R0,-6.239136628157958,A,34
34,34,E,V,Round 2 vs R0,-5.791677651186736,A,34
34,34,E,W,Round 2 vs R0,-6.139600954607043,A,34
34,34,E,Y,Round 2 vs R0,-6.376640151907893,A,34
33,33,E,F,Round 2 vs R0,-6.139600954607043,A,33
33,33,E,G,Round 2 vs R0,-6.541699398178389,A,33
33,33,E,H,Round 2 vs R0,-6.7245634553282,A,33
33,33,E,I,Round 2 vs R0,-5.419708873799778,A,33
33,33,E,K,Round 2 vs R0,-5.7245634553282,A,33
33,33,E,L,Round 2 vs R0,-6.032685750690532,A,33
33,33,E,M,Round 2 vs R0,-6.087133534712908,A,33
33,33,E,N,Round 2 vs R0,-6.617648251411688,A,33
33,33,E,P,Round 2 vs R0,-5.855807988606452,A,33
33,33,E,Q,Round 2 vs R0,-6.541699398178389,A,33
33,33,E,R,Round 2 vs R0,-5.791677651186736,A,33
33,33,E,S,Round 2 vs R0,-6.419708873799778,A,33
33,33,E,T,Round 2 vs R0,-5.419708873799778,A,33
33,33,E,V,Round 2 vs R0,-6.190227027677011,A,33
33,33,E,W,Round 2 vs R0,-6.917208533270595,A,33
33,33,E,Y,Round 2 vs R0,-5.7245634553282,A,33
32,32,L,M,Round 2 vs R0,-4.917208533270595,A,32
32,32,L,N,Round 2 vs R0,-5.419708873799778,A,32
32,32,L,P,Round 2 vs R0,-6.419708873799778,A,32
32,32,L,Q,Round 2 vs R0,-6.190227027677011,A,32
32,32,L,R,Round 2 vs R0,-5.855807988606452,A,32
32,32,L,S,Round 2 vs R0,-5.419708873799778,A,32
32,32,L,T,Round 2 vs R0,-6.332246032549439,A,32
32,32,L,V,Round 2 vs R0,-5.7245634553282,A,32
32,32,L,W,Round 2 vs R0,-5.580173545993025,A,32
32,32,L,Y,Round 2 vs R0,-5.917208533270595,A,32
31,31,S,T,Round 2 vs R0,-5.239136628157958,A,31
31,31,S,V,Round 2 vs R0,-4.332246032549439,A,31
31,31,S,W,Round 2 vs R0,-6.190227027677011,A,31
31,31,S,Y,Round 2 vs R0,-6.7245634553282,A,31
30,30,K,L,Round 2 vs R0,-6.376640151907893,A,30
30,30,K,M,Round 2 vs R0,-5.7245634553282,A,30
30,30,K,N,Round 2 vs R0,-6.419708873799778,A,30
30,30,K,P,Round 2 vs R0,-6.461529049494406,A,30
30,30,K,Q,Round 2 vs R0,-5.855807988606452,A,30
30,30,K,R,Round 2 vs R0,-4.654174127436802,A,30
30,30,K,S,Round 2 vs R0,-5.7245634553282,A,30
30,30,K,T,Round 2 vs R0,-6.332246032549439,A,30
30,30,K,V,Round 2 vs R0,-5.654174127436802,A,30
30,30,K,W,Round 2 vs R0,-6.617648251411688,A,30
30,30,K,Y,Round 2 vs R0,-6.087133534712908,A,30
29,29,K,L,Round 2 vs R0,-6.286442342936315,A,29
29,29,K,M,Round 2 vs R0,-5.239136628157958,A,29
29,29,K,N,Round 2 vs R0,-5.419708873799778,A,29
29,29,K,P,Round 2 vs R0,-6.139600954607043,A,29
29,29,K,Q,Round 2 vs R0,-6.689798037167523,A,29
29,29,K,R,Round 2 vs R0,-4.654174127436802,A,29
29,29,K,S,Round 2 vs R0,-5.419708873799778,A,29
29,29,K,T,Round 2 vs R0,-5.917208533270595,A,29
29,29,K,V,Round 2 vs R0,-5.976102222324164,A,29
29,29,K,W,Round 2 vs R0,-5.7245634553282,A,29
29,29,K,Y,Round 2 vs R0,-6.032685750690532,A,29
28,28,M,N,Round 2 vs R0,-5.654174127436802,A,28
28,28,M,P,Round 2 vs R0,-6.239136628157958,A,28
28,28,M,Q,Round 2 vs R0,-5.855807988606452,A,28
28,28,M,R,Round 2 vs R0,-6.032685750690532,A,28
28,28,M,S,Round 2 vs R0,-5.654174127436802,A,28
28,28,M,T,Round 2 vs R0,-4.791677651186736,A,28
28,28,M,V,Round 2 vs R0,-6.376640151907893,A,28
28,28,M,W,Round 2 vs R0,-6.190227027677011,A,28
28,28,M,Y,Round 2 vs R0,-6.541699398178389,A,28
27,27,A,D,Round 2 vs R0,-5.419708873799778,A,27
27,27,A,E,Round 2 vs R0,-5.791677651186736,A,27
27,27,A,F,Round 2 vs R0,-4.791677651186736,A,27
27,27,A,G,Round 2 vs R0,-5.7245634553282,A,27
27,27,A,H,Round 2 vs R0,-6.032685750690532,A,27
27,27,A,I,Round 2 vs R0,-6.541699398178389,A,27
27,27,A,K,Round 2 vs R0,-6.087133534712908,A,27
27,27,A,L,Round 2 vs R0,-5.419708873799778,A,27
27,27,A,M,Round 2 vs R0,-7.190227027677011,A,27
27,27,A,N,Round 2 vs R0,-5.654174127436802,A,27
27,27,A,P,Round 2 vs R0,-5.654174127436802,A,27
27,27,A,Q,Round 2 vs R0,-6.139600954607043,A,27
27,27,A,R,Round 2 vs R0,-5.791677651186736,A,27
27,27,A,S,Round 2 vs R0,-5.419708873799778,A,27
27,27,A,T,Round 2 vs R0,-6.376640151907893,A,27
27,27,A,V,Round 2 vs R0,-4.654174127436802,A,27
27,27,A,W,Round 2 vs R0,-6.139600954607043,A,27
27,27,A,Y,Round 2 vs R0,-6.087133534712908,A,27
26,26,E,F,Round 2 vs R0,-6.032685750690532,A,26
26,26,E,G,Round 2 vs R0,-5.580173545993025,A,26
26,26,E,H,Round 2 vs R0,-6.419708873799778,A,26
26,26,E,I,Round 2 vs R0,-6.239136628157958,A,26
26,26,E,K,Round 2 vs R0,-5.791677651186736,A,26
26,26,E,L,Round 2 vs R0,-5.976102222324164,A,26
26,26,E,M,Round 2 vs R0,-5.419708873799778,A,26
26,26,E,N,Round 2 vs R0,-4.502171033991751,A,26
26,26,E,P,Round 2 vs R0,-6.139600954607043,A,26
26,26,E,Q,Round 2 vs R0,-6.190227027677011,A,26
26,26,E,R,Round 2 vs R0,-5.239136628157958,A,26
26,26,E,S,Round 2 vs R0,-7.060166487112639,A,26
26,26,E,T,Round 2 vs R0,-5.139600954607043,A,26
26,26,E,V,Round 2 vs R0,-5.502171033991751,A,26
26,26,E,W,Round 2 vs R0,-6.239136628157958,A,26
26,26,E,Y,Round 2 vs R0,-6.461529049494406,A,26
25,25,K,L,Round 2 vs R0,-5.7245634553282,A,25
25,25,K,M,Round 2 vs R0,-5.654174127436802,A,25
25,25,K,N,Round 2 vs R0,-5.502171033991751,A,25
25,25,K,P,Round 2 vs R0,-6.376640151907893,A,25
25,25,K,Q,Round 2 vs R0,-5.855807988606452,A,25
25,25,K,R,Round 2 vs R0,-5.332246032549439,A,25
25,25,K,S,Round 2 vs R0,-5.917208533270595,A,25
25,25,K,T,Round 2 vs R0,-6.917208533270595,A,25
25,25,K,V,Round 2 vs R0,-5.139600954607043,A,25
25,25,K,W,Round 2 vs R0,-6.032685750690532,A,25
25,25,K,Y,Round 2 vs R0,-6.139600954607043,A,25
24,24,L,M,Round 2 vs R0,-6.032685750690532,A,24
24,24,L,N,Round 2 vs R0,-6.190227027677011,A,24
24,24,L,P,Round 2 vs R0,-6.332246032549439,A,24
24,24,L,Q,Round 2 vs R0,-5.855807988606452,A,24
24,24,L,R,Round 2 vs R0,-6.286442342936315,A,24
24,24,L,S,Round 2 vs R0,-5.7245634553282,A,24
24,24,L,T,Round 2 vs R0,-6.139600954607043,A,24
24,24,L,V,Round 2 vs R0,-5.332246032549439,A,24
24,24,L,W,Round 2 vs R0,-5.7245634553282,A,24
24,24,L,Y,Round 2 vs R0,-5.791677651186736,A,24
23,23,K,L,Round 2 vs R0,-5.580173545993025,A,23
23,23,K,M,Round 2 vs R0,-5.791677651186736,A,23
23,23,K,N,Round 2 vs R0,-5.419708873799778,A,23
23,23,K,P,Round 2 vs R0,-6.032685750690532,A,23
23,23,K,Q,Round 2 vs R0,-6.580173545993025,A,23
23,23,K,R,Round 2 vs R0,-5.791677651186736,A,23
23,23,K,S,Round 2 vs R0,-5.791677651186736,A,23
23,23,K,T,Round 2 vs R0,-6.286442342936315,A,23
23,23,K,V,Round 2 vs R0,-5.032685750690532,A,23
23,23,K,W,Round 2 vs R0,-5.419708873799778,A,23
23,23,K,Y,Round 2 vs R0,-6.239136628157958,A,23
22,22,E,F,Round 2 vs R0,-5.791677651186736,A,22
22,22,E,G,Round 2 vs R0,-6.376640151907893,A,22
22,22,E,H,Round 2 vs R0,-5.654174127436802,A,22
22,22,E,I,Round 2 vs R0,-6.419708873799778,A,22
22,22,E,K,Round 2 vs R0,-5.917208533270595,A,22
22,22,E,L,Round 2 vs R0,-5.419708873799778,A,22
22,22,E,M,Round 2 vs R0,-5.917208533270595,A,22
22,22,E,N,Round 2 vs R0,-5.580173545993025,A,22
22,22,E,P,Round 2 vs R0,-5.502171033991751,A,22
22,22,E,Q,Round 2 vs R0,-6.239136628157958,A,22
22,22,E,R,Round 2 vs R0,-5.7245634553282,A,22
22,22,E,S,Round 2 vs R0,-5.917208533270595,A,22
22,22,E,T,Round 2 vs R0,-5.654174127436802,A,22
22,22,E,V,Round 2 vs R0,-5.032685750690532,A,22
22,22,E,W,Round 2 vs R0,-5.917208533270595,A,22
22,22,E,Y,Round 2 vs R0,-5.502171033991751,A,22
21,21,S,T,Round 2 vs R0,-5.917208533270595,A,21
21,21,S,V,Round 2 vs R0,-6.332246032549439,A,21
21,21,S,W,Round 2 vs R0,-6.139600954607043,A,21
21,21,S,Y,Round 2 vs R0,-5.580173545993025,A,21
20,20,A,D,Round 2 vs R0,-6.190227027677011,A,20
20,20,A,E,Round 2 vs R0,-5.239136628157958,A,20
20,20,A,F,Round 2 vs R0,-6.332246032549439,A,20
20,20,A,G,Round 2 vs R0,-5.502171033991751,A,20
20,20,A,H,Round 2 vs R0,-5.791677651186736,A,20
20,20,A,I,Round 2 vs R0,-5.502171033991751,A,20
20,20,A,K,Round 2 vs R0,-5.032685750690532,A,20
20,20,A,L,Round 2 vs R0,-5.791677651186736,A,20
20,20,A,M,Round 2 vs R0,-6.139600954607043,A,20
20,20,A,N,Round 2 vs R0,-5.7245634553282,A,20
20,20,A,P,Round 2 vs R0,-6.239136628157958,A,20
20,20,A,Q,Round 2 vs R0,-5.419708873799778,A,20
20,20,A,R,Round 2 vs R0,-5.791677651186736,A,20
20,20,A,S,Round 2 vs R0,-4.917208533270595,A,20
20,20,A,T,Round 2 vs R0,-5.139600954607043,A,20
20,20,A,V,Round 2 vs R0,-6.617648251411688,A,20
20,20,A,W,Round 2 vs R0,-6.7245634553282,A,20
20,20,A,Y,Round 2 vs R0,-5.855807988606452,A,20
19,19,E,F,Round 2 vs R0,-6.791677651186736,A,19
19,19,E,G,Round 2 vs R0,-6.139600954607043,A,19
19,19,E,H,Round 2 vs R0,-5.332246032549439,A,19
19,19,E,I,Round 2 vs R0,-6.190227027677011,A,19
19,19,E,K,Round 2 vs R0,-6.087133534712908,A,19
19,19,E,L,Round 2 vs R0,-5.239136628157958,A,19
19,19,E,M,Round 2 vs R0,-6.654174127436802,A,19
19,19,E,N,Round 2 vs R0,-5.502171033991751,A,19
19,19,E,P,Round 2 vs R0,-6.654174127436802,A,19
19,19,E,Q,Round 2 vs R0,-6.032685750690532,A,19
19,19,E,R,Round 2 vs R0,-5.332246032549439,A,19
19,19,E,S,Round 2 vs R0,-5.791677651186736,A,19
19,19,E,T,Round 2 vs R0,-5.502171033991751,A,19
19,19,E,V,Round 2 vs R0,-6.376640151907893,A,19
19,19,E,W,Round 2 vs R0,-5.239136628157958,A,19
19,19,E,Y,Round 2 vs R0,-6.087133534712908,A,19
18,18,E,F,Round 2 vs R0,-5.502171033991751,A,18
18,18,E,G,Round 2 vs R0,-5.917208533270595,A,18
18,18,E,H,Round 2 vs R0,-5.917208533270595,A,18
18,18,E,I,Round 2 vs R0,-5.791677651186736,A,18
18,18,E,K,Round 2 vs R0,-4.654174127436802,A,18
18,18,E,L,Round 2 vs R0,-5.917208533270595,A,18
18,18,E,M,Round 2 vs R0,-5.976102222324164,A,18
18,18,E,N,Round 2 vs R0,-6.376640151907893,A,18
18,18,E,P,Round 2 vs R0,-6.239136628157958,A,18
18,18,E,Q,Round 2 vs R0,-6.502171033991751,A,18
18,18,E,R,Round 2 vs R0,-6.239136628157958,A,18
18,18,E,S,Round 2 vs R0,-6.791677651186736,A,18
18,18,E,T,Round 2 vs R0,-6.087133534712908,A,18
18,18,E,V,Round 2 vs R0,-6.332246032549439,A,18
18,18,E,W,Round 2 vs R0,-5.791677651186736,A,18
18,18,E,Y,Round 2 vs R0,-5.239136628157958,A,18
17,17,T,V,Round 2 vs R0,-7.087133534712908,A,17
17,17,T,W,Round 2 vs R0,-5.917208533270595,A,17
17,17,T,Y,Round 2 vs R0,-5.7245634553282,A,17
16,16,N,P,Round 2 vs R0,-5.791677651186736,A,16
16,16,N,Q,Round 2 vs R0,-5.580173545993025,A,16
16,16,N,R,Round 2 vs R0,-5.7245634553282,A,16
16,16,N,S,Round 2 vs R0,-6.087133534712908,A,16
16,16,N,T,Round 2 vs R0,-6.376640151907893,A,16
16,16,N,V,Round 2 vs R0,-5.502171033991751,A,16
16,16,N,W,Round 2 vs R0,-5.654174127436802,A,16
16,16,N,Y,Round 2 vs R0,-5.502171033991751,A,16
15,15,G,H,Round 2 vs R0,-6.580173545993025,A,15
15,15,G,I,Round 2 vs R0,-5.654174127436802,A,15
15,15,G,K,Round 2 vs R0,-6.286442342936315,A,15
15,15,G,L,Round 2 vs R0,-5.855807988606452,A,15
15,15,G,M,Round 2 vs R0,-4.917208533270595,A,15
15,15,G,N,Round 2 vs R0,-6.376640151907893,A,15
15,15,G,P,Round 2 vs R0,-5.791677651186736,A,15
15,15,G,Q,Round 2 vs R0,-6.190227027677011,A,15
15,15,G,R,Round 2 vs R0,-6.654174127436802,A,15
15,15,G,S,Round 2 vs R0,-6.617648251411688,A,15
15,15,G,T,Round 2 vs R0,-6.541699398178389,A,15
15,15,G,V,Round 2 vs R0,-5.791677651186736,A,15
15,15,G,W,Round 2 vs R0,-5.7245634553282,A,15
15,15,G,Y,Round 2 vs R0,-5.139600954607043,A,15
14,14,E,F,Round 2 vs R0,-5.654174127436802,A,14
14,14,E,G,Round 2 vs R0,-5.917208533270595,A,14
14,14,E,H,Round 2 vs R0,-6.541699398178389,A,14
14,14,E,I,Round 2 vs R0,-5.139600954607043,A,14
14,14,E,K,Round 2 vs R0,-3.917208533270595,A,14
14,14,E,L,Round 2 vs R0,-5.917208533270595,A,14
14,14,E,M,Round 2 vs R0,-5.791677651186736,A,14
14,14,E,N,Round 2 vs R0,-6.580173545993025,A,14
14,14,E,P,Round 2 vs R0,-4.332246032549439,A,14
14,14,E,Q,Round 2 vs R0,-6.419708873799778,A,14
14,14,E,R,Round 2 vs R0,-6.286442342936315,A,14
14,14,E,S,Round 2 vs R0,-6.087133534712908,A,14
14,14,E,T,Round 2 vs R0,-5.791677651186736,A,14
14,14,E,V,Round 2 vs R0,-6.032685750690532,A,14
14,14,E,W,Round 2 vs R0,-6.286442342936315,A,14
14,14,E,Y,Round 2 vs R0,-7.060166487112639,A,14
13,13,E,F,Round 2 vs R0,-5.976102222324164,A,13
13,13,E,G,Round 2 vs R0,-5.419708873799778,A,13
13,13,E,H,Round 2 vs R0,-4.502171033991751,A,13
13,13,E,I,Round 2 vs R0,-6.286442342936315,A,13
13,13,E,K,Round 2 vs R0,-5.032685750690532,A,13
13,13,E,L,Round 2 vs R0,-6.139600954607043,A,13
13,13,E,M,Round 2 vs R0,-5.7245634553282,A,13
13,13,E,N,Round 2 vs R0,-5.239136628157958,A,13
13,13,E,P,Round 2 vs R0,-6.032685750690532,A,13
13,13,E,Q,Round 2 vs R0,-6.332246032549439,A,13
13,13,E,R,Round 2 vs R0,-6.461529049494406,A,13
13,13,E,S,Round 2 vs R0,-5.917208533270595,A,13
13,13,E,T,Round 2 vs R0,-6.190227027677011,A,13
13,13,E,V,Round 2 vs R0,-5.502171033991751,A,13
13,13,E,W,Round 2 vs R0,-6.032685750690532,A,13
13,13,E,Y,Round 2 vs R0,-4.917208533270595,A,13
12,12,K,L,Round 2 vs R0,-4.917208533270595,A,12
12,12,K,M,Round 2 vs R0,-6.689798037167523,A,12
12,12,K,N,Round 2 vs R0,-6.376640151907893,A,12
12,12,K,P,Round 2 vs R0,-6.376640151907893,A,12
12,12,K,Q,Round 2 vs R0,-6.087133534712908,A,12
12,12,K,R,Round 2 vs R0,-5.032685750690532,A,12
12,12,K,S,Round 2 vs R0,-5.286442342936315,A,12
12,12,K,T,Round 2 vs R0,-6.791677651186736,A,12
12,12,K,V,Round 2 vs R0,-6.654174127436802,A,12
12,12,K,W,Round 2 vs R0,-5.791677651186736,A,12
12,12,K,Y,Round 2 vs R0,-5.976102222324164,A,12
11,11,L,M,Round 2 vs R0,-5.976102222324164,A,11
11,11,L,N,Round 2 vs R0,-5.976102222324164,A,11
11,11,L,P,Round 2 vs R0,-5.239136628157958,A,11
11,11,L,Q,Round 2 vs R0,-5.419708873799778,A,11
11,11,L,R,Round 2 vs R0,-6.791677651186736,A,11
11,11,L,S,Round 2 vs R0,-6.502171033991751,A,11
11,11,L,T,Round 2 vs R0,-5.917208533270595,A,11
11,11,L,V,Round 2 vs R0,-5.332246032549439,A,11
11,11,L,W,Round 2 vs R0,-5.855807988606452,A,11
11,11,L,Y,Round 2 vs R0,-6.087133534712908,A,11
10,10,K,L,Round 2 vs R0,-7.087133534712908,A,10
10,10,K,M,Round 2 vs R0,-6.824099128879114,A,10
10,10,K,N,Round 2 vs R0,-6.032685750690532,A,10
10,10,K,P,Round 2 vs R0,-6.654174127436802,A,10
10,10,K,Q,Round 2 vs R0,-6.190227027677011,A,10
10,10,K,R,Round 2 vs R0,-5.502171033991751,A,10
10,10,K,S,Round 2 vs R0,-6.286442342936315,A,10
10,10,K,T,Round 2 vs R0,-4.917208533270595,A,10
10,10,K,V,Round 2 vs R0,-5.654174127436802,A,10
10,10,K,W,Round 2 vs R0,-6.419708873799778,A,10
10,10,K,Y,Round 2 vs R0,-6.087133534712908,A,10
9,9,A,D,Round 2 vs R0,-6.580173545993025,A,9
9,9,A,E,Round 2 vs R0,-6.139600954607043,A,9
9,9,A,F,Round 2 vs R0,-5.654174127436802,A,9
9,9,A,G,Round 2 vs R0,-5.332246032549439,A,9
9,9,A,H,Round 2 vs R0,-5.7245634553282,A,9
9,9,A,I,Round 2 vs R0,-5.654174127436802,A,9
9,9,A,K,Round 2 vs R0,-5.791677651186736,A,9
9,9,A,L,Round 2 vs R0,-4.917208533270595,A,9
9,9,A,M,Round 2 vs R0,-6.190227027677011,A,9
9,9,A,N,Round 2 vs R0,-5.7245634553282,A,9
9,9,A,P,Round 2 vs R0,-6.502171033991751,A,9
9,9,A,Q,Round 2 vs R0,-5.791677651186736,A,9
9,9,A,R,Round 2 vs R0,-6.502171033991751,A,9
9,9,A,S,Round 2 vs R0,-5.580173545993025,A,9
9,9,A,T,Round 2 vs R0,-6.139600954607043,A,9
9,9,A,V,Round 2 vs R0,-6.190227027677011,A,9
9,9,A,W,Round 2 vs R0,-6.791677651186736,A,9
9,9,A,Y,Round 2 vs R0,-5.855807988606452,A,9
8,8,A,D,Round 2 vs R0,-4.502171033991751,A,8
8,8,A,E,Round 2 vs R0,-5.139600954607043,A,8
8,8,A,F,Round 2 vs R0,-5.239136628157958,A,8
8,8,A,G,Round 2 vs R0,-6.617648251411688,A,8
8,8,A,H,Round 2 vs R0,-6.332246032549439,A,8
8,8,A,I,Round 2 vs R0,-6.239136628157958,A,8
8,8,A,K,Round 2 vs R0,-6.286442342936315,A,8
8,8,A,L,Round 2 vs R0,-5.580173545993025,A,8
8,8,A,M,Round 2 vs R0,-6.332246032549439,A,8
8,8,A,N,Round 2 vs R0,-6.032685750690532,A,8
8,8,A,P,Round 2 vs R0,-5.580173545993025,A,8
8,8,A,Q,Round 2 vs R0,-6.032685750690532,A,8
8,8,A,R,Round 2 vs R0,-5.419708873799778,A,8
8,8,A,S,Round 2 vs R0,-5.580173545993025,A,8
8,8,A,T,Round 2 vs R0,-6.286442342936315,A,8
8,8,A,V,Round 2 vs R0,-6.419708873799778,A,8
8,8,A,W,Round 2 vs R0,-5.332246032549439,A,8
8,8,A,Y,Round 2 vs R0,-6.139600954607043,A,8
7,7,K,L,Round 2 vs R0,-5.976102222324164,A,7
7,7,K,M,Round 2 vs R0,-5.791677651186736,A,7
7,7,K,N,Round 2 vs R0,-5.976102222324164,A,7
7,7,K,P,Round 2 vs R0,-5.791677651186736,A,7
7,7,K,Q,Round 2 vs R0,-5.976102222324164,A,7
7,7,K,R,Round 2 vs R0,-5.332246032549439,A,7
7,7,K,S,Round 2 vs R0,-6.239136628157958,A,7
7,7,K,T,Round 2 vs R0,-5.855807988606452,A,7
7,7,K,V,Round 2 vs R0,-6.758510787251537,A,7
7,7,K,W,Round 2 vs R0,-5.976102222324164,A,7
7,7,K,Y,Round 2 vs R0,-4.7245634553282,A,7
6,6,E,F,Round 2 vs R0,-6.502171033991751,A,6
6,6,E,G,Round 2 vs R0,-5.580173545993025,A,6
6,6,E,H,Round 2 vs R0,-5.654174127436802,A,6
6,6,E,I,Round 2 vs R0,-6.461529049494406,A,6
6,6,E,K,Round 2 vs R0,-6.032685750690532,A,6
6,6,E,L,Round 2 vs R0,-5.855807988606452,A,6
6,6,E,M,Round 2 vs R0,-6.190227027677011,A,6
6,6,E,N,Round 2 vs R0,-5.917208533270595,A,6
6,6,E,P,Round 2 vs R0,-6.239136628157958,A,6
6,6,E,Q,Round 2 vs R0,-5.580173545993025,A,6
6,6,E,R,Round 2 vs R0,-5.7245634553282,A,6
6,6,E,S,Round 2 vs R0,-5.502171033991751,A,6
6,6,E,T,Round 2 vs R0,-6.580173545993025,A,6
6,6,E,V,Round 2 vs R0,-5.139600954607043,A,6
6,6,E,W,Round 2 vs R0,-5.419708873799778,A,6
6,6,E,Y,Round 2 vs R0,-5.791677651186736,A,6
5,5,L,M,Round 2 vs R0,-5.855807988606452,A,5
5,5,L,N,Round 2 vs R0,-5.976102222324164,A,5
5,5,L,P,Round 2 vs R0,-6.580173545993025,A,5
5,5,L,Q,Round 2 vs R0,-5.855807988606452,A,5
5,5,L,R,Round 2 vs R0,-4.654174127436802,A,5
5,5,L,S,Round 2 vs R0,-6.190227027677011,A,5
5,5,L,T,Round 2 vs R0,-5.419708873799778,A,5
5,5,L,V,Round 2 vs R0,-6.917208533270595,A,5
5,5,L,W,Round 2 vs R0,-6.190227027677011,A,5
5,5,L,Y,Round 2 vs R0,-6.239136628157958,A,5
4,4,T,V,Round 2 vs R0,-5.976102222324164,A,4
4,4,T,W,Round 2 vs R0,-5.332246032549439,A,4
4,4,T,Y,Round 2 vs R0,-5.580173545993025,A,4
3,3,E,F,Round 2 vs R0,-5.502171033991751,A,3
3,3,E,G,Round 2 vs R0,-5.502171033991751,A,3
3,3,E,H,Round 2 vs R0,-6.239136628157958,A,3
3,3,E,I,Round 2 vs R0,-5.032685750690532,A,3
3,3,E,K,Round 2 vs R0,-5.654174127436802,A,3
3,3,E,L,Round 2 vs R0,-6.580173545993025,A,3
3,3,E,M,Round 2 vs R0,-6.239136628157958,A,3
3,3,E,N,Round 2 vs R0,-4.654174127436802,A,3
3,3,E,P,Round 2 vs R0,-6.332246032549439,A,3
3,3,E,Q,Round 2 vs R0,-6.541699398178389,A,3
3,3,E,R,Round 2 vs R0,-6.286442342936315,A,3
3,3,E,S,Round 2 vs R0,-6.239136628157958,A,3
3,3,E,T,Round 2 vs R0,-6.032685750690532,A,3
3,3,E,V,Round 2 vs R0,-6.791677651186736,A,3
3,3,E,W,Round 2 vs R0,-5.580173545993025,A,3
3,3,E,Y,Round 2 vs R0,-5.332246032549439,A,3
2,2,E,F,Round 2 vs R0,-6.617648251411688,A,2
2,2,E,G,Round 2 vs R0,-5.580173545993025,A,2
2,2,E,H,Round 2 vs R0,-5.855807988606452,A,2
2,2,E,I,Round 2 vs R0,-5.332246032549439,A,2
2,2,E,K,Round 2 vs R0,-5.917208533270595,A,2
2,2,E,L,Round 2 vs R0,-5.332246032549439,A,2
2,2,E,M,Round 2 vs R0,-6.461529049494406,A,2
2,2,E,N,Round 2 vs R0,-5.032685750690532,A,2
2,2,E,P,Round 2 vs R0,-5.7245634553282,A,2
2,2,E,Q,Round 2 vs R0,-5.976102222324164,A,2
2,2,E,R,Round 2 vs R0,-5.419708873799778,A,2
2,2,E,S,Round 2 vs R0,-6.239136628157958,A,2
2,2,E,T,Round 2 vs R0,-5.7245634553282,A,2
2,2,E,V,Round 2 vs R0,-6.032685750690532,A,2
2,2,E,W,Round 2 vs R0,-5.976102222324164,A,2
2,2,E,Y,Round 2 vs R0,-6.286442342936315,A,2
